image_base,x,y,rgb_tile,label_tile,dtm_tile,positive_fraction,positive_count
64953,0,0,64953_x00000_y00000.png,64953_x00000_y00000.png,64953_x00000_y00000.tif,0.0,0
64953,512,0,64953_x00512_y00000.png,64953_x00512_y00000.png,64953_x00512_y00000.tif,0.0,0
64953,1024,0,64953_x01024_y00000.png,64953_x01024_y00000.png,64953_x01024_y00000.tif,0.0,0
64953,1536,0,64953_x01536_y00000.png,64953_x01536_y00000.png,64953_x01536_y00000.tif,0.0,0
64953,2048,0,64953_x02048_y00000.png,64953_x02048_y00000.png,64953_x02048_y00000.tif,0.0,0
64953,2560,0,64953_x02560_y00000.png,64953_x02560_y00000.png,64953_x02560_y00000.tif,0.0,0
64953,3072,0,64953_x03072_y00000.png,64953_x03072_y00000.png,64953_x03072_y00000.tif,0.0,0
64953,3584,0,64953_x03584_y00000.png,64953_x03584_y00000.png,64953_x03584_y00000.tif,0.0,0
64953,4096,0,64953_x04096_y00000.png,64953_x04096_y00000.png,64953_x04096_y00000.tif,0.0,0
64953,0,512,64953_x00000_y00512.png,64953_x00000_y00512.png,64953_x00000_y00512.tif,0.0,0
64953,512,512,64953_x00512_y00512.png,64953_x00512_y00512.png,64953_x00512_y00512.tif,0.0,0
64953,1024,512,64953_x01024_y00512.png,64953_x01024_y00512.png,64953_x01024_y00512.tif,0.0,0
64953,1536,512,64953_x01536_y00512.png,64953_x01536_y00512.png,64953_x01536_y00512.tif,0.0,0
64953,2048,512,64953_x02048_y00512.png,64953_x02048_y00512.png,64953_x02048_y00512.tif,0.0,0
64953,2560,512,64953_x02560_y00512.png,64953_x02560_y00512.png,64953_x02560_y00512.tif,0.0,0
64953,3072,512,64953_x03072_y00512.png,64953_x03072_y00512.png,64953_x03072_y00512.tif,0.0,0
64953,3584,512,64953_x03584_y00512.png,64953_x03584_y00512.png,64953_x03584_y00512.tif,0.0,0
64953,4096,512,64953_x04096_y00512.png,64953_x04096_y00512.png,64953_x04096_y00512.tif,0.0,0
64953,0,1024,64953_x00000_y01024.png,64953_x00000_y01024.png,64953_x00000_y01024.tif,0.0,0
64953,512,1024,64953_x00512_y01024.png,64953_x00512_y01024.png,64953_x00512_y01024.tif,0.0,0
64953,1024,1024,64953_x01024_y01024.png,64953_x01024_y01024.png,64953_x01024_y01024.tif,0.0,0
64953,1536,1024,64953_x01536_y01024.png,64953_x01536_y01024.png,64953_x01536_y01024.tif,0.0,0
64953,2048,1024,64953_x02048_y01024.png,64953_x02048_y01024.png,64953_x02048_y01024.tif,0.0,0
64953,2560,1024,64953_x02560_y01024.png,64953_x02560_y01024.png,64953_x02560_y01024.tif,0.0,0
64953,3072,1024,64953_x03072_y01024.png,64953_x03072_y01024.png,64953_x03072_y01024.tif,0.0,0
64953,3584,1024,64953_x03584_y01024.png,64953_x03584_y01024.png,64953_x03584_y01024.tif,0.0,0
64953,4096,1024,64953_x04096_y01024.png,64953_x04096_y01024.png,64953_x04096_y01024.tif,0.0,0
64953,0,1536,64953_x00000_y01536.png,64953_x00000_y01536.png,64953_x00000_y01536.tif,0.0,0
64953,512,1536,64953_x00512_y01536.png,64953_x00512_y01536.png,64953_x00512_y01536.tif,0.0,0
64953,1024,1536,64953_x01024_y01536.png,64953_x01024_y01536.png,64953_x01024_y01536.tif,0.0,0
64953,1536,1536,64953_x01536_y01536.png,64953_x01536_y01536.png,64953_x01536_y01536.tif,0.0,0
64953,2048,1536,64953_x02048_y01536.png,64953_x02048_y01536.png,64953_x02048_y01536.tif,0.0,0
64953,2560,1536,64953_x02560_y01536.png,64953_x02560_y01536.png,64953_x02560_y01536.tif,0.0,0
64953,3072,1536,64953_x03072_y01536.png,64953_x03072_y01536.png,64953_x03072_y01536.tif,0.0,0
64953,3584,1536,64953_x03584_y01536.png,64953_x03584_y01536.png,64953_x03584_y01536.tif,0.0,0
64953,4096,1536,64953_x04096_y01536.png,64953_x04096_y01536.png,64953_x04096_y01536.tif,0.0,0
64953,0,2048,64953_x00000_y02048.png,64953_x00000_y02048.png,64953_x00000_y02048.tif,0.0,0
64953,512,2048,64953_x00512_y02048.png,64953_x00512_y02048.png,64953_x00512_y02048.tif,0.0,0
64953,1024,2048,64953_x01024_y02048.png,64953_x01024_y02048.png,64953_x01024_y02048.tif,0.0,0
64953,1536,2048,64953_x01536_y02048.png,64953_x01536_y02048.png,64953_x01536_y02048.tif,0.0,0
64953,2048,2048,64953_x02048_y02048.png,64953_x02048_y02048.png,64953_x02048_y02048.tif,0.0,0
64953,2560,2048,64953_x02560_y02048.png,64953_x02560_y02048.png,64953_x02560_y02048.tif,0.0,0
64953,3072,2048,64953_x03072_y02048.png,64953_x03072_y02048.png,64953_x03072_y02048.tif,0.0,0
64953,3584,2048,64953_x03584_y02048.png,64953_x03584_y02048.png,64953_x03584_y02048.tif,0.0,0
64953,4096,2048,64953_x04096_y02048.png,64953_x04096_y02048.png,64953_x04096_y02048.tif,0.0,0
64953,0,2560,64953_x00000_y02560.png,64953_x00000_y02560.png,64953_x00000_y02560.tif,0.0,0
64953,512,2560,64953_x00512_y02560.png,64953_x00512_y02560.png,64953_x00512_y02560.tif,0.0,0
64953,1024,2560,64953_x01024_y02560.png,64953_x01024_y02560.png,64953_x01024_y02560.tif,0.0,0
64953,1536,2560,64953_x01536_y02560.png,64953_x01536_y02560.png,64953_x01536_y02560.tif,0.0,0
64953,2048,2560,64953_x02048_y02560.png,64953_x02048_y02560.png,64953_x02048_y02560.tif,0.0,0
64953,2560,2560,64953_x02560_y02560.png,64953_x02560_y02560.png,64953_x02560_y02560.tif,0.0,0
64953,3072,2560,64953_x03072_y02560.png,64953_x03072_y02560.png,64953_x03072_y02560.tif,0.0,0
64953,3584,2560,64953_x03584_y02560.png,64953_x03584_y02560.png,64953_x03584_y02560.tif,0.0,0
64953,4096,2560,64953_x04096_y02560.png,64953_x04096_y02560.png,64953_x04096_y02560.tif,0.0,0
64953,0,3072,64953_x00000_y03072.png,64953_x00000_y03072.png,64953_x00000_y03072.tif,0.0,0
64953,512,3072,64953_x00512_y03072.png,64953_x00512_y03072.png,64953_x00512_y03072.tif,0.0,0
64953,1024,3072,64953_x01024_y03072.png,64953_x01024_y03072.png,64953_x01024_y03072.tif,0.0,0
64953,1536,3072,64953_x01536_y03072.png,64953_x01536_y03072.png,64953_x01536_y03072.tif,0.0,0
64953,2048,3072,64953_x02048_y03072.png,64953_x02048_y03072.png,64953_x02048_y03072.tif,0.0,0
64953,2560,3072,64953_x02560_y03072.png,64953_x02560_y03072.png,64953_x02560_y03072.tif,0.0,0
64953,3072,3072,64953_x03072_y03072.png,64953_x03072_y03072.png,64953_x03072_y03072.tif,0.0,0
64953,3584,3072,64953_x03584_y03072.png,64953_x03584_y03072.png,64953_x03584_y03072.tif,0.0,0
64953,4096,3072,64953_x04096_y03072.png,64953_x04096_y03072.png,64953_x04096_y03072.tif,0.0,0
64953,0,3584,64953_x00000_y03584.png,64953_x00000_y03584.png,64953_x00000_y03584.tif,0.0,0
64953,512,3584,64953_x00512_y03584.png,64953_x00512_y03584.png,64953_x00512_y03584.tif,0.021877288818359375,5735
64953,1024,3584,64953_x01024_y03584.png,64953_x01024_y03584.png,64953_x01024_y03584.tif,0.0139617919921875,3660
64953,1536,3584,64953_x01536_y03584.png,64953_x01536_y03584.png,64953_x01536_y03584.tif,0.0,0
64953,2048,3584,64953_x02048_y03584.png,64953_x02048_y03584.png,64953_x02048_y03584.tif,0.0,0
64953,2560,3584,64953_x02560_y03584.png,64953_x02560_y03584.png,64953_x02560_y03584.tif,0.0,0
64953,3072,3584,64953_x03072_y03584.png,64953_x03072_y03584.png,64953_x03072_y03584.tif,0.0,0
64953,3584,3584,64953_x03584_y03584.png,64953_x03584_y03584.png,64953_x03584_y03584.tif,0.0,0
64953,4096,3584,64953_x04096_y03584.png,64953_x04096_y03584.png,64953_x04096_y03584.tif,0.0,0
64953,0,4096,64953_x00000_y04096.png,64953_x00000_y04096.png,64953_x00000_y04096.tif,0.0,0
64953,512,4096,64953_x00512_y04096.png,64953_x00512_y04096.png,64953_x00512_y04096.tif,0.0,0
64953,1024,4096,64953_x01024_y04096.png,64953_x01024_y04096.png,64953_x01024_y04096.tif,0.0,0
64953,1536,4096,64953_x01536_y04096.png,64953_x01536_y04096.png,64953_x01536_y04096.tif,0.0,0
64953,2048,4096,64953_x02048_y04096.png,64953_x02048_y04096.png,64953_x02048_y04096.tif,0.0,0
64953,2560,4096,64953_x02560_y04096.png,64953_x02560_y04096.png,64953_x02560_y04096.tif,0.0,0
64953,3072,4096,64953_x03072_y04096.png,64953_x03072_y04096.png,64953_x03072_y04096.tif,0.0,0
64953,3584,4096,64953_x03584_y04096.png,64953_x03584_y04096.png,64953_x03584_y04096.tif,0.0,0
64953,4096,4096,64953_x04096_y04096.png,64953_x04096_y04096.png,64953_x04096_y04096.tif,0.0,0
54311,0,0,54311_x00000_y00000.png,54311_x00000_y00000.png,54311_x00000_y00000.tif,0.0,0
54311,512,0,54311_x00512_y00000.png,54311_x00512_y00000.png,54311_x00512_y00000.tif,0.0,0
54311,1024,0,54311_x01024_y00000.png,54311_x01024_y00000.png,54311_x01024_y00000.tif,0.0,0
54311,1536,0,54311_x01536_y00000.png,54311_x01536_y00000.png,54311_x01536_y00000.tif,0.0,0
54311,2048,0,54311_x02048_y00000.png,54311_x02048_y00000.png,54311_x02048_y00000.tif,0.0,0
54311,2560,0,54311_x02560_y00000.png,54311_x02560_y00000.png,54311_x02560_y00000.tif,0.0,0
54311,3072,0,54311_x03072_y00000.png,54311_x03072_y00000.png,54311_x03072_y00000.tif,0.0,0
54311,3584,0,54311_x03584_y00000.png,54311_x03584_y00000.png,54311_x03584_y00000.tif,0.0,0
54311,4096,0,54311_x04096_y00000.png,54311_x04096_y00000.png,54311_x04096_y00000.tif,0.0,0
54311,0,512,54311_x00000_y00512.png,54311_x00000_y00512.png,54311_x00000_y00512.tif,0.0,0
54311,512,512,54311_x00512_y00512.png,54311_x00512_y00512.png,54311_x00512_y00512.tif,0.0,0
54311,1024,512,54311_x01024_y00512.png,54311_x01024_y00512.png,54311_x01024_y00512.tif,0.0,0
54311,1536,512,54311_x01536_y00512.png,54311_x01536_y00512.png,54311_x01536_y00512.tif,0.0,0
54311,2048,512,54311_x02048_y00512.png,54311_x02048_y00512.png,54311_x02048_y00512.tif,0.0,0
54311,2560,512,54311_x02560_y00512.png,54311_x02560_y00512.png,54311_x02560_y00512.tif,0.0,0
54311,3072,512,54311_x03072_y00512.png,54311_x03072_y00512.png,54311_x03072_y00512.tif,0.0,0
54311,3584,512,54311_x03584_y00512.png,54311_x03584_y00512.png,54311_x03584_y00512.tif,0.0,0
54311,4096,512,54311_x04096_y00512.png,54311_x04096_y00512.png,54311_x04096_y00512.tif,0.0,0
54311,0,1024,54311_x00000_y01024.png,54311_x00000_y01024.png,54311_x00000_y01024.tif,0.0,0
54311,512,1024,54311_x00512_y01024.png,54311_x00512_y01024.png,54311_x00512_y01024.tif,0.0,0
54311,1024,1024,54311_x01024_y01024.png,54311_x01024_y01024.png,54311_x01024_y01024.tif,0.0,0
54311,1536,1024,54311_x01536_y01024.png,54311_x01536_y01024.png,54311_x01536_y01024.tif,0.0,0
54311,2048,1024,54311_x02048_y01024.png,54311_x02048_y01024.png,54311_x02048_y01024.tif,0.0,0
54311,2560,1024,54311_x02560_y01024.png,54311_x02560_y01024.png,54311_x02560_y01024.tif,0.0,0
54311,3072,1024,54311_x03072_y01024.png,54311_x03072_y01024.png,54311_x03072_y01024.tif,0.0,0
54311,3584,1024,54311_x03584_y01024.png,54311_x03584_y01024.png,54311_x03584_y01024.tif,0.0,0
54311,4096,1024,54311_x04096_y01024.png,54311_x04096_y01024.png,54311_x04096_y01024.tif,0.0,0
54311,0,1536,54311_x00000_y01536.png,54311_x00000_y01536.png,54311_x00000_y01536.tif,0.0,0
54311,512,1536,54311_x00512_y01536.png,54311_x00512_y01536.png,54311_x00512_y01536.tif,0.0,0
54311,1024,1536,54311_x01024_y01536.png,54311_x01024_y01536.png,54311_x01024_y01536.tif,0.0,0
54311,1536,1536,54311_x01536_y01536.png,54311_x01536_y01536.png,54311_x01536_y01536.tif,0.0,0
54311,2048,1536,54311_x02048_y01536.png,54311_x02048_y01536.png,54311_x02048_y01536.tif,0.0,0
54311,2560,1536,54311_x02560_y01536.png,54311_x02560_y01536.png,54311_x02560_y01536.tif,0.0,0
54311,3072,1536,54311_x03072_y01536.png,54311_x03072_y01536.png,54311_x03072_y01536.tif,0.0,0
54311,3584,1536,54311_x03584_y01536.png,54311_x03584_y01536.png,54311_x03584_y01536.tif,0.0,0
54311,4096,1536,54311_x04096_y01536.png,54311_x04096_y01536.png,54311_x04096_y01536.tif,0.0,0
54311,0,2048,54311_x00000_y02048.png,54311_x00000_y02048.png,54311_x00000_y02048.tif,0.0,0
54311,512,2048,54311_x00512_y02048.png,54311_x00512_y02048.png,54311_x00512_y02048.tif,0.0006103515625,160
54311,1024,2048,54311_x01024_y02048.png,54311_x01024_y02048.png,54311_x01024_y02048.tif,0.033611297607421875,8811
54311,1536,2048,54311_x01536_y02048.png,54311_x01536_y02048.png,54311_x01536_y02048.tif,0.0,0
54311,2048,2048,54311_x02048_y02048.png,54311_x02048_y02048.png,54311_x02048_y02048.tif,0.0,0
54311,2560,2048,54311_x02560_y02048.png,54311_x02560_y02048.png,54311_x02560_y02048.tif,0.0,0
54311,3072,2048,54311_x03072_y02048.png,54311_x03072_y02048.png,54311_x03072_y02048.tif,0.0,0
54311,3584,2048,54311_x03584_y02048.png,54311_x03584_y02048.png,54311_x03584_y02048.tif,0.0,0
54311,4096,2048,54311_x04096_y02048.png,54311_x04096_y02048.png,54311_x04096_y02048.tif,0.0,0
54311,0,2560,54311_x00000_y02560.png,54311_x00000_y02560.png,54311_x00000_y02560.tif,0.0,0
54311,512,2560,54311_x00512_y02560.png,54311_x00512_y02560.png,54311_x00512_y02560.tif,0.06400680541992188,16779
54311,1024,2560,54311_x01024_y02560.png,54311_x01024_y02560.png,54311_x01024_y02560.tif,0.4737281799316406,124185
54311,1536,2560,54311_x01536_y02560.png,54311_x01536_y02560.png,54311_x01536_y02560.tif,0.0,0
54311,2048,2560,54311_x02048_y02560.png,54311_x02048_y02560.png,54311_x02048_y02560.tif,0.0,0
54311,2560,2560,54311_x02560_y02560.png,54311_x02560_y02560.png,54311_x02560_y02560.tif,0.0,0
54311,3072,2560,54311_x03072_y02560.png,54311_x03072_y02560.png,54311_x03072_y02560.tif,0.0,0
54311,3584,2560,54311_x03584_y02560.png,54311_x03584_y02560.png,54311_x03584_y02560.tif,0.0,0
54311,4096,2560,54311_x04096_y02560.png,54311_x04096_y02560.png,54311_x04096_y02560.tif,0.0,0
54311,0,3072,54311_x00000_y03072.png,54311_x00000_y03072.png,54311_x00000_y03072.tif,0.0,0
54311,512,3072,54311_x00512_y03072.png,54311_x00512_y03072.png,54311_x00512_y03072.tif,0.0,0
54311,1024,3072,54311_x01024_y03072.png,54311_x01024_y03072.png,54311_x01024_y03072.tif,0.00835418701171875,2190
54311,1536,3072,54311_x01536_y03072.png,54311_x01536_y03072.png,54311_x01536_y03072.tif,0.0,0
54311,2048,3072,54311_x02048_y03072.png,54311_x02048_y03072.png,54311_x02048_y03072.tif,0.0,0
54311,2560,3072,54311_x02560_y03072.png,54311_x02560_y03072.png,54311_x02560_y03072.tif,0.0,0
54311,3072,3072,54311_x03072_y03072.png,54311_x03072_y03072.png,54311_x03072_y03072.tif,0.0,0
54311,3584,3072,54311_x03584_y03072.png,54311_x03584_y03072.png,54311_x03584_y03072.tif,0.0,0
54311,4096,3072,54311_x04096_y03072.png,54311_x04096_y03072.png,54311_x04096_y03072.tif,0.0,0
54311,0,3584,54311_x00000_y03584.png,54311_x00000_y03584.png,54311_x00000_y03584.tif,0.0,0
54311,512,3584,54311_x00512_y03584.png,54311_x00512_y03584.png,54311_x00512_y03584.tif,0.0,0
54311,1024,3584,54311_x01024_y03584.png,54311_x01024_y03584.png,54311_x01024_y03584.tif,0.0,0
54311,1536,3584,54311_x01536_y03584.png,54311_x01536_y03584.png,54311_x01536_y03584.tif,0.0,0
54311,2048,3584,54311_x02048_y03584.png,54311_x02048_y03584.png,54311_x02048_y03584.tif,0.0,0
54311,2560,3584,54311_x02560_y03584.png,54311_x02560_y03584.png,54311_x02560_y03584.tif,0.0,0
54311,3072,3584,54311_x03072_y03584.png,54311_x03072_y03584.png,54311_x03072_y03584.tif,0.0,0
54311,3584,3584,54311_x03584_y03584.png,54311_x03584_y03584.png,54311_x03584_y03584.tif,0.0,0
54311,4096,3584,54311_x04096_y03584.png,54311_x04096_y03584.png,54311_x04096_y03584.tif,0.0,0
54311,0,4096,54311_x00000_y04096.png,54311_x00000_y04096.png,54311_x00000_y04096.tif,0.0,0
54311,512,4096,54311_x00512_y04096.png,54311_x00512_y04096.png,54311_x00512_y04096.tif,0.0,0
54311,1024,4096,54311_x01024_y04096.png,54311_x01024_y04096.png,54311_x01024_y04096.tif,0.0,0
54311,1536,4096,54311_x01536_y04096.png,54311_x01536_y04096.png,54311_x01536_y04096.tif,0.0,0
54311,2048,4096,54311_x02048_y04096.png,54311_x02048_y04096.png,54311_x02048_y04096.tif,0.0,0
54311,2560,4096,54311_x02560_y04096.png,54311_x02560_y04096.png,54311_x02560_y04096.tif,0.0,0
54311,3072,4096,54311_x03072_y04096.png,54311_x03072_y04096.png,54311_x03072_y04096.tif,0.0,0
54311,3584,4096,54311_x03584_y04096.png,54311_x03584_y04096.png,54311_x03584_y04096.tif,0.0,0
54311,4096,4096,54311_x04096_y04096.png,54311_x04096_y04096.png,54311_x04096_y04096.tif,0.0,0
63002,0,0,63002_x00000_y00000.png,63002_x00000_y00000.png,63002_x00000_y00000.tif,0.0,0
63002,512,0,63002_x00512_y00000.png,63002_x00512_y00000.png,63002_x00512_y00000.tif,0.0,0
63002,1024,0,63002_x01024_y00000.png,63002_x01024_y00000.png,63002_x01024_y00000.tif,0.0,0
63002,1536,0,63002_x01536_y00000.png,63002_x01536_y00000.png,63002_x01536_y00000.tif,0.0,0
63002,2048,0,63002_x02048_y00000.png,63002_x02048_y00000.png,63002_x02048_y00000.tif,0.0,0
63002,2560,0,63002_x02560_y00000.png,63002_x02560_y00000.png,63002_x02560_y00000.tif,0.0,0
63002,3072,0,63002_x03072_y00000.png,63002_x03072_y00000.png,63002_x03072_y00000.tif,0.0,0
63002,3584,0,63002_x03584_y00000.png,63002_x03584_y00000.png,63002_x03584_y00000.tif,0.0,0
63002,4096,0,63002_x04096_y00000.png,63002_x04096_y00000.png,63002_x04096_y00000.tif,0.0,0
63002,0,512,63002_x00000_y00512.png,63002_x00000_y00512.png,63002_x00000_y00512.tif,0.0,0
63002,512,512,63002_x00512_y00512.png,63002_x00512_y00512.png,63002_x00512_y00512.tif,0.0,0
63002,1024,512,63002_x01024_y00512.png,63002_x01024_y00512.png,63002_x01024_y00512.tif,0.0,0
63002,1536,512,63002_x01536_y00512.png,63002_x01536_y00512.png,63002_x01536_y00512.tif,0.0,0
63002,2048,512,63002_x02048_y00512.png,63002_x02048_y00512.png,63002_x02048_y00512.tif,0.0,0
63002,2560,512,63002_x02560_y00512.png,63002_x02560_y00512.png,63002_x02560_y00512.tif,0.0,0
63002,3072,512,63002_x03072_y00512.png,63002_x03072_y00512.png,63002_x03072_y00512.tif,0.0,0
63002,3584,512,63002_x03584_y00512.png,63002_x03584_y00512.png,63002_x03584_y00512.tif,0.0,0
63002,4096,512,63002_x04096_y00512.png,63002_x04096_y00512.png,63002_x04096_y00512.tif,0.0,0
63002,0,1024,63002_x00000_y01024.png,63002_x00000_y01024.png,63002_x00000_y01024.tif,0.0,0
63002,512,1024,63002_x00512_y01024.png,63002_x00512_y01024.png,63002_x00512_y01024.tif,0.0,0
63002,1024,1024,63002_x01024_y01024.png,63002_x01024_y01024.png,63002_x01024_y01024.tif,0.0,0
63002,1536,1024,63002_x01536_y01024.png,63002_x01536_y01024.png,63002_x01536_y01024.tif,0.0,0
63002,2048,1024,63002_x02048_y01024.png,63002_x02048_y01024.png,63002_x02048_y01024.tif,0.0,0
63002,2560,1024,63002_x02560_y01024.png,63002_x02560_y01024.png,63002_x02560_y01024.tif,0.0,0
63002,3072,1024,63002_x03072_y01024.png,63002_x03072_y01024.png,63002_x03072_y01024.tif,0.0,0
63002,3584,1024,63002_x03584_y01024.png,63002_x03584_y01024.png,63002_x03584_y01024.tif,0.0,0
63002,4096,1024,63002_x04096_y01024.png,63002_x04096_y01024.png,63002_x04096_y01024.tif,0.0,0
63002,0,1536,63002_x00000_y01536.png,63002_x00000_y01536.png,63002_x00000_y01536.tif,0.0,0
63002,512,1536,63002_x00512_y01536.png,63002_x00512_y01536.png,63002_x00512_y01536.tif,0.0,0
63002,1024,1536,63002_x01024_y01536.png,63002_x01024_y01536.png,63002_x01024_y01536.tif,0.0,0
63002,1536,1536,63002_x01536_y01536.png,63002_x01536_y01536.png,63002_x01536_y01536.tif,0.0,0
63002,2048,1536,63002_x02048_y01536.png,63002_x02048_y01536.png,63002_x02048_y01536.tif,0.0,0
63002,2560,1536,63002_x02560_y01536.png,63002_x02560_y01536.png,63002_x02560_y01536.tif,0.0,0
63002,3072,1536,63002_x03072_y01536.png,63002_x03072_y01536.png,63002_x03072_y01536.tif,0.0,0
63002,3584,1536,63002_x03584_y01536.png,63002_x03584_y01536.png,63002_x03584_y01536.tif,0.0,0
63002,4096,1536,63002_x04096_y01536.png,63002_x04096_y01536.png,63002_x04096_y01536.tif,0.0,0
63002,0,2048,63002_x00000_y02048.png,63002_x00000_y02048.png,63002_x00000_y02048.tif,0.0,0
63002,512,2048,63002_x00512_y02048.png,63002_x00512_y02048.png,63002_x00512_y02048.tif,0.0,0
63002,1024,2048,63002_x01024_y02048.png,63002_x01024_y02048.png,63002_x01024_y02048.tif,0.0,0
63002,1536,2048,63002_x01536_y02048.png,63002_x01536_y02048.png,63002_x01536_y02048.tif,0.0,0
63002,2048,2048,63002_x02048_y02048.png,63002_x02048_y02048.png,63002_x02048_y02048.tif,0.0,0
63002,2560,2048,63002_x02560_y02048.png,63002_x02560_y02048.png,63002_x02560_y02048.tif,0.0,0
63002,3072,2048,63002_x03072_y02048.png,63002_x03072_y02048.png,63002_x03072_y02048.tif,0.0,0
63002,3584,2048,63002_x03584_y02048.png,63002_x03584_y02048.png,63002_x03584_y02048.tif,0.0,0
63002,4096,2048,63002_x04096_y02048.png,63002_x04096_y02048.png,63002_x04096_y02048.tif,0.01085662841796875,2846
63002,0,2560,63002_x00000_y02560.png,63002_x00000_y02560.png,63002_x00000_y02560.tif,0.0,0
63002,512,2560,63002_x00512_y02560.png,63002_x00512_y02560.png,63002_x00512_y02560.tif,0.0,0
63002,1024,2560,63002_x01024_y02560.png,63002_x01024_y02560.png,63002_x01024_y02560.tif,0.0,0
63002,1536,2560,63002_x01536_y02560.png,63002_x01536_y02560.png,63002_x01536_y02560.tif,0.0,0
63002,2048,2560,63002_x02048_y02560.png,63002_x02048_y02560.png,63002_x02048_y02560.tif,0.0,0
63002,2560,2560,63002_x02560_y02560.png,63002_x02560_y02560.png,63002_x02560_y02560.tif,0.0,0
63002,3072,2560,63002_x03072_y02560.png,63002_x03072_y02560.png,63002_x03072_y02560.tif,0.0,0
63002,3584,2560,63002_x03584_y02560.png,63002_x03584_y02560.png,63002_x03584_y02560.tif,0.0,0
63002,4096,2560,63002_x04096_y02560.png,63002_x04096_y02560.png,63002_x04096_y02560.tif,0.02112579345703125,5538
63002,0,3072,63002_x00000_y03072.png,63002_x00000_y03072.png,63002_x00000_y03072.tif,0.0,0
63002,512,3072,63002_x00512_y03072.png,63002_x00512_y03072.png,63002_x00512_y03072.tif,0.0,0
63002,1024,3072,63002_x01024_y03072.png,63002_x01024_y03072.png,63002_x01024_y03072.tif,0.0,0
63002,1536,3072,63002_x01536_y03072.png,63002_x01536_y03072.png,63002_x01536_y03072.tif,0.0,0
63002,2048,3072,63002_x02048_y03072.png,63002_x02048_y03072.png,63002_x02048_y03072.tif,0.0,0
63002,2560,3072,63002_x02560_y03072.png,63002_x02560_y03072.png,63002_x02560_y03072.tif,0.0,0
63002,3072,3072,63002_x03072_y03072.png,63002_x03072_y03072.png,63002_x03072_y03072.tif,0.0,0
63002,3584,3072,63002_x03584_y03072.png,63002_x03584_y03072.png,63002_x03584_y03072.tif,0.0,0
63002,4096,3072,63002_x04096_y03072.png,63002_x04096_y03072.png,63002_x04096_y03072.tif,0.0,0
63002,0,3584,63002_x00000_y03584.png,63002_x00000_y03584.png,63002_x00000_y03584.tif,0.0,0
63002,512,3584,63002_x00512_y03584.png,63002_x00512_y03584.png,63002_x00512_y03584.tif,0.0,0
63002,1024,3584,63002_x01024_y03584.png,63002_x01024_y03584.png,63002_x01024_y03584.tif,0.0,0
63002,1536,3584,63002_x01536_y03584.png,63002_x01536_y03584.png,63002_x01536_y03584.tif,0.0,0
63002,2048,3584,63002_x02048_y03584.png,63002_x02048_y03584.png,63002_x02048_y03584.tif,0.0,0
63002,2560,3584,63002_x02560_y03584.png,63002_x02560_y03584.png,63002_x02560_y03584.tif,0.0,0
63002,3072,3584,63002_x03072_y03584.png,63002_x03072_y03584.png,63002_x03072_y03584.tif,0.0,0
63002,3584,3584,63002_x03584_y03584.png,63002_x03584_y03584.png,63002_x03584_y03584.tif,0.0,0
63002,4096,3584,63002_x04096_y03584.png,63002_x04096_y03584.png,63002_x04096_y03584.tif,0.0,0
63002,0,4096,63002_x00000_y04096.png,63002_x00000_y04096.png,63002_x00000_y04096.tif,0.0,0
63002,512,4096,63002_x00512_y04096.png,63002_x00512_y04096.png,63002_x00512_y04096.tif,0.0,0
63002,1024,4096,63002_x01024_y04096.png,63002_x01024_y04096.png,63002_x01024_y04096.tif,0.0,0
63002,1536,4096,63002_x01536_y04096.png,63002_x01536_y04096.png,63002_x01536_y04096.tif,0.0,0
63002,2048,4096,63002_x02048_y04096.png,63002_x02048_y04096.png,63002_x02048_y04096.tif,0.0,0
63002,2560,4096,63002_x02560_y04096.png,63002_x02560_y04096.png,63002_x02560_y04096.tif,0.0,0
63002,3072,4096,63002_x03072_y04096.png,63002_x03072_y04096.png,63002_x03072_y04096.tif,0.0,0
63002,3584,4096,63002_x03584_y04096.png,63002_x03584_y04096.png,63002_x03584_y04096.tif,0.0,0
63002,4096,4096,63002_x04096_y04096.png,63002_x04096_y04096.png,63002_x04096_y04096.tif,0.0,0
64744,0,0,64744_x00000_y00000.png,64744_x00000_y00000.png,64744_x00000_y00000.tif,0.0,0
64744,512,0,64744_x00512_y00000.png,64744_x00512_y00000.png,64744_x00512_y00000.tif,0.0,0
64744,1024,0,64744_x01024_y00000.png,64744_x01024_y00000.png,64744_x01024_y00000.tif,0.0,0
64744,1536,0,64744_x01536_y00000.png,64744_x01536_y00000.png,64744_x01536_y00000.tif,0.0,0
64744,2048,0,64744_x02048_y00000.png,64744_x02048_y00000.png,64744_x02048_y00000.tif,0.0,0
64744,2560,0,64744_x02560_y00000.png,64744_x02560_y00000.png,64744_x02560_y00000.tif,0.0,0
64744,3072,0,64744_x03072_y00000.png,64744_x03072_y00000.png,64744_x03072_y00000.tif,0.0,0
64744,3584,0,64744_x03584_y00000.png,64744_x03584_y00000.png,64744_x03584_y00000.tif,0.0,0
64744,4096,0,64744_x04096_y00000.png,64744_x04096_y00000.png,64744_x04096_y00000.tif,0.0,0
64744,0,512,64744_x00000_y00512.png,64744_x00000_y00512.png,64744_x00000_y00512.tif,0.0,0
64744,512,512,64744_x00512_y00512.png,64744_x00512_y00512.png,64744_x00512_y00512.tif,0.0,0
64744,1024,512,64744_x01024_y00512.png,64744_x01024_y00512.png,64744_x01024_y00512.tif,0.0,0
64744,1536,512,64744_x01536_y00512.png,64744_x01536_y00512.png,64744_x01536_y00512.tif,0.0,0
64744,2048,512,64744_x02048_y00512.png,64744_x02048_y00512.png,64744_x02048_y00512.tif,0.0,0
64744,2560,512,64744_x02560_y00512.png,64744_x02560_y00512.png,64744_x02560_y00512.tif,0.0,0
64744,3072,512,64744_x03072_y00512.png,64744_x03072_y00512.png,64744_x03072_y00512.tif,0.0,0
64744,3584,512,64744_x03584_y00512.png,64744_x03584_y00512.png,64744_x03584_y00512.tif,0.0,0
64744,4096,512,64744_x04096_y00512.png,64744_x04096_y00512.png,64744_x04096_y00512.tif,0.0,0
64744,0,1024,64744_x00000_y01024.png,64744_x00000_y01024.png,64744_x00000_y01024.tif,0.0,0
64744,512,1024,64744_x00512_y01024.png,64744_x00512_y01024.png,64744_x00512_y01024.tif,0.0,0
64744,1024,1024,64744_x01024_y01024.png,64744_x01024_y01024.png,64744_x01024_y01024.tif,0.0,0
64744,1536,1024,64744_x01536_y01024.png,64744_x01536_y01024.png,64744_x01536_y01024.tif,0.0,0
64744,2048,1024,64744_x02048_y01024.png,64744_x02048_y01024.png,64744_x02048_y01024.tif,0.0,0
64744,2560,1024,64744_x02560_y01024.png,64744_x02560_y01024.png,64744_x02560_y01024.tif,0.0,0
64744,3072,1024,64744_x03072_y01024.png,64744_x03072_y01024.png,64744_x03072_y01024.tif,0.0,0
64744,3584,1024,64744_x03584_y01024.png,64744_x03584_y01024.png,64744_x03584_y01024.tif,0.0,0
64744,4096,1024,64744_x04096_y01024.png,64744_x04096_y01024.png,64744_x04096_y01024.tif,0.0,0
64744,0,1536,64744_x00000_y01536.png,64744_x00000_y01536.png,64744_x00000_y01536.tif,0.0,0
64744,512,1536,64744_x00512_y01536.png,64744_x00512_y01536.png,64744_x00512_y01536.tif,0.0,0
64744,1024,1536,64744_x01024_y01536.png,64744_x01024_y01536.png,64744_x01024_y01536.tif,0.0,0
64744,1536,1536,64744_x01536_y01536.png,64744_x01536_y01536.png,64744_x01536_y01536.tif,0.0,0
64744,2048,1536,64744_x02048_y01536.png,64744_x02048_y01536.png,64744_x02048_y01536.tif,0.0,0
64744,2560,1536,64744_x02560_y01536.png,64744_x02560_y01536.png,64744_x02560_y01536.tif,0.0,0
64744,3072,1536,64744_x03072_y01536.png,64744_x03072_y01536.png,64744_x03072_y01536.tif,0.0,0
64744,3584,1536,64744_x03584_y01536.png,64744_x03584_y01536.png,64744_x03584_y01536.tif,0.0,0
64744,4096,1536,64744_x04096_y01536.png,64744_x04096_y01536.png,64744_x04096_y01536.tif,0.0,0
64744,0,2048,64744_x00000_y02048.png,64744_x00000_y02048.png,64744_x00000_y02048.tif,0.0,0
64744,512,2048,64744_x00512_y02048.png,64744_x00512_y02048.png,64744_x00512_y02048.tif,0.028446197509765625,7457
64744,1024,2048,64744_x01024_y02048.png,64744_x01024_y02048.png,64744_x01024_y02048.tif,0.13415145874023438,35167
64744,1536,2048,64744_x01536_y02048.png,64744_x01536_y02048.png,64744_x01536_y02048.tif,0.0,0
64744,2048,2048,64744_x02048_y02048.png,64744_x02048_y02048.png,64744_x02048_y02048.tif,0.0,0
64744,2560,2048,64744_x02560_y02048.png,64744_x02560_y02048.png,64744_x02560_y02048.tif,0.0,0
64744,3072,2048,64744_x03072_y02048.png,64744_x03072_y02048.png,64744_x03072_y02048.tif,0.0,0
64744,3584,2048,64744_x03584_y02048.png,64744_x03584_y02048.png,64744_x03584_y02048.tif,0.0,0
64744,4096,2048,64744_x04096_y02048.png,64744_x04096_y02048.png,64744_x04096_y02048.tif,0.0,0
64744,0,2560,64744_x00000_y02560.png,64744_x00000_y02560.png,64744_x00000_y02560.tif,0.0,0
64744,512,2560,64744_x00512_y02560.png,64744_x00512_y02560.png,64744_x00512_y02560.tif,0.0,0
64744,1024,2560,64744_x01024_y02560.png,64744_x01024_y02560.png,64744_x01024_y02560.tif,0.0,0
64744,1536,2560,64744_x01536_y02560.png,64744_x01536_y02560.png,64744_x01536_y02560.tif,0.0,0
64744,2048,2560,64744_x02048_y02560.png,64744_x02048_y02560.png,64744_x02048_y02560.tif,0.0,0
64744,2560,2560,64744_x02560_y02560.png,64744_x02560_y02560.png,64744_x02560_y02560.tif,0.0,0
64744,3072,2560,64744_x03072_y02560.png,64744_x03072_y02560.png,64744_x03072_y02560.tif,0.0,0
64744,3584,2560,64744_x03584_y02560.png,64744_x03584_y02560.png,64744_x03584_y02560.tif,0.0,0
64744,4096,2560,64744_x04096_y02560.png,64744_x04096_y02560.png,64744_x04096_y02560.tif,0.0,0
64744,0,3072,64744_x00000_y03072.png,64744_x00000_y03072.png,64744_x00000_y03072.tif,0.0,0
64744,512,3072,64744_x00512_y03072.png,64744_x00512_y03072.png,64744_x00512_y03072.tif,0.0,0
64744,1024,3072,64744_x01024_y03072.png,64744_x01024_y03072.png,64744_x01024_y03072.tif,0.0,0
64744,1536,3072,64744_x01536_y03072.png,64744_x01536_y03072.png,64744_x01536_y03072.tif,0.0,0
64744,2048,3072,64744_x02048_y03072.png,64744_x02048_y03072.png,64744_x02048_y03072.tif,0.0,0
64744,2560,3072,64744_x02560_y03072.png,64744_x02560_y03072.png,64744_x02560_y03072.tif,0.0,0
64744,3072,3072,64744_x03072_y03072.png,64744_x03072_y03072.png,64744_x03072_y03072.tif,0.0,0
64744,3584,3072,64744_x03584_y03072.png,64744_x03584_y03072.png,64744_x03584_y03072.tif,0.0,0
64744,4096,3072,64744_x04096_y03072.png,64744_x04096_y03072.png,64744_x04096_y03072.tif,0.0,0
64744,0,3584,64744_x00000_y03584.png,64744_x00000_y03584.png,64744_x00000_y03584.tif,0.0,0
64744,512,3584,64744_x00512_y03584.png,64744_x00512_y03584.png,64744_x00512_y03584.tif,0.0,0
64744,1024,3584,64744_x01024_y03584.png,64744_x01024_y03584.png,64744_x01024_y03584.tif,0.0,0
64744,1536,3584,64744_x01536_y03584.png,64744_x01536_y03584.png,64744_x01536_y03584.tif,0.0,0
64744,2048,3584,64744_x02048_y03584.png,64744_x02048_y03584.png,64744_x02048_y03584.tif,0.0,0
64744,2560,3584,64744_x02560_y03584.png,64744_x02560_y03584.png,64744_x02560_y03584.tif,0.0,0
64744,3072,3584,64744_x03072_y03584.png,64744_x03072_y03584.png,64744_x03072_y03584.tif,0.0,0
64744,3584,3584,64744_x03584_y03584.png,64744_x03584_y03584.png,64744_x03584_y03584.tif,0.0,0
64744,4096,3584,64744_x04096_y03584.png,64744_x04096_y03584.png,64744_x04096_y03584.tif,0.0,0
64744,0,4096,64744_x00000_y04096.png,64744_x00000_y04096.png,64744_x00000_y04096.tif,0.0,0
64744,512,4096,64744_x00512_y04096.png,64744_x00512_y04096.png,64744_x00512_y04096.tif,0.0,0
64744,1024,4096,64744_x01024_y04096.png,64744_x01024_y04096.png,64744_x01024_y04096.tif,0.0,0
64744,1536,4096,64744_x01536_y04096.png,64744_x01536_y04096.png,64744_x01536_y04096.tif,0.0,0
64744,2048,4096,64744_x02048_y04096.png,64744_x02048_y04096.png,64744_x02048_y04096.tif,0.0,0
64744,2560,4096,64744_x02560_y04096.png,64744_x02560_y04096.png,64744_x02560_y04096.tif,0.0,0
64744,3072,4096,64744_x03072_y04096.png,64744_x03072_y04096.png,64744_x03072_y04096.tif,0.0,0
64744,3584,4096,64744_x03584_y04096.png,64744_x03584_y04096.png,64744_x03584_y04096.tif,0.0,0
64744,4096,4096,64744_x04096_y04096.png,64744_x04096_y04096.png,64744_x04096_y04096.tif,0.0,0
54344,0,0,54344_x00000_y00000.png,54344_x00000_y00000.png,54344_x00000_y00000.tif,0.0,0
54344,512,0,54344_x00512_y00000.png,54344_x00512_y00000.png,54344_x00512_y00000.tif,0.0,0
54344,1024,0,54344_x01024_y00000.png,54344_x01024_y00000.png,54344_x01024_y00000.tif,0.0,0
54344,1536,0,54344_x01536_y00000.png,54344_x01536_y00000.png,54344_x01536_y00000.tif,0.0,0
54344,2048,0,54344_x02048_y00000.png,54344_x02048_y00000.png,54344_x02048_y00000.tif,0.0,0
54344,2560,0,54344_x02560_y00000.png,54344_x02560_y00000.png,54344_x02560_y00000.tif,0.0,0
54344,3072,0,54344_x03072_y00000.png,54344_x03072_y00000.png,54344_x03072_y00000.tif,0.0,0
54344,3584,0,54344_x03584_y00000.png,54344_x03584_y00000.png,54344_x03584_y00000.tif,0.0,0
54344,4096,0,54344_x04096_y00000.png,54344_x04096_y00000.png,54344_x04096_y00000.tif,0.0,0
54344,0,512,54344_x00000_y00512.png,54344_x00000_y00512.png,54344_x00000_y00512.tif,0.0,0
54344,512,512,54344_x00512_y00512.png,54344_x00512_y00512.png,54344_x00512_y00512.tif,0.0,0
54344,1024,512,54344_x01024_y00512.png,54344_x01024_y00512.png,54344_x01024_y00512.tif,0.0,0
54344,1536,512,54344_x01536_y00512.png,54344_x01536_y00512.png,54344_x01536_y00512.tif,0.0,0
54344,2048,512,54344_x02048_y00512.png,54344_x02048_y00512.png,54344_x02048_y00512.tif,0.0,0
54344,2560,512,54344_x02560_y00512.png,54344_x02560_y00512.png,54344_x02560_y00512.tif,0.0,0
54344,3072,512,54344_x03072_y00512.png,54344_x03072_y00512.png,54344_x03072_y00512.tif,0.0,0
54344,3584,512,54344_x03584_y00512.png,54344_x03584_y00512.png,54344_x03584_y00512.tif,0.0,0
54344,4096,512,54344_x04096_y00512.png,54344_x04096_y00512.png,54344_x04096_y00512.tif,0.0,0
54344,0,1024,54344_x00000_y01024.png,54344_x00000_y01024.png,54344_x00000_y01024.tif,0.0,0
54344,512,1024,54344_x00512_y01024.png,54344_x00512_y01024.png,54344_x00512_y01024.tif,0.0,0
54344,1024,1024,54344_x01024_y01024.png,54344_x01024_y01024.png,54344_x01024_y01024.tif,0.0,0
54344,1536,1024,54344_x01536_y01024.png,54344_x01536_y01024.png,54344_x01536_y01024.tif,0.0,0
54344,2048,1024,54344_x02048_y01024.png,54344_x02048_y01024.png,54344_x02048_y01024.tif,0.0,0
54344,2560,1024,54344_x02560_y01024.png,54344_x02560_y01024.png,54344_x02560_y01024.tif,0.0,0
54344,3072,1024,54344_x03072_y01024.png,54344_x03072_y01024.png,54344_x03072_y01024.tif,0.0,0
54344,3584,1024,54344_x03584_y01024.png,54344_x03584_y01024.png,54344_x03584_y01024.tif,0.0,0
54344,4096,1024,54344_x04096_y01024.png,54344_x04096_y01024.png,54344_x04096_y01024.tif,0.0,0
54344,0,1536,54344_x00000_y01536.png,54344_x00000_y01536.png,54344_x00000_y01536.tif,0.0,0
54344,512,1536,54344_x00512_y01536.png,54344_x00512_y01536.png,54344_x00512_y01536.tif,0.0,0
54344,1024,1536,54344_x01024_y01536.png,54344_x01024_y01536.png,54344_x01024_y01536.tif,0.0,0
54344,1536,1536,54344_x01536_y01536.png,54344_x01536_y01536.png,54344_x01536_y01536.tif,0.0,0
54344,2048,1536,54344_x02048_y01536.png,54344_x02048_y01536.png,54344_x02048_y01536.tif,0.0,0
54344,2560,1536,54344_x02560_y01536.png,54344_x02560_y01536.png,54344_x02560_y01536.tif,0.03148651123046875,8254
54344,3072,1536,54344_x03072_y01536.png,54344_x03072_y01536.png,54344_x03072_y01536.tif,0.0,0
54344,3584,1536,54344_x03584_y01536.png,54344_x03584_y01536.png,54344_x03584_y01536.tif,0.0,0
54344,4096,1536,54344_x04096_y01536.png,54344_x04096_y01536.png,54344_x04096_y01536.tif,0.0,0
54344,0,2048,54344_x00000_y02048.png,54344_x00000_y02048.png,54344_x00000_y02048.tif,0.0,0
54344,512,2048,54344_x00512_y02048.png,54344_x00512_y02048.png,54344_x00512_y02048.tif,0.0,0
54344,1024,2048,54344_x01024_y02048.png,54344_x01024_y02048.png,54344_x01024_y02048.tif,0.0,0
54344,1536,2048,54344_x01536_y02048.png,54344_x01536_y02048.png,54344_x01536_y02048.tif,0.0,0
54344,2048,2048,54344_x02048_y02048.png,54344_x02048_y02048.png,54344_x02048_y02048.tif,0.0,0
54344,2560,2048,54344_x02560_y02048.png,54344_x02560_y02048.png,54344_x02560_y02048.tif,0.09293365478515625,24362
54344,3072,2048,54344_x03072_y02048.png,54344_x03072_y02048.png,54344_x03072_y02048.tif,0.0,0
54344,3584,2048,54344_x03584_y02048.png,54344_x03584_y02048.png,54344_x03584_y02048.tif,0.0,0
54344,4096,2048,54344_x04096_y02048.png,54344_x04096_y02048.png,54344_x04096_y02048.tif,0.0,0
54344,0,2560,54344_x00000_y02560.png,54344_x00000_y02560.png,54344_x00000_y02560.tif,0.0,0
54344,512,2560,54344_x00512_y02560.png,54344_x00512_y02560.png,54344_x00512_y02560.tif,0.0,0
54344,1024,2560,54344_x01024_y02560.png,54344_x01024_y02560.png,54344_x01024_y02560.tif,0.0,0
54344,1536,2560,54344_x01536_y02560.png,54344_x01536_y02560.png,54344_x01536_y02560.tif,0.0,0
54344,2048,2560,54344_x02048_y02560.png,54344_x02048_y02560.png,54344_x02048_y02560.tif,0.0,0
54344,2560,2560,54344_x02560_y02560.png,54344_x02560_y02560.png,54344_x02560_y02560.tif,0.0,0
54344,3072,2560,54344_x03072_y02560.png,54344_x03072_y02560.png,54344_x03072_y02560.tif,0.0,0
54344,3584,2560,54344_x03584_y02560.png,54344_x03584_y02560.png,54344_x03584_y02560.tif,0.0,0
54344,4096,2560,54344_x04096_y02560.png,54344_x04096_y02560.png,54344_x04096_y02560.tif,0.0,0
54344,0,3072,54344_x00000_y03072.png,54344_x00000_y03072.png,54344_x00000_y03072.tif,0.0,0
54344,512,3072,54344_x00512_y03072.png,54344_x00512_y03072.png,54344_x00512_y03072.tif,0.0,0
54344,1024,3072,54344_x01024_y03072.png,54344_x01024_y03072.png,54344_x01024_y03072.tif,0.0,0
54344,1536,3072,54344_x01536_y03072.png,54344_x01536_y03072.png,54344_x01536_y03072.tif,0.0,0
54344,2048,3072,54344_x02048_y03072.png,54344_x02048_y03072.png,54344_x02048_y03072.tif,0.0,0
54344,2560,3072,54344_x02560_y03072.png,54344_x02560_y03072.png,54344_x02560_y03072.tif,0.0,0
54344,3072,3072,54344_x03072_y03072.png,54344_x03072_y03072.png,54344_x03072_y03072.tif,0.0,0
54344,3584,3072,54344_x03584_y03072.png,54344_x03584_y03072.png,54344_x03584_y03072.tif,0.0,0
54344,4096,3072,54344_x04096_y03072.png,54344_x04096_y03072.png,54344_x04096_y03072.tif,0.0,0
54344,0,3584,54344_x00000_y03584.png,54344_x00000_y03584.png,54344_x00000_y03584.tif,0.0,0
54344,512,3584,54344_x00512_y03584.png,54344_x00512_y03584.png,54344_x00512_y03584.tif,0.0,0
54344,1024,3584,54344_x01024_y03584.png,54344_x01024_y03584.png,54344_x01024_y03584.tif,0.0,0
54344,1536,3584,54344_x01536_y03584.png,54344_x01536_y03584.png,54344_x01536_y03584.tif,0.0,0
54344,2048,3584,54344_x02048_y03584.png,54344_x02048_y03584.png,54344_x02048_y03584.tif,0.0,0
54344,2560,3584,54344_x02560_y03584.png,54344_x02560_y03584.png,54344_x02560_y03584.tif,0.0,0
54344,3072,3584,54344_x03072_y03584.png,54344_x03072_y03584.png,54344_x03072_y03584.tif,0.0,0
54344,3584,3584,54344_x03584_y03584.png,54344_x03584_y03584.png,54344_x03584_y03584.tif,0.0,0
54344,4096,3584,54344_x04096_y03584.png,54344_x04096_y03584.png,54344_x04096_y03584.tif,0.0,0
54344,0,4096,54344_x00000_y04096.png,54344_x00000_y04096.png,54344_x00000_y04096.tif,0.0,0
54344,512,4096,54344_x00512_y04096.png,54344_x00512_y04096.png,54344_x00512_y04096.tif,0.0,0
54344,1024,4096,54344_x01024_y04096.png,54344_x01024_y04096.png,54344_x01024_y04096.tif,0.0,0
54344,1536,4096,54344_x01536_y04096.png,54344_x01536_y04096.png,54344_x01536_y04096.tif,0.0,0
54344,2048,4096,54344_x02048_y04096.png,54344_x02048_y04096.png,54344_x02048_y04096.tif,0.0,0
54344,2560,4096,54344_x02560_y04096.png,54344_x02560_y04096.png,54344_x02560_y04096.tif,0.0,0
54344,3072,4096,54344_x03072_y04096.png,54344_x03072_y04096.png,54344_x03072_y04096.tif,0.0,0
54344,3584,4096,54344_x03584_y04096.png,54344_x03584_y04096.png,54344_x03584_y04096.tif,0.0,0
54344,4096,4096,54344_x04096_y04096.png,54344_x04096_y04096.png,54344_x04096_y04096.tif,0.0,0
54333,0,0,54333_x00000_y00000.png,54333_x00000_y00000.png,54333_x00000_y00000.tif,0.0,0
54333,512,0,54333_x00512_y00000.png,54333_x00512_y00000.png,54333_x00512_y00000.tif,0.0,0
54333,1024,0,54333_x01024_y00000.png,54333_x01024_y00000.png,54333_x01024_y00000.tif,0.0,0
54333,1536,0,54333_x01536_y00000.png,54333_x01536_y00000.png,54333_x01536_y00000.tif,0.0,0
54333,2048,0,54333_x02048_y00000.png,54333_x02048_y00000.png,54333_x02048_y00000.tif,0.0,0
54333,2560,0,54333_x02560_y00000.png,54333_x02560_y00000.png,54333_x02560_y00000.tif,0.0,0
54333,3072,0,54333_x03072_y00000.png,54333_x03072_y00000.png,54333_x03072_y00000.tif,0.0,0
54333,3584,0,54333_x03584_y00000.png,54333_x03584_y00000.png,54333_x03584_y00000.tif,0.0,0
54333,4096,0,54333_x04096_y00000.png,54333_x04096_y00000.png,54333_x04096_y00000.tif,0.0,0
54333,0,512,54333_x00000_y00512.png,54333_x00000_y00512.png,54333_x00000_y00512.tif,0.0,0
54333,512,512,54333_x00512_y00512.png,54333_x00512_y00512.png,54333_x00512_y00512.tif,0.0,0
54333,1024,512,54333_x01024_y00512.png,54333_x01024_y00512.png,54333_x01024_y00512.tif,0.0,0
54333,1536,512,54333_x01536_y00512.png,54333_x01536_y00512.png,54333_x01536_y00512.tif,0.050899505615234375,13343
54333,2048,512,54333_x02048_y00512.png,54333_x02048_y00512.png,54333_x02048_y00512.tif,0.0,0
54333,2560,512,54333_x02560_y00512.png,54333_x02560_y00512.png,54333_x02560_y00512.tif,0.0,0
54333,3072,512,54333_x03072_y00512.png,54333_x03072_y00512.png,54333_x03072_y00512.tif,0.0,0
54333,3584,512,54333_x03584_y00512.png,54333_x03584_y00512.png,54333_x03584_y00512.tif,0.0,0
54333,4096,512,54333_x04096_y00512.png,54333_x04096_y00512.png,54333_x04096_y00512.tif,0.0,0
54333,0,1024,54333_x00000_y01024.png,54333_x00000_y01024.png,54333_x00000_y01024.tif,0.0,0
54333,512,1024,54333_x00512_y01024.png,54333_x00512_y01024.png,54333_x00512_y01024.tif,0.0,0
54333,1024,1024,54333_x01024_y01024.png,54333_x01024_y01024.png,54333_x01024_y01024.tif,0.0,0
54333,1536,1024,54333_x01536_y01024.png,54333_x01536_y01024.png,54333_x01536_y01024.tif,0.0,0
54333,2048,1024,54333_x02048_y01024.png,54333_x02048_y01024.png,54333_x02048_y01024.tif,0.0,0
54333,2560,1024,54333_x02560_y01024.png,54333_x02560_y01024.png,54333_x02560_y01024.tif,0.0,0
54333,3072,1024,54333_x03072_y01024.png,54333_x03072_y01024.png,54333_x03072_y01024.tif,0.0,0
54333,3584,1024,54333_x03584_y01024.png,54333_x03584_y01024.png,54333_x03584_y01024.tif,0.0,0
54333,4096,1024,54333_x04096_y01024.png,54333_x04096_y01024.png,54333_x04096_y01024.tif,0.0,0
54333,0,1536,54333_x00000_y01536.png,54333_x00000_y01536.png,54333_x00000_y01536.tif,0.0,0
54333,512,1536,54333_x00512_y01536.png,54333_x00512_y01536.png,54333_x00512_y01536.tif,0.0,0
54333,1024,1536,54333_x01024_y01536.png,54333_x01024_y01536.png,54333_x01024_y01536.tif,0.0,0
54333,1536,1536,54333_x01536_y01536.png,54333_x01536_y01536.png,54333_x01536_y01536.tif,0.0,0
54333,2048,1536,54333_x02048_y01536.png,54333_x02048_y01536.png,54333_x02048_y01536.tif,0.0,0
54333,2560,1536,54333_x02560_y01536.png,54333_x02560_y01536.png,54333_x02560_y01536.tif,0.0,0
54333,3072,1536,54333_x03072_y01536.png,54333_x03072_y01536.png,54333_x03072_y01536.tif,0.0,0
54333,3584,1536,54333_x03584_y01536.png,54333_x03584_y01536.png,54333_x03584_y01536.tif,0.0,0
54333,4096,1536,54333_x04096_y01536.png,54333_x04096_y01536.png,54333_x04096_y01536.tif,0.0,0
54333,0,2048,54333_x00000_y02048.png,54333_x00000_y02048.png,54333_x00000_y02048.tif,0.0,0
54333,512,2048,54333_x00512_y02048.png,54333_x00512_y02048.png,54333_x00512_y02048.tif,0.0,0
54333,1024,2048,54333_x01024_y02048.png,54333_x01024_y02048.png,54333_x01024_y02048.tif,0.0,0
54333,1536,2048,54333_x01536_y02048.png,54333_x01536_y02048.png,54333_x01536_y02048.tif,0.0,0
54333,2048,2048,54333_x02048_y02048.png,54333_x02048_y02048.png,54333_x02048_y02048.tif,0.0,0
54333,2560,2048,54333_x02560_y02048.png,54333_x02560_y02048.png,54333_x02560_y02048.tif,0.0,0
54333,3072,2048,54333_x03072_y02048.png,54333_x03072_y02048.png,54333_x03072_y02048.tif,0.0,0
54333,3584,2048,54333_x03584_y02048.png,54333_x03584_y02048.png,54333_x03584_y02048.tif,0.0,0
54333,4096,2048,54333_x04096_y02048.png,54333_x04096_y02048.png,54333_x04096_y02048.tif,0.0,0
54333,0,2560,54333_x00000_y02560.png,54333_x00000_y02560.png,54333_x00000_y02560.tif,0.0,0
54333,512,2560,54333_x00512_y02560.png,54333_x00512_y02560.png,54333_x00512_y02560.tif,0.0,0
54333,1024,2560,54333_x01024_y02560.png,54333_x01024_y02560.png,54333_x01024_y02560.tif,0.0,0
54333,1536,2560,54333_x01536_y02560.png,54333_x01536_y02560.png,54333_x01536_y02560.tif,0.0,0
54333,2048,2560,54333_x02048_y02560.png,54333_x02048_y02560.png,54333_x02048_y02560.tif,0.0,0
54333,2560,2560,54333_x02560_y02560.png,54333_x02560_y02560.png,54333_x02560_y02560.tif,0.0,0
54333,3072,2560,54333_x03072_y02560.png,54333_x03072_y02560.png,54333_x03072_y02560.tif,0.0,0
54333,3584,2560,54333_x03584_y02560.png,54333_x03584_y02560.png,54333_x03584_y02560.tif,0.0,0
54333,4096,2560,54333_x04096_y02560.png,54333_x04096_y02560.png,54333_x04096_y02560.tif,0.0,0
54333,0,3072,54333_x00000_y03072.png,54333_x00000_y03072.png,54333_x00000_y03072.tif,0.0,0
54333,512,3072,54333_x00512_y03072.png,54333_x00512_y03072.png,54333_x00512_y03072.tif,0.0,0
54333,1024,3072,54333_x01024_y03072.png,54333_x01024_y03072.png,54333_x01024_y03072.tif,0.0,0
54333,1536,3072,54333_x01536_y03072.png,54333_x01536_y03072.png,54333_x01536_y03072.tif,0.0,0
54333,2048,3072,54333_x02048_y03072.png,54333_x02048_y03072.png,54333_x02048_y03072.tif,0.0,0
54333,2560,3072,54333_x02560_y03072.png,54333_x02560_y03072.png,54333_x02560_y03072.tif,0.0,0
54333,3072,3072,54333_x03072_y03072.png,54333_x03072_y03072.png,54333_x03072_y03072.tif,0.0,0
54333,3584,3072,54333_x03584_y03072.png,54333_x03584_y03072.png,54333_x03584_y03072.tif,0.0,0
54333,4096,3072,54333_x04096_y03072.png,54333_x04096_y03072.png,54333_x04096_y03072.tif,0.0,0
54333,0,3584,54333_x00000_y03584.png,54333_x00000_y03584.png,54333_x00000_y03584.tif,0.0,0
54333,512,3584,54333_x00512_y03584.png,54333_x00512_y03584.png,54333_x00512_y03584.tif,0.0,0
54333,1024,3584,54333_x01024_y03584.png,54333_x01024_y03584.png,54333_x01024_y03584.tif,0.0,0
54333,1536,3584,54333_x01536_y03584.png,54333_x01536_y03584.png,54333_x01536_y03584.tif,0.0,0
54333,2048,3584,54333_x02048_y03584.png,54333_x02048_y03584.png,54333_x02048_y03584.tif,0.0,0
54333,2560,3584,54333_x02560_y03584.png,54333_x02560_y03584.png,54333_x02560_y03584.tif,0.0,0
54333,3072,3584,54333_x03072_y03584.png,54333_x03072_y03584.png,54333_x03072_y03584.tif,0.0,0
54333,3584,3584,54333_x03584_y03584.png,54333_x03584_y03584.png,54333_x03584_y03584.tif,0.0,0
54333,4096,3584,54333_x04096_y03584.png,54333_x04096_y03584.png,54333_x04096_y03584.tif,0.0,0
54333,0,4096,54333_x00000_y04096.png,54333_x00000_y04096.png,54333_x00000_y04096.tif,0.0,0
54333,512,4096,54333_x00512_y04096.png,54333_x00512_y04096.png,54333_x00512_y04096.tif,0.0,0
54333,1024,4096,54333_x01024_y04096.png,54333_x01024_y04096.png,54333_x01024_y04096.tif,0.0,0
54333,1536,4096,54333_x01536_y04096.png,54333_x01536_y04096.png,54333_x01536_y04096.tif,0.0,0
54333,2048,4096,54333_x02048_y04096.png,54333_x02048_y04096.png,54333_x02048_y04096.tif,0.0,0
54333,2560,4096,54333_x02560_y04096.png,54333_x02560_y04096.png,54333_x02560_y04096.tif,0.0,0
54333,3072,4096,54333_x03072_y04096.png,54333_x03072_y04096.png,54333_x03072_y04096.tif,0.0,0
54333,3584,4096,54333_x03584_y04096.png,54333_x03584_y04096.png,54333_x03584_y04096.tif,0.0,0
54333,4096,4096,54333_x04096_y04096.png,54333_x04096_y04096.png,54333_x04096_y04096.tif,0.0,0
54383,0,0,54383_x00000_y00000.png,54383_x00000_y00000.png,54383_x00000_y00000.tif,0.0,0
54383,512,0,54383_x00512_y00000.png,54383_x00512_y00000.png,54383_x00512_y00000.tif,0.0,0
54383,1024,0,54383_x01024_y00000.png,54383_x01024_y00000.png,54383_x01024_y00000.tif,0.0,0
54383,1536,0,54383_x01536_y00000.png,54383_x01536_y00000.png,54383_x01536_y00000.tif,0.0,0
54383,2048,0,54383_x02048_y00000.png,54383_x02048_y00000.png,54383_x02048_y00000.tif,0.0,0
54383,2560,0,54383_x02560_y00000.png,54383_x02560_y00000.png,54383_x02560_y00000.tif,0.0,0
54383,3072,0,54383_x03072_y00000.png,54383_x03072_y00000.png,54383_x03072_y00000.tif,0.0,0
54383,3584,0,54383_x03584_y00000.png,54383_x03584_y00000.png,54383_x03584_y00000.tif,0.0,0
54383,4096,0,54383_x04096_y00000.png,54383_x04096_y00000.png,54383_x04096_y00000.tif,0.0,0
54383,0,512,54383_x00000_y00512.png,54383_x00000_y00512.png,54383_x00000_y00512.tif,0.0,0
54383,512,512,54383_x00512_y00512.png,54383_x00512_y00512.png,54383_x00512_y00512.tif,0.0,0
54383,1024,512,54383_x01024_y00512.png,54383_x01024_y00512.png,54383_x01024_y00512.tif,0.0,0
54383,1536,512,54383_x01536_y00512.png,54383_x01536_y00512.png,54383_x01536_y00512.tif,0.0,0
54383,2048,512,54383_x02048_y00512.png,54383_x02048_y00512.png,54383_x02048_y00512.tif,0.0,0
54383,2560,512,54383_x02560_y00512.png,54383_x02560_y00512.png,54383_x02560_y00512.tif,0.0,0
54383,3072,512,54383_x03072_y00512.png,54383_x03072_y00512.png,54383_x03072_y00512.tif,0.0,0
54383,3584,512,54383_x03584_y00512.png,54383_x03584_y00512.png,54383_x03584_y00512.tif,0.0,0
54383,4096,512,54383_x04096_y00512.png,54383_x04096_y00512.png,54383_x04096_y00512.tif,0.0,0
54383,0,1024,54383_x00000_y01024.png,54383_x00000_y01024.png,54383_x00000_y01024.tif,0.0,0
54383,512,1024,54383_x00512_y01024.png,54383_x00512_y01024.png,54383_x00512_y01024.tif,0.0,0
54383,1024,1024,54383_x01024_y01024.png,54383_x01024_y01024.png,54383_x01024_y01024.tif,0.0,0
54383,1536,1024,54383_x01536_y01024.png,54383_x01536_y01024.png,54383_x01536_y01024.tif,0.0,0
54383,2048,1024,54383_x02048_y01024.png,54383_x02048_y01024.png,54383_x02048_y01024.tif,0.0,0
54383,2560,1024,54383_x02560_y01024.png,54383_x02560_y01024.png,54383_x02560_y01024.tif,0.0,0
54383,3072,1024,54383_x03072_y01024.png,54383_x03072_y01024.png,54383_x03072_y01024.tif,0.0,0
54383,3584,1024,54383_x03584_y01024.png,54383_x03584_y01024.png,54383_x03584_y01024.tif,0.0,0
54383,4096,1024,54383_x04096_y01024.png,54383_x04096_y01024.png,54383_x04096_y01024.tif,0.0,0
54383,0,1536,54383_x00000_y01536.png,54383_x00000_y01536.png,54383_x00000_y01536.tif,0.0,0
54383,512,1536,54383_x00512_y01536.png,54383_x00512_y01536.png,54383_x00512_y01536.tif,0.0,0
54383,1024,1536,54383_x01024_y01536.png,54383_x01024_y01536.png,54383_x01024_y01536.tif,0.0,0
54383,1536,1536,54383_x01536_y01536.png,54383_x01536_y01536.png,54383_x01536_y01536.tif,0.0,0
54383,2048,1536,54383_x02048_y01536.png,54383_x02048_y01536.png,54383_x02048_y01536.tif,0.0,0
54383,2560,1536,54383_x02560_y01536.png,54383_x02560_y01536.png,54383_x02560_y01536.tif,0.0,0
54383,3072,1536,54383_x03072_y01536.png,54383_x03072_y01536.png,54383_x03072_y01536.tif,0.0,0
54383,3584,1536,54383_x03584_y01536.png,54383_x03584_y01536.png,54383_x03584_y01536.tif,0.0,0
54383,4096,1536,54383_x04096_y01536.png,54383_x04096_y01536.png,54383_x04096_y01536.tif,0.0,0
54383,0,2048,54383_x00000_y02048.png,54383_x00000_y02048.png,54383_x00000_y02048.tif,0.0,0
54383,512,2048,54383_x00512_y02048.png,54383_x00512_y02048.png,54383_x00512_y02048.tif,0.0,0
54383,1024,2048,54383_x01024_y02048.png,54383_x01024_y02048.png,54383_x01024_y02048.tif,0.0,0
54383,1536,2048,54383_x01536_y02048.png,54383_x01536_y02048.png,54383_x01536_y02048.tif,0.0,0
54383,2048,2048,54383_x02048_y02048.png,54383_x02048_y02048.png,54383_x02048_y02048.tif,0.0,0
54383,2560,2048,54383_x02560_y02048.png,54383_x02560_y02048.png,54383_x02560_y02048.tif,0.0,0
54383,3072,2048,54383_x03072_y02048.png,54383_x03072_y02048.png,54383_x03072_y02048.tif,0.0,0
54383,3584,2048,54383_x03584_y02048.png,54383_x03584_y02048.png,54383_x03584_y02048.tif,0.0,0
54383,4096,2048,54383_x04096_y02048.png,54383_x04096_y02048.png,54383_x04096_y02048.tif,0.0,0
54383,0,2560,54383_x00000_y02560.png,54383_x00000_y02560.png,54383_x00000_y02560.tif,0.0,0
54383,512,2560,54383_x00512_y02560.png,54383_x00512_y02560.png,54383_x00512_y02560.tif,0.0,0
54383,1024,2560,54383_x01024_y02560.png,54383_x01024_y02560.png,54383_x01024_y02560.tif,0.14282608032226562,37441
54383,1536,2560,54383_x01536_y02560.png,54383_x01536_y02560.png,54383_x01536_y02560.tif,0.0,0
54383,2048,2560,54383_x02048_y02560.png,54383_x02048_y02560.png,54383_x02048_y02560.tif,0.0,0
54383,2560,2560,54383_x02560_y02560.png,54383_x02560_y02560.png,54383_x02560_y02560.tif,0.0,0
54383,3072,2560,54383_x03072_y02560.png,54383_x03072_y02560.png,54383_x03072_y02560.tif,0.0,0
54383,3584,2560,54383_x03584_y02560.png,54383_x03584_y02560.png,54383_x03584_y02560.tif,0.0,0
54383,4096,2560,54383_x04096_y02560.png,54383_x04096_y02560.png,54383_x04096_y02560.tif,0.0,0
54383,0,3072,54383_x00000_y03072.png,54383_x00000_y03072.png,54383_x00000_y03072.tif,0.0,0
54383,512,3072,54383_x00512_y03072.png,54383_x00512_y03072.png,54383_x00512_y03072.tif,0.0,0
54383,1024,3072,54383_x01024_y03072.png,54383_x01024_y03072.png,54383_x01024_y03072.tif,0.0,0
54383,1536,3072,54383_x01536_y03072.png,54383_x01536_y03072.png,54383_x01536_y03072.tif,0.0,0
54383,2048,3072,54383_x02048_y03072.png,54383_x02048_y03072.png,54383_x02048_y03072.tif,0.0,0
54383,2560,3072,54383_x02560_y03072.png,54383_x02560_y03072.png,54383_x02560_y03072.tif,0.0,0
54383,3072,3072,54383_x03072_y03072.png,54383_x03072_y03072.png,54383_x03072_y03072.tif,0.0,0
54383,3584,3072,54383_x03584_y03072.png,54383_x03584_y03072.png,54383_x03584_y03072.tif,0.0,0
54383,4096,3072,54383_x04096_y03072.png,54383_x04096_y03072.png,54383_x04096_y03072.tif,0.0,0
54383,0,3584,54383_x00000_y03584.png,54383_x00000_y03584.png,54383_x00000_y03584.tif,0.0,0
54383,512,3584,54383_x00512_y03584.png,54383_x00512_y03584.png,54383_x00512_y03584.tif,0.0,0
54383,1024,3584,54383_x01024_y03584.png,54383_x01024_y03584.png,54383_x01024_y03584.tif,0.0,0
54383,1536,3584,54383_x01536_y03584.png,54383_x01536_y03584.png,54383_x01536_y03584.tif,0.0,0
54383,2048,3584,54383_x02048_y03584.png,54383_x02048_y03584.png,54383_x02048_y03584.tif,0.0,0
54383,2560,3584,54383_x02560_y03584.png,54383_x02560_y03584.png,54383_x02560_y03584.tif,0.0,0
54383,3072,3584,54383_x03072_y03584.png,54383_x03072_y03584.png,54383_x03072_y03584.tif,0.0,0
54383,3584,3584,54383_x03584_y03584.png,54383_x03584_y03584.png,54383_x03584_y03584.tif,0.0,0
54383,4096,3584,54383_x04096_y03584.png,54383_x04096_y03584.png,54383_x04096_y03584.tif,0.0,0
54383,0,4096,54383_x00000_y04096.png,54383_x00000_y04096.png,54383_x00000_y04096.tif,0.0,0
54383,512,4096,54383_x00512_y04096.png,54383_x00512_y04096.png,54383_x00512_y04096.tif,0.0,0
54383,1024,4096,54383_x01024_y04096.png,54383_x01024_y04096.png,54383_x01024_y04096.tif,0.0,0
54383,1536,4096,54383_x01536_y04096.png,54383_x01536_y04096.png,54383_x01536_y04096.tif,0.0,0
54383,2048,4096,54383_x02048_y04096.png,54383_x02048_y04096.png,54383_x02048_y04096.tif,0.0,0
54383,2560,4096,54383_x02560_y04096.png,54383_x02560_y04096.png,54383_x02560_y04096.tif,0.0,0
54383,3072,4096,54383_x03072_y04096.png,54383_x03072_y04096.png,54383_x03072_y04096.tif,0.0,0
54383,3584,4096,54383_x03584_y04096.png,54383_x03584_y04096.png,54383_x03584_y04096.tif,0.0,0
54383,4096,4096,54383_x04096_y04096.png,54383_x04096_y04096.png,54383_x04096_y04096.tif,0.0,0
54234,0,0,54234_x00000_y00000.png,54234_x00000_y00000.png,54234_x00000_y00000.tif,0.0,0
54234,512,0,54234_x00512_y00000.png,54234_x00512_y00000.png,54234_x00512_y00000.tif,0.0,0
54234,1024,0,54234_x01024_y00000.png,54234_x01024_y00000.png,54234_x01024_y00000.tif,0.0,0
54234,1536,0,54234_x01536_y00000.png,54234_x01536_y00000.png,54234_x01536_y00000.tif,0.0,0
54234,2048,0,54234_x02048_y00000.png,54234_x02048_y00000.png,54234_x02048_y00000.tif,0.0,0
54234,2560,0,54234_x02560_y00000.png,54234_x02560_y00000.png,54234_x02560_y00000.tif,0.0,0
54234,3072,0,54234_x03072_y00000.png,54234_x03072_y00000.png,54234_x03072_y00000.tif,0.0,0
54234,3584,0,54234_x03584_y00000.png,54234_x03584_y00000.png,54234_x03584_y00000.tif,0.0,0
54234,4096,0,54234_x04096_y00000.png,54234_x04096_y00000.png,54234_x04096_y00000.tif,0.0,0
54234,0,512,54234_x00000_y00512.png,54234_x00000_y00512.png,54234_x00000_y00512.tif,0.0,0
54234,512,512,54234_x00512_y00512.png,54234_x00512_y00512.png,54234_x00512_y00512.tif,0.0,0
54234,1024,512,54234_x01024_y00512.png,54234_x01024_y00512.png,54234_x01024_y00512.tif,0.0,0
54234,1536,512,54234_x01536_y00512.png,54234_x01536_y00512.png,54234_x01536_y00512.tif,0.0,0
54234,2048,512,54234_x02048_y00512.png,54234_x02048_y00512.png,54234_x02048_y00512.tif,0.0,0
54234,2560,512,54234_x02560_y00512.png,54234_x02560_y00512.png,54234_x02560_y00512.tif,0.0,0
54234,3072,512,54234_x03072_y00512.png,54234_x03072_y00512.png,54234_x03072_y00512.tif,0.0,0
54234,3584,512,54234_x03584_y00512.png,54234_x03584_y00512.png,54234_x03584_y00512.tif,0.0,0
54234,4096,512,54234_x04096_y00512.png,54234_x04096_y00512.png,54234_x04096_y00512.tif,0.0,0
54234,0,1024,54234_x00000_y01024.png,54234_x00000_y01024.png,54234_x00000_y01024.tif,0.0,0
54234,512,1024,54234_x00512_y01024.png,54234_x00512_y01024.png,54234_x00512_y01024.tif,0.0,0
54234,1024,1024,54234_x01024_y01024.png,54234_x01024_y01024.png,54234_x01024_y01024.tif,0.0,0
54234,1536,1024,54234_x01536_y01024.png,54234_x01536_y01024.png,54234_x01536_y01024.tif,0.0,0
54234,2048,1024,54234_x02048_y01024.png,54234_x02048_y01024.png,54234_x02048_y01024.tif,0.0,0
54234,2560,1024,54234_x02560_y01024.png,54234_x02560_y01024.png,54234_x02560_y01024.tif,0.0,0
54234,3072,1024,54234_x03072_y01024.png,54234_x03072_y01024.png,54234_x03072_y01024.tif,0.0,0
54234,3584,1024,54234_x03584_y01024.png,54234_x03584_y01024.png,54234_x03584_y01024.tif,0.0,0
54234,4096,1024,54234_x04096_y01024.png,54234_x04096_y01024.png,54234_x04096_y01024.tif,0.0,0
54234,0,1536,54234_x00000_y01536.png,54234_x00000_y01536.png,54234_x00000_y01536.tif,0.0,0
54234,512,1536,54234_x00512_y01536.png,54234_x00512_y01536.png,54234_x00512_y01536.tif,0.0,0
54234,1024,1536,54234_x01024_y01536.png,54234_x01024_y01536.png,54234_x01024_y01536.tif,0.0,0
54234,1536,1536,54234_x01536_y01536.png,54234_x01536_y01536.png,54234_x01536_y01536.tif,0.0,0
54234,2048,1536,54234_x02048_y01536.png,54234_x02048_y01536.png,54234_x02048_y01536.tif,0.0,0
54234,2560,1536,54234_x02560_y01536.png,54234_x02560_y01536.png,54234_x02560_y01536.tif,0.0,0
54234,3072,1536,54234_x03072_y01536.png,54234_x03072_y01536.png,54234_x03072_y01536.tif,0.0,0
54234,3584,1536,54234_x03584_y01536.png,54234_x03584_y01536.png,54234_x03584_y01536.tif,0.04279327392578125,11218
54234,4096,1536,54234_x04096_y01536.png,54234_x04096_y01536.png,54234_x04096_y01536.tif,0.0,0
54234,0,2048,54234_x00000_y02048.png,54234_x00000_y02048.png,54234_x00000_y02048.tif,0.0,0
54234,512,2048,54234_x00512_y02048.png,54234_x00512_y02048.png,54234_x00512_y02048.tif,0.0,0
54234,1024,2048,54234_x01024_y02048.png,54234_x01024_y02048.png,54234_x01024_y02048.tif,0.0,0
54234,1536,2048,54234_x01536_y02048.png,54234_x01536_y02048.png,54234_x01536_y02048.tif,0.0,0
54234,2048,2048,54234_x02048_y02048.png,54234_x02048_y02048.png,54234_x02048_y02048.tif,0.0,0
54234,2560,2048,54234_x02560_y02048.png,54234_x02560_y02048.png,54234_x02560_y02048.tif,0.0,0
54234,3072,2048,54234_x03072_y02048.png,54234_x03072_y02048.png,54234_x03072_y02048.tif,0.0,0
54234,3584,2048,54234_x03584_y02048.png,54234_x03584_y02048.png,54234_x03584_y02048.tif,0.0,0
54234,4096,2048,54234_x04096_y02048.png,54234_x04096_y02048.png,54234_x04096_y02048.tif,0.0,0
54234,0,2560,54234_x00000_y02560.png,54234_x00000_y02560.png,54234_x00000_y02560.tif,0.0,0
54234,512,2560,54234_x00512_y02560.png,54234_x00512_y02560.png,54234_x00512_y02560.tif,0.0,0
54234,1024,2560,54234_x01024_y02560.png,54234_x01024_y02560.png,54234_x01024_y02560.tif,0.0,0
54234,1536,2560,54234_x01536_y02560.png,54234_x01536_y02560.png,54234_x01536_y02560.tif,0.0,0
54234,2048,2560,54234_x02048_y02560.png,54234_x02048_y02560.png,54234_x02048_y02560.tif,0.0,0
54234,2560,2560,54234_x02560_y02560.png,54234_x02560_y02560.png,54234_x02560_y02560.tif,0.0,0
54234,3072,2560,54234_x03072_y02560.png,54234_x03072_y02560.png,54234_x03072_y02560.tif,0.0,0
54234,3584,2560,54234_x03584_y02560.png,54234_x03584_y02560.png,54234_x03584_y02560.tif,0.0,0
54234,4096,2560,54234_x04096_y02560.png,54234_x04096_y02560.png,54234_x04096_y02560.tif,0.0,0
54234,0,3072,54234_x00000_y03072.png,54234_x00000_y03072.png,54234_x00000_y03072.tif,0.0,0
54234,512,3072,54234_x00512_y03072.png,54234_x00512_y03072.png,54234_x00512_y03072.tif,0.0,0
54234,1024,3072,54234_x01024_y03072.png,54234_x01024_y03072.png,54234_x01024_y03072.tif,0.0,0
54234,1536,3072,54234_x01536_y03072.png,54234_x01536_y03072.png,54234_x01536_y03072.tif,0.0,0
54234,2048,3072,54234_x02048_y03072.png,54234_x02048_y03072.png,54234_x02048_y03072.tif,0.0,0
54234,2560,3072,54234_x02560_y03072.png,54234_x02560_y03072.png,54234_x02560_y03072.tif,0.0,0
54234,3072,3072,54234_x03072_y03072.png,54234_x03072_y03072.png,54234_x03072_y03072.tif,0.0,0
54234,3584,3072,54234_x03584_y03072.png,54234_x03584_y03072.png,54234_x03584_y03072.tif,0.0,0
54234,4096,3072,54234_x04096_y03072.png,54234_x04096_y03072.png,54234_x04096_y03072.tif,0.0,0
54234,0,3584,54234_x00000_y03584.png,54234_x00000_y03584.png,54234_x00000_y03584.tif,0.0,0
54234,512,3584,54234_x00512_y03584.png,54234_x00512_y03584.png,54234_x00512_y03584.tif,0.0,0
54234,1024,3584,54234_x01024_y03584.png,54234_x01024_y03584.png,54234_x01024_y03584.tif,0.0,0
54234,1536,3584,54234_x01536_y03584.png,54234_x01536_y03584.png,54234_x01536_y03584.tif,0.0,0
54234,2048,3584,54234_x02048_y03584.png,54234_x02048_y03584.png,54234_x02048_y03584.tif,0.0,0
54234,2560,3584,54234_x02560_y03584.png,54234_x02560_y03584.png,54234_x02560_y03584.tif,0.0,0
54234,3072,3584,54234_x03072_y03584.png,54234_x03072_y03584.png,54234_x03072_y03584.tif,0.0,0
54234,3584,3584,54234_x03584_y03584.png,54234_x03584_y03584.png,54234_x03584_y03584.tif,0.0,0
54234,4096,3584,54234_x04096_y03584.png,54234_x04096_y03584.png,54234_x04096_y03584.tif,0.0,0
54234,0,4096,54234_x00000_y04096.png,54234_x00000_y04096.png,54234_x00000_y04096.tif,0.0,0
54234,512,4096,54234_x00512_y04096.png,54234_x00512_y04096.png,54234_x00512_y04096.tif,0.0,0
54234,1024,4096,54234_x01024_y04096.png,54234_x01024_y04096.png,54234_x01024_y04096.tif,0.0,0
54234,1536,4096,54234_x01536_y04096.png,54234_x01536_y04096.png,54234_x01536_y04096.tif,0.0,0
54234,2048,4096,54234_x02048_y04096.png,54234_x02048_y04096.png,54234_x02048_y04096.tif,0.0,0
54234,2560,4096,54234_x02560_y04096.png,54234_x02560_y04096.png,54234_x02560_y04096.tif,0.0,0
54234,3072,4096,54234_x03072_y04096.png,54234_x03072_y04096.png,54234_x03072_y04096.tif,0.0,0
54234,3584,4096,54234_x03584_y04096.png,54234_x03584_y04096.png,54234_x03584_y04096.tif,0.0,0
54234,4096,4096,54234_x04096_y04096.png,54234_x04096_y04096.png,54234_x04096_y04096.tif,0.0,0
52613,0,0,52613_x00000_y00000.png,52613_x00000_y00000.png,52613_x00000_y00000.tif,0.0,0
52613,512,0,52613_x00512_y00000.png,52613_x00512_y00000.png,52613_x00512_y00000.tif,0.0,0
52613,1024,0,52613_x01024_y00000.png,52613_x01024_y00000.png,52613_x01024_y00000.tif,0.0,0
52613,1536,0,52613_x01536_y00000.png,52613_x01536_y00000.png,52613_x01536_y00000.tif,0.0,0
52613,2048,0,52613_x02048_y00000.png,52613_x02048_y00000.png,52613_x02048_y00000.tif,0.0,0
52613,2560,0,52613_x02560_y00000.png,52613_x02560_y00000.png,52613_x02560_y00000.tif,0.0,0
52613,3072,0,52613_x03072_y00000.png,52613_x03072_y00000.png,52613_x03072_y00000.tif,0.0,0
52613,3584,0,52613_x03584_y00000.png,52613_x03584_y00000.png,52613_x03584_y00000.tif,0.0,0
52613,4096,0,52613_x04096_y00000.png,52613_x04096_y00000.png,52613_x04096_y00000.tif,0.0,0
52613,0,512,52613_x00000_y00512.png,52613_x00000_y00512.png,52613_x00000_y00512.tif,0.0,0
52613,512,512,52613_x00512_y00512.png,52613_x00512_y00512.png,52613_x00512_y00512.tif,0.0,0
52613,1024,512,52613_x01024_y00512.png,52613_x01024_y00512.png,52613_x01024_y00512.tif,0.0,0
52613,1536,512,52613_x01536_y00512.png,52613_x01536_y00512.png,52613_x01536_y00512.tif,0.0,0
52613,2048,512,52613_x02048_y00512.png,52613_x02048_y00512.png,52613_x02048_y00512.tif,0.0,0
52613,2560,512,52613_x02560_y00512.png,52613_x02560_y00512.png,52613_x02560_y00512.tif,0.0,0
52613,3072,512,52613_x03072_y00512.png,52613_x03072_y00512.png,52613_x03072_y00512.tif,0.0,0
52613,3584,512,52613_x03584_y00512.png,52613_x03584_y00512.png,52613_x03584_y00512.tif,0.0,0
52613,4096,512,52613_x04096_y00512.png,52613_x04096_y00512.png,52613_x04096_y00512.tif,0.0,0
52613,0,1024,52613_x00000_y01024.png,52613_x00000_y01024.png,52613_x00000_y01024.tif,0.0,0
52613,512,1024,52613_x00512_y01024.png,52613_x00512_y01024.png,52613_x00512_y01024.tif,0.0,0
52613,1024,1024,52613_x01024_y01024.png,52613_x01024_y01024.png,52613_x01024_y01024.tif,0.0,0
52613,1536,1024,52613_x01536_y01024.png,52613_x01536_y01024.png,52613_x01536_y01024.tif,0.0,0
52613,2048,1024,52613_x02048_y01024.png,52613_x02048_y01024.png,52613_x02048_y01024.tif,0.0,0
52613,2560,1024,52613_x02560_y01024.png,52613_x02560_y01024.png,52613_x02560_y01024.tif,0.04613494873046875,12094
52613,3072,1024,52613_x03072_y01024.png,52613_x03072_y01024.png,52613_x03072_y01024.tif,0.017520904541015625,4593
52613,3584,1024,52613_x03584_y01024.png,52613_x03584_y01024.png,52613_x03584_y01024.tif,0.0,0
52613,4096,1024,52613_x04096_y01024.png,52613_x04096_y01024.png,52613_x04096_y01024.tif,0.0,0
52613,0,1536,52613_x00000_y01536.png,52613_x00000_y01536.png,52613_x00000_y01536.tif,0.0,0
52613,512,1536,52613_x00512_y01536.png,52613_x00512_y01536.png,52613_x00512_y01536.tif,0.0,0
52613,1024,1536,52613_x01024_y01536.png,52613_x01024_y01536.png,52613_x01024_y01536.tif,0.0,0
52613,1536,1536,52613_x01536_y01536.png,52613_x01536_y01536.png,52613_x01536_y01536.tif,0.0,0
52613,2048,1536,52613_x02048_y01536.png,52613_x02048_y01536.png,52613_x02048_y01536.tif,0.0,0
52613,2560,1536,52613_x02560_y01536.png,52613_x02560_y01536.png,52613_x02560_y01536.tif,0.0,0
52613,3072,1536,52613_x03072_y01536.png,52613_x03072_y01536.png,52613_x03072_y01536.tif,0.0,0
52613,3584,1536,52613_x03584_y01536.png,52613_x03584_y01536.png,52613_x03584_y01536.tif,0.0,0
52613,4096,1536,52613_x04096_y01536.png,52613_x04096_y01536.png,52613_x04096_y01536.tif,0.0,0
52613,0,2048,52613_x00000_y02048.png,52613_x00000_y02048.png,52613_x00000_y02048.tif,0.0,0
52613,512,2048,52613_x00512_y02048.png,52613_x00512_y02048.png,52613_x00512_y02048.tif,0.0,0
52613,1024,2048,52613_x01024_y02048.png,52613_x01024_y02048.png,52613_x01024_y02048.tif,0.0,0
52613,1536,2048,52613_x01536_y02048.png,52613_x01536_y02048.png,52613_x01536_y02048.tif,0.0,0
52613,2048,2048,52613_x02048_y02048.png,52613_x02048_y02048.png,52613_x02048_y02048.tif,0.0,0
52613,2560,2048,52613_x02560_y02048.png,52613_x02560_y02048.png,52613_x02560_y02048.tif,0.0,0
52613,3072,2048,52613_x03072_y02048.png,52613_x03072_y02048.png,52613_x03072_y02048.tif,0.0,0
52613,3584,2048,52613_x03584_y02048.png,52613_x03584_y02048.png,52613_x03584_y02048.tif,0.0,0
52613,4096,2048,52613_x04096_y02048.png,52613_x04096_y02048.png,52613_x04096_y02048.tif,0.0,0
52613,0,2560,52613_x00000_y02560.png,52613_x00000_y02560.png,52613_x00000_y02560.tif,0.0,0
52613,512,2560,52613_x00512_y02560.png,52613_x00512_y02560.png,52613_x00512_y02560.tif,0.0,0
52613,1024,2560,52613_x01024_y02560.png,52613_x01024_y02560.png,52613_x01024_y02560.tif,0.0,0
52613,1536,2560,52613_x01536_y02560.png,52613_x01536_y02560.png,52613_x01536_y02560.tif,0.0,0
52613,2048,2560,52613_x02048_y02560.png,52613_x02048_y02560.png,52613_x02048_y02560.tif,0.0,0
52613,2560,2560,52613_x02560_y02560.png,52613_x02560_y02560.png,52613_x02560_y02560.tif,0.0,0
52613,3072,2560,52613_x03072_y02560.png,52613_x03072_y02560.png,52613_x03072_y02560.tif,0.0,0
52613,3584,2560,52613_x03584_y02560.png,52613_x03584_y02560.png,52613_x03584_y02560.tif,0.0,0
52613,4096,2560,52613_x04096_y02560.png,52613_x04096_y02560.png,52613_x04096_y02560.tif,0.0,0
52613,0,3072,52613_x00000_y03072.png,52613_x00000_y03072.png,52613_x00000_y03072.tif,0.0,0
52613,512,3072,52613_x00512_y03072.png,52613_x00512_y03072.png,52613_x00512_y03072.tif,0.0,0
52613,1024,3072,52613_x01024_y03072.png,52613_x01024_y03072.png,52613_x01024_y03072.tif,0.0,0
52613,1536,3072,52613_x01536_y03072.png,52613_x01536_y03072.png,52613_x01536_y03072.tif,0.0,0
52613,2048,3072,52613_x02048_y03072.png,52613_x02048_y03072.png,52613_x02048_y03072.tif,0.0,0
52613,2560,3072,52613_x02560_y03072.png,52613_x02560_y03072.png,52613_x02560_y03072.tif,0.0,0
52613,3072,3072,52613_x03072_y03072.png,52613_x03072_y03072.png,52613_x03072_y03072.tif,0.0,0
52613,3584,3072,52613_x03584_y03072.png,52613_x03584_y03072.png,52613_x03584_y03072.tif,0.0,0
52613,4096,3072,52613_x04096_y03072.png,52613_x04096_y03072.png,52613_x04096_y03072.tif,0.0,0
52613,0,3584,52613_x00000_y03584.png,52613_x00000_y03584.png,52613_x00000_y03584.tif,0.0,0
52613,512,3584,52613_x00512_y03584.png,52613_x00512_y03584.png,52613_x00512_y03584.tif,0.0,0
52613,1024,3584,52613_x01024_y03584.png,52613_x01024_y03584.png,52613_x01024_y03584.tif,0.0,0
52613,1536,3584,52613_x01536_y03584.png,52613_x01536_y03584.png,52613_x01536_y03584.tif,0.0,0
52613,2048,3584,52613_x02048_y03584.png,52613_x02048_y03584.png,52613_x02048_y03584.tif,0.0,0
52613,2560,3584,52613_x02560_y03584.png,52613_x02560_y03584.png,52613_x02560_y03584.tif,0.0,0
52613,3072,3584,52613_x03072_y03584.png,52613_x03072_y03584.png,52613_x03072_y03584.tif,0.0,0
52613,3584,3584,52613_x03584_y03584.png,52613_x03584_y03584.png,52613_x03584_y03584.tif,0.0,0
52613,4096,3584,52613_x04096_y03584.png,52613_x04096_y03584.png,52613_x04096_y03584.tif,0.0,0
52613,0,4096,52613_x00000_y04096.png,52613_x00000_y04096.png,52613_x00000_y04096.tif,0.0,0
52613,512,4096,52613_x00512_y04096.png,52613_x00512_y04096.png,52613_x00512_y04096.tif,0.0,0
52613,1024,4096,52613_x01024_y04096.png,52613_x01024_y04096.png,52613_x01024_y04096.tif,0.0,0
52613,1536,4096,52613_x01536_y04096.png,52613_x01536_y04096.png,52613_x01536_y04096.tif,0.0,0
52613,2048,4096,52613_x02048_y04096.png,52613_x02048_y04096.png,52613_x02048_y04096.tif,0.0,0
52613,2560,4096,52613_x02560_y04096.png,52613_x02560_y04096.png,52613_x02560_y04096.tif,0.0,0
52613,3072,4096,52613_x03072_y04096.png,52613_x03072_y04096.png,52613_x03072_y04096.tif,0.0,0
52613,3584,4096,52613_x03584_y04096.png,52613_x03584_y04096.png,52613_x03584_y04096.tif,0.0,0
52613,4096,4096,52613_x04096_y04096.png,52613_x04096_y04096.png,52613_x04096_y04096.tif,0.0,0
54332,0,0,54332_x00000_y00000.png,54332_x00000_y00000.png,54332_x00000_y00000.tif,0.0210113525390625,5508
54332,512,0,54332_x00512_y00000.png,54332_x00512_y00000.png,54332_x00512_y00000.tif,0.0,0
54332,1024,0,54332_x01024_y00000.png,54332_x01024_y00000.png,54332_x01024_y00000.tif,0.0,0
54332,1536,0,54332_x01536_y00000.png,54332_x01536_y00000.png,54332_x01536_y00000.tif,0.0,0
54332,2048,0,54332_x02048_y00000.png,54332_x02048_y00000.png,54332_x02048_y00000.tif,0.0,0
54332,2560,0,54332_x02560_y00000.png,54332_x02560_y00000.png,54332_x02560_y00000.tif,0.0,0
54332,3072,0,54332_x03072_y00000.png,54332_x03072_y00000.png,54332_x03072_y00000.tif,0.0,0
54332,3584,0,54332_x03584_y00000.png,54332_x03584_y00000.png,54332_x03584_y00000.tif,0.0,0
54332,4096,0,54332_x04096_y00000.png,54332_x04096_y00000.png,54332_x04096_y00000.tif,0.0,0
54332,0,512,54332_x00000_y00512.png,54332_x00000_y00512.png,54332_x00000_y00512.tif,0.1654815673828125,43380
54332,512,512,54332_x00512_y00512.png,54332_x00512_y00512.png,54332_x00512_y00512.tif,0.0,0
54332,1024,512,54332_x01024_y00512.png,54332_x01024_y00512.png,54332_x01024_y00512.tif,0.0,0
54332,1536,512,54332_x01536_y00512.png,54332_x01536_y00512.png,54332_x01536_y00512.tif,0.0,0
54332,2048,512,54332_x02048_y00512.png,54332_x02048_y00512.png,54332_x02048_y00512.tif,0.0,0
54332,2560,512,54332_x02560_y00512.png,54332_x02560_y00512.png,54332_x02560_y00512.tif,0.0,0
54332,3072,512,54332_x03072_y00512.png,54332_x03072_y00512.png,54332_x03072_y00512.tif,0.0,0
54332,3584,512,54332_x03584_y00512.png,54332_x03584_y00512.png,54332_x03584_y00512.tif,0.0,0
54332,4096,512,54332_x04096_y00512.png,54332_x04096_y00512.png,54332_x04096_y00512.tif,0.0,0
54332,0,1024,54332_x00000_y01024.png,54332_x00000_y01024.png,54332_x00000_y01024.tif,0.0,0
54332,512,1024,54332_x00512_y01024.png,54332_x00512_y01024.png,54332_x00512_y01024.tif,0.0,0
54332,1024,1024,54332_x01024_y01024.png,54332_x01024_y01024.png,54332_x01024_y01024.tif,0.0,0
54332,1536,1024,54332_x01536_y01024.png,54332_x01536_y01024.png,54332_x01536_y01024.tif,0.0,0
54332,2048,1024,54332_x02048_y01024.png,54332_x02048_y01024.png,54332_x02048_y01024.tif,0.0,0
54332,2560,1024,54332_x02560_y01024.png,54332_x02560_y01024.png,54332_x02560_y01024.tif,0.0,0
54332,3072,1024,54332_x03072_y01024.png,54332_x03072_y01024.png,54332_x03072_y01024.tif,0.0,0
54332,3584,1024,54332_x03584_y01024.png,54332_x03584_y01024.png,54332_x03584_y01024.tif,0.0,0
54332,4096,1024,54332_x04096_y01024.png,54332_x04096_y01024.png,54332_x04096_y01024.tif,0.0,0
54332,0,1536,54332_x00000_y01536.png,54332_x00000_y01536.png,54332_x00000_y01536.tif,0.0,0
54332,512,1536,54332_x00512_y01536.png,54332_x00512_y01536.png,54332_x00512_y01536.tif,0.0,0
54332,1024,1536,54332_x01024_y01536.png,54332_x01024_y01536.png,54332_x01024_y01536.tif,0.0,0
54332,1536,1536,54332_x01536_y01536.png,54332_x01536_y01536.png,54332_x01536_y01536.tif,0.0,0
54332,2048,1536,54332_x02048_y01536.png,54332_x02048_y01536.png,54332_x02048_y01536.tif,0.0,0
54332,2560,1536,54332_x02560_y01536.png,54332_x02560_y01536.png,54332_x02560_y01536.tif,0.0,0
54332,3072,1536,54332_x03072_y01536.png,54332_x03072_y01536.png,54332_x03072_y01536.tif,0.0,0
54332,3584,1536,54332_x03584_y01536.png,54332_x03584_y01536.png,54332_x03584_y01536.tif,0.0,0
54332,4096,1536,54332_x04096_y01536.png,54332_x04096_y01536.png,54332_x04096_y01536.tif,0.0,0
54332,0,2048,54332_x00000_y02048.png,54332_x00000_y02048.png,54332_x00000_y02048.tif,0.0,0
54332,512,2048,54332_x00512_y02048.png,54332_x00512_y02048.png,54332_x00512_y02048.tif,0.0,0
54332,1024,2048,54332_x01024_y02048.png,54332_x01024_y02048.png,54332_x01024_y02048.tif,0.0,0
54332,1536,2048,54332_x01536_y02048.png,54332_x01536_y02048.png,54332_x01536_y02048.tif,0.0,0
54332,2048,2048,54332_x02048_y02048.png,54332_x02048_y02048.png,54332_x02048_y02048.tif,0.0,0
54332,2560,2048,54332_x02560_y02048.png,54332_x02560_y02048.png,54332_x02560_y02048.tif,0.0,0
54332,3072,2048,54332_x03072_y02048.png,54332_x03072_y02048.png,54332_x03072_y02048.tif,0.0,0
54332,3584,2048,54332_x03584_y02048.png,54332_x03584_y02048.png,54332_x03584_y02048.tif,0.0,0
54332,4096,2048,54332_x04096_y02048.png,54332_x04096_y02048.png,54332_x04096_y02048.tif,0.0,0
54332,0,2560,54332_x00000_y02560.png,54332_x00000_y02560.png,54332_x00000_y02560.tif,0.0,0
54332,512,2560,54332_x00512_y02560.png,54332_x00512_y02560.png,54332_x00512_y02560.tif,0.0,0
54332,1024,2560,54332_x01024_y02560.png,54332_x01024_y02560.png,54332_x01024_y02560.tif,0.0,0
54332,1536,2560,54332_x01536_y02560.png,54332_x01536_y02560.png,54332_x01536_y02560.tif,0.0,0
54332,2048,2560,54332_x02048_y02560.png,54332_x02048_y02560.png,54332_x02048_y02560.tif,0.0,0
54332,2560,2560,54332_x02560_y02560.png,54332_x02560_y02560.png,54332_x02560_y02560.tif,0.0,0
54332,3072,2560,54332_x03072_y02560.png,54332_x03072_y02560.png,54332_x03072_y02560.tif,0.0,0
54332,3584,2560,54332_x03584_y02560.png,54332_x03584_y02560.png,54332_x03584_y02560.tif,0.0,0
54332,4096,2560,54332_x04096_y02560.png,54332_x04096_y02560.png,54332_x04096_y02560.tif,0.0,0
54332,0,3072,54332_x00000_y03072.png,54332_x00000_y03072.png,54332_x00000_y03072.tif,0.0,0
54332,512,3072,54332_x00512_y03072.png,54332_x00512_y03072.png,54332_x00512_y03072.tif,0.0,0
54332,1024,3072,54332_x01024_y03072.png,54332_x01024_y03072.png,54332_x01024_y03072.tif,0.0,0
54332,1536,3072,54332_x01536_y03072.png,54332_x01536_y03072.png,54332_x01536_y03072.tif,0.0,0
54332,2048,3072,54332_x02048_y03072.png,54332_x02048_y03072.png,54332_x02048_y03072.tif,0.0,0
54332,2560,3072,54332_x02560_y03072.png,54332_x02560_y03072.png,54332_x02560_y03072.tif,0.0,0
54332,3072,3072,54332_x03072_y03072.png,54332_x03072_y03072.png,54332_x03072_y03072.tif,0.0,0
54332,3584,3072,54332_x03584_y03072.png,54332_x03584_y03072.png,54332_x03584_y03072.tif,0.0,0
54332,4096,3072,54332_x04096_y03072.png,54332_x04096_y03072.png,54332_x04096_y03072.tif,0.0,0
54332,0,3584,54332_x00000_y03584.png,54332_x00000_y03584.png,54332_x00000_y03584.tif,0.0,0
54332,512,3584,54332_x00512_y03584.png,54332_x00512_y03584.png,54332_x00512_y03584.tif,0.0,0
54332,1024,3584,54332_x01024_y03584.png,54332_x01024_y03584.png,54332_x01024_y03584.tif,0.0,0
54332,1536,3584,54332_x01536_y03584.png,54332_x01536_y03584.png,54332_x01536_y03584.tif,0.0,0
54332,2048,3584,54332_x02048_y03584.png,54332_x02048_y03584.png,54332_x02048_y03584.tif,0.0,0
54332,2560,3584,54332_x02560_y03584.png,54332_x02560_y03584.png,54332_x02560_y03584.tif,0.0,0
54332,3072,3584,54332_x03072_y03584.png,54332_x03072_y03584.png,54332_x03072_y03584.tif,0.0,0
54332,3584,3584,54332_x03584_y03584.png,54332_x03584_y03584.png,54332_x03584_y03584.tif,0.0,0
54332,4096,3584,54332_x04096_y03584.png,54332_x04096_y03584.png,54332_x04096_y03584.tif,0.0,0
54332,0,4096,54332_x00000_y04096.png,54332_x00000_y04096.png,54332_x00000_y04096.tif,0.0,0
54332,512,4096,54332_x00512_y04096.png,54332_x00512_y04096.png,54332_x00512_y04096.tif,0.0,0
54332,1024,4096,54332_x01024_y04096.png,54332_x01024_y04096.png,54332_x01024_y04096.tif,0.0,0
54332,1536,4096,54332_x01536_y04096.png,54332_x01536_y04096.png,54332_x01536_y04096.tif,0.0,0
54332,2048,4096,54332_x02048_y04096.png,54332_x02048_y04096.png,54332_x02048_y04096.tif,0.0,0
54332,2560,4096,54332_x02560_y04096.png,54332_x02560_y04096.png,54332_x02560_y04096.tif,0.0,0
54332,3072,4096,54332_x03072_y04096.png,54332_x03072_y04096.png,54332_x03072_y04096.tif,0.0,0
54332,3584,4096,54332_x03584_y04096.png,54332_x03584_y04096.png,54332_x03584_y04096.tif,0.0,0
54332,4096,4096,54332_x04096_y04096.png,54332_x04096_y04096.png,54332_x04096_y04096.tif,0.0,0
62382,0,0,62382_x00000_y00000.png,62382_x00000_y00000.png,62382_x00000_y00000.tif,0.0,0
62382,512,0,62382_x00512_y00000.png,62382_x00512_y00000.png,62382_x00512_y00000.tif,0.0,0
62382,1024,0,62382_x01024_y00000.png,62382_x01024_y00000.png,62382_x01024_y00000.tif,0.0,0
62382,1536,0,62382_x01536_y00000.png,62382_x01536_y00000.png,62382_x01536_y00000.tif,0.0,0
62382,2048,0,62382_x02048_y00000.png,62382_x02048_y00000.png,62382_x02048_y00000.tif,0.0,0
62382,2560,0,62382_x02560_y00000.png,62382_x02560_y00000.png,62382_x02560_y00000.tif,0.0,0
62382,3072,0,62382_x03072_y00000.png,62382_x03072_y00000.png,62382_x03072_y00000.tif,0.0,0
62382,3584,0,62382_x03584_y00000.png,62382_x03584_y00000.png,62382_x03584_y00000.tif,0.0,0
62382,4096,0,62382_x04096_y00000.png,62382_x04096_y00000.png,62382_x04096_y00000.tif,0.0,0
62382,0,512,62382_x00000_y00512.png,62382_x00000_y00512.png,62382_x00000_y00512.tif,0.0,0
62382,512,512,62382_x00512_y00512.png,62382_x00512_y00512.png,62382_x00512_y00512.tif,0.0,0
62382,1024,512,62382_x01024_y00512.png,62382_x01024_y00512.png,62382_x01024_y00512.tif,0.0,0
62382,1536,512,62382_x01536_y00512.png,62382_x01536_y00512.png,62382_x01536_y00512.tif,0.0,0
62382,2048,512,62382_x02048_y00512.png,62382_x02048_y00512.png,62382_x02048_y00512.tif,0.0,0
62382,2560,512,62382_x02560_y00512.png,62382_x02560_y00512.png,62382_x02560_y00512.tif,0.0,0
62382,3072,512,62382_x03072_y00512.png,62382_x03072_y00512.png,62382_x03072_y00512.tif,0.0,0
62382,3584,512,62382_x03584_y00512.png,62382_x03584_y00512.png,62382_x03584_y00512.tif,0.0,0
62382,4096,512,62382_x04096_y00512.png,62382_x04096_y00512.png,62382_x04096_y00512.tif,0.0,0
62382,0,1024,62382_x00000_y01024.png,62382_x00000_y01024.png,62382_x00000_y01024.tif,0.0,0
62382,512,1024,62382_x00512_y01024.png,62382_x00512_y01024.png,62382_x00512_y01024.tif,0.0,0
62382,1024,1024,62382_x01024_y01024.png,62382_x01024_y01024.png,62382_x01024_y01024.tif,0.0,0
62382,1536,1024,62382_x01536_y01024.png,62382_x01536_y01024.png,62382_x01536_y01024.tif,0.0,0
62382,2048,1024,62382_x02048_y01024.png,62382_x02048_y01024.png,62382_x02048_y01024.tif,0.0,0
62382,2560,1024,62382_x02560_y01024.png,62382_x02560_y01024.png,62382_x02560_y01024.tif,0.0,0
62382,3072,1024,62382_x03072_y01024.png,62382_x03072_y01024.png,62382_x03072_y01024.tif,0.0,0
62382,3584,1024,62382_x03584_y01024.png,62382_x03584_y01024.png,62382_x03584_y01024.tif,0.0,0
62382,4096,1024,62382_x04096_y01024.png,62382_x04096_y01024.png,62382_x04096_y01024.tif,0.0,0
62382,0,1536,62382_x00000_y01536.png,62382_x00000_y01536.png,62382_x00000_y01536.tif,0.0,0
62382,512,1536,62382_x00512_y01536.png,62382_x00512_y01536.png,62382_x00512_y01536.tif,0.0,0
62382,1024,1536,62382_x01024_y01536.png,62382_x01024_y01536.png,62382_x01024_y01536.tif,0.0,0
62382,1536,1536,62382_x01536_y01536.png,62382_x01536_y01536.png,62382_x01536_y01536.tif,0.0,0
62382,2048,1536,62382_x02048_y01536.png,62382_x02048_y01536.png,62382_x02048_y01536.tif,0.0,0
62382,2560,1536,62382_x02560_y01536.png,62382_x02560_y01536.png,62382_x02560_y01536.tif,0.0,0
62382,3072,1536,62382_x03072_y01536.png,62382_x03072_y01536.png,62382_x03072_y01536.tif,0.0,0
62382,3584,1536,62382_x03584_y01536.png,62382_x03584_y01536.png,62382_x03584_y01536.tif,0.0,0
62382,4096,1536,62382_x04096_y01536.png,62382_x04096_y01536.png,62382_x04096_y01536.tif,0.0,0
62382,0,2048,62382_x00000_y02048.png,62382_x00000_y02048.png,62382_x00000_y02048.tif,0.0,0
62382,512,2048,62382_x00512_y02048.png,62382_x00512_y02048.png,62382_x00512_y02048.tif,0.0,0
62382,1024,2048,62382_x01024_y02048.png,62382_x01024_y02048.png,62382_x01024_y02048.tif,0.0,0
62382,1536,2048,62382_x01536_y02048.png,62382_x01536_y02048.png,62382_x01536_y02048.tif,0.0,0
62382,2048,2048,62382_x02048_y02048.png,62382_x02048_y02048.png,62382_x02048_y02048.tif,0.0,0
62382,2560,2048,62382_x02560_y02048.png,62382_x02560_y02048.png,62382_x02560_y02048.tif,0.0,0
62382,3072,2048,62382_x03072_y02048.png,62382_x03072_y02048.png,62382_x03072_y02048.tif,0.0,0
62382,3584,2048,62382_x03584_y02048.png,62382_x03584_y02048.png,62382_x03584_y02048.tif,0.0,0
62382,4096,2048,62382_x04096_y02048.png,62382_x04096_y02048.png,62382_x04096_y02048.tif,0.0,0
62382,0,2560,62382_x00000_y02560.png,62382_x00000_y02560.png,62382_x00000_y02560.tif,0.0,0
62382,512,2560,62382_x00512_y02560.png,62382_x00512_y02560.png,62382_x00512_y02560.tif,0.0,0
62382,1024,2560,62382_x01024_y02560.png,62382_x01024_y02560.png,62382_x01024_y02560.tif,0.0,0
62382,1536,2560,62382_x01536_y02560.png,62382_x01536_y02560.png,62382_x01536_y02560.tif,0.0,0
62382,2048,2560,62382_x02048_y02560.png,62382_x02048_y02560.png,62382_x02048_y02560.tif,0.0,0
62382,2560,2560,62382_x02560_y02560.png,62382_x02560_y02560.png,62382_x02560_y02560.tif,0.03607940673828125,9458
62382,3072,2560,62382_x03072_y02560.png,62382_x03072_y02560.png,62382_x03072_y02560.tif,0.0,0
62382,3584,2560,62382_x03584_y02560.png,62382_x03584_y02560.png,62382_x03584_y02560.tif,0.0,0
62382,4096,2560,62382_x04096_y02560.png,62382_x04096_y02560.png,62382_x04096_y02560.tif,0.0,0
62382,0,3072,62382_x00000_y03072.png,62382_x00000_y03072.png,62382_x00000_y03072.tif,0.0,0
62382,512,3072,62382_x00512_y03072.png,62382_x00512_y03072.png,62382_x00512_y03072.tif,0.0,0
62382,1024,3072,62382_x01024_y03072.png,62382_x01024_y03072.png,62382_x01024_y03072.tif,0.0,0
62382,1536,3072,62382_x01536_y03072.png,62382_x01536_y03072.png,62382_x01536_y03072.tif,0.0,0
62382,2048,3072,62382_x02048_y03072.png,62382_x02048_y03072.png,62382_x02048_y03072.tif,0.0,0
62382,2560,3072,62382_x02560_y03072.png,62382_x02560_y03072.png,62382_x02560_y03072.tif,0.0,0
62382,3072,3072,62382_x03072_y03072.png,62382_x03072_y03072.png,62382_x03072_y03072.tif,0.0,0
62382,3584,3072,62382_x03584_y03072.png,62382_x03584_y03072.png,62382_x03584_y03072.tif,0.0,0
62382,4096,3072,62382_x04096_y03072.png,62382_x04096_y03072.png,62382_x04096_y03072.tif,0.0,0
62382,0,3584,62382_x00000_y03584.png,62382_x00000_y03584.png,62382_x00000_y03584.tif,0.0,0
62382,512,3584,62382_x00512_y03584.png,62382_x00512_y03584.png,62382_x00512_y03584.tif,0.0,0
62382,1024,3584,62382_x01024_y03584.png,62382_x01024_y03584.png,62382_x01024_y03584.tif,0.0,0
62382,1536,3584,62382_x01536_y03584.png,62382_x01536_y03584.png,62382_x01536_y03584.tif,0.0,0
62382,2048,3584,62382_x02048_y03584.png,62382_x02048_y03584.png,62382_x02048_y03584.tif,0.0,0
62382,2560,3584,62382_x02560_y03584.png,62382_x02560_y03584.png,62382_x02560_y03584.tif,0.0,0
62382,3072,3584,62382_x03072_y03584.png,62382_x03072_y03584.png,62382_x03072_y03584.tif,0.0,0
62382,3584,3584,62382_x03584_y03584.png,62382_x03584_y03584.png,62382_x03584_y03584.tif,0.0,0
62382,4096,3584,62382_x04096_y03584.png,62382_x04096_y03584.png,62382_x04096_y03584.tif,0.0,0
62382,0,4096,62382_x00000_y04096.png,62382_x00000_y04096.png,62382_x00000_y04096.tif,0.0,0
62382,512,4096,62382_x00512_y04096.png,62382_x00512_y04096.png,62382_x00512_y04096.tif,0.0,0
62382,1024,4096,62382_x01024_y04096.png,62382_x01024_y04096.png,62382_x01024_y04096.tif,0.0,0
62382,1536,4096,62382_x01536_y04096.png,62382_x01536_y04096.png,62382_x01536_y04096.tif,0.0,0
62382,2048,4096,62382_x02048_y04096.png,62382_x02048_y04096.png,62382_x02048_y04096.tif,0.0,0
62382,2560,4096,62382_x02560_y04096.png,62382_x02560_y04096.png,62382_x02560_y04096.tif,0.0,0
62382,3072,4096,62382_x03072_y04096.png,62382_x03072_y04096.png,62382_x03072_y04096.tif,0.0,0
62382,3584,4096,62382_x03584_y04096.png,62382_x03584_y04096.png,62382_x03584_y04096.tif,0.0,0
62382,4096,4096,62382_x04096_y04096.png,62382_x04096_y04096.png,62382_x04096_y04096.tif,0.0,0
64324,0,0,64324_x00000_y00000.png,64324_x00000_y00000.png,64324_x00000_y00000.tif,0.0,0
64324,512,0,64324_x00512_y00000.png,64324_x00512_y00000.png,64324_x00512_y00000.tif,0.0,0
64324,1024,0,64324_x01024_y00000.png,64324_x01024_y00000.png,64324_x01024_y00000.tif,0.0,0
64324,1536,0,64324_x01536_y00000.png,64324_x01536_y00000.png,64324_x01536_y00000.tif,0.0,0
64324,2048,0,64324_x02048_y00000.png,64324_x02048_y00000.png,64324_x02048_y00000.tif,0.0,0
64324,2560,0,64324_x02560_y00000.png,64324_x02560_y00000.png,64324_x02560_y00000.tif,0.0,0
64324,3072,0,64324_x03072_y00000.png,64324_x03072_y00000.png,64324_x03072_y00000.tif,0.0,0
64324,3584,0,64324_x03584_y00000.png,64324_x03584_y00000.png,64324_x03584_y00000.tif,0.0,0
64324,4096,0,64324_x04096_y00000.png,64324_x04096_y00000.png,64324_x04096_y00000.tif,0.0,0
64324,0,512,64324_x00000_y00512.png,64324_x00000_y00512.png,64324_x00000_y00512.tif,0.0,0
64324,512,512,64324_x00512_y00512.png,64324_x00512_y00512.png,64324_x00512_y00512.tif,0.0,0
64324,1024,512,64324_x01024_y00512.png,64324_x01024_y00512.png,64324_x01024_y00512.tif,0.0,0
64324,1536,512,64324_x01536_y00512.png,64324_x01536_y00512.png,64324_x01536_y00512.tif,0.0,0
64324,2048,512,64324_x02048_y00512.png,64324_x02048_y00512.png,64324_x02048_y00512.tif,0.0,0
64324,2560,512,64324_x02560_y00512.png,64324_x02560_y00512.png,64324_x02560_y00512.tif,0.0,0
64324,3072,512,64324_x03072_y00512.png,64324_x03072_y00512.png,64324_x03072_y00512.tif,0.0,0
64324,3584,512,64324_x03584_y00512.png,64324_x03584_y00512.png,64324_x03584_y00512.tif,0.0,0
64324,4096,512,64324_x04096_y00512.png,64324_x04096_y00512.png,64324_x04096_y00512.tif,0.0,0
64324,0,1024,64324_x00000_y01024.png,64324_x00000_y01024.png,64324_x00000_y01024.tif,0.0,0
64324,512,1024,64324_x00512_y01024.png,64324_x00512_y01024.png,64324_x00512_y01024.tif,0.0,0
64324,1024,1024,64324_x01024_y01024.png,64324_x01024_y01024.png,64324_x01024_y01024.tif,0.0,0
64324,1536,1024,64324_x01536_y01024.png,64324_x01536_y01024.png,64324_x01536_y01024.tif,0.0,0
64324,2048,1024,64324_x02048_y01024.png,64324_x02048_y01024.png,64324_x02048_y01024.tif,0.0,0
64324,2560,1024,64324_x02560_y01024.png,64324_x02560_y01024.png,64324_x02560_y01024.tif,0.0,0
64324,3072,1024,64324_x03072_y01024.png,64324_x03072_y01024.png,64324_x03072_y01024.tif,0.0,0
64324,3584,1024,64324_x03584_y01024.png,64324_x03584_y01024.png,64324_x03584_y01024.tif,0.0,0
64324,4096,1024,64324_x04096_y01024.png,64324_x04096_y01024.png,64324_x04096_y01024.tif,0.0,0
64324,0,1536,64324_x00000_y01536.png,64324_x00000_y01536.png,64324_x00000_y01536.tif,0.0,0
64324,512,1536,64324_x00512_y01536.png,64324_x00512_y01536.png,64324_x00512_y01536.tif,0.0,0
64324,1024,1536,64324_x01024_y01536.png,64324_x01024_y01536.png,64324_x01024_y01536.tif,0.0,0
64324,1536,1536,64324_x01536_y01536.png,64324_x01536_y01536.png,64324_x01536_y01536.tif,0.0,0
64324,2048,1536,64324_x02048_y01536.png,64324_x02048_y01536.png,64324_x02048_y01536.tif,0.0,0
64324,2560,1536,64324_x02560_y01536.png,64324_x02560_y01536.png,64324_x02560_y01536.tif,0.0,0
64324,3072,1536,64324_x03072_y01536.png,64324_x03072_y01536.png,64324_x03072_y01536.tif,0.0,0
64324,3584,1536,64324_x03584_y01536.png,64324_x03584_y01536.png,64324_x03584_y01536.tif,0.0,0
64324,4096,1536,64324_x04096_y01536.png,64324_x04096_y01536.png,64324_x04096_y01536.tif,0.0,0
64324,0,2048,64324_x00000_y02048.png,64324_x00000_y02048.png,64324_x00000_y02048.tif,0.0,0
64324,512,2048,64324_x00512_y02048.png,64324_x00512_y02048.png,64324_x00512_y02048.tif,0.0,0
64324,1024,2048,64324_x01024_y02048.png,64324_x01024_y02048.png,64324_x01024_y02048.tif,0.0,0
64324,1536,2048,64324_x01536_y02048.png,64324_x01536_y02048.png,64324_x01536_y02048.tif,0.0,0
64324,2048,2048,64324_x02048_y02048.png,64324_x02048_y02048.png,64324_x02048_y02048.tif,0.0,0
64324,2560,2048,64324_x02560_y02048.png,64324_x02560_y02048.png,64324_x02560_y02048.tif,0.0,0
64324,3072,2048,64324_x03072_y02048.png,64324_x03072_y02048.png,64324_x03072_y02048.tif,0.0,0
64324,3584,2048,64324_x03584_y02048.png,64324_x03584_y02048.png,64324_x03584_y02048.tif,0.0,0
64324,4096,2048,64324_x04096_y02048.png,64324_x04096_y02048.png,64324_x04096_y02048.tif,0.0,0
64324,0,2560,64324_x00000_y02560.png,64324_x00000_y02560.png,64324_x00000_y02560.tif,0.0,0
64324,512,2560,64324_x00512_y02560.png,64324_x00512_y02560.png,64324_x00512_y02560.tif,0.0,0
64324,1024,2560,64324_x01024_y02560.png,64324_x01024_y02560.png,64324_x01024_y02560.tif,0.0,0
64324,1536,2560,64324_x01536_y02560.png,64324_x01536_y02560.png,64324_x01536_y02560.tif,0.0,0
64324,2048,2560,64324_x02048_y02560.png,64324_x02048_y02560.png,64324_x02048_y02560.tif,0.0,0
64324,2560,2560,64324_x02560_y02560.png,64324_x02560_y02560.png,64324_x02560_y02560.tif,0.0,0
64324,3072,2560,64324_x03072_y02560.png,64324_x03072_y02560.png,64324_x03072_y02560.tif,0.0,0
64324,3584,2560,64324_x03584_y02560.png,64324_x03584_y02560.png,64324_x03584_y02560.tif,0.0,0
64324,4096,2560,64324_x04096_y02560.png,64324_x04096_y02560.png,64324_x04096_y02560.tif,0.0,0
64324,0,3072,64324_x00000_y03072.png,64324_x00000_y03072.png,64324_x00000_y03072.tif,0.0,0
64324,512,3072,64324_x00512_y03072.png,64324_x00512_y03072.png,64324_x00512_y03072.tif,0.0,0
64324,1024,3072,64324_x01024_y03072.png,64324_x01024_y03072.png,64324_x01024_y03072.tif,0.0,0
64324,1536,3072,64324_x01536_y03072.png,64324_x01536_y03072.png,64324_x01536_y03072.tif,0.0,0
64324,2048,3072,64324_x02048_y03072.png,64324_x02048_y03072.png,64324_x02048_y03072.tif,0.0,0
64324,2560,3072,64324_x02560_y03072.png,64324_x02560_y03072.png,64324_x02560_y03072.tif,0.0,0
64324,3072,3072,64324_x03072_y03072.png,64324_x03072_y03072.png,64324_x03072_y03072.tif,0.0,0
64324,3584,3072,64324_x03584_y03072.png,64324_x03584_y03072.png,64324_x03584_y03072.tif,0.0,0
64324,4096,3072,64324_x04096_y03072.png,64324_x04096_y03072.png,64324_x04096_y03072.tif,0.0,0
64324,0,3584,64324_x00000_y03584.png,64324_x00000_y03584.png,64324_x00000_y03584.tif,0.0,0
64324,512,3584,64324_x00512_y03584.png,64324_x00512_y03584.png,64324_x00512_y03584.tif,0.0,0
64324,1024,3584,64324_x01024_y03584.png,64324_x01024_y03584.png,64324_x01024_y03584.tif,0.0,0
64324,1536,3584,64324_x01536_y03584.png,64324_x01536_y03584.png,64324_x01536_y03584.tif,0.0,0
64324,2048,3584,64324_x02048_y03584.png,64324_x02048_y03584.png,64324_x02048_y03584.tif,0.0,0
64324,2560,3584,64324_x02560_y03584.png,64324_x02560_y03584.png,64324_x02560_y03584.tif,0.0,0
64324,3072,3584,64324_x03072_y03584.png,64324_x03072_y03584.png,64324_x03072_y03584.tif,0.0,0
64324,3584,3584,64324_x03584_y03584.png,64324_x03584_y03584.png,64324_x03584_y03584.tif,0.0,0
64324,4096,3584,64324_x04096_y03584.png,64324_x04096_y03584.png,64324_x04096_y03584.tif,0.0,0
64324,0,4096,64324_x00000_y04096.png,64324_x00000_y04096.png,64324_x00000_y04096.tif,0.0,0
64324,512,4096,64324_x00512_y04096.png,64324_x00512_y04096.png,64324_x00512_y04096.tif,0.0,0
64324,1024,4096,64324_x01024_y04096.png,64324_x01024_y04096.png,64324_x01024_y04096.tif,0.0,0
64324,1536,4096,64324_x01536_y04096.png,64324_x01536_y04096.png,64324_x01536_y04096.tif,0.0,0
64324,2048,4096,64324_x02048_y04096.png,64324_x02048_y04096.png,64324_x02048_y04096.tif,0.0,0
64324,2560,4096,64324_x02560_y04096.png,64324_x02560_y04096.png,64324_x02560_y04096.tif,0.0,0
64324,3072,4096,64324_x03072_y04096.png,64324_x03072_y04096.png,64324_x03072_y04096.tif,0.0,0
64324,3584,4096,64324_x03584_y04096.png,64324_x03584_y04096.png,64324_x03584_y04096.tif,0.0,0
64324,4096,4096,64324_x04096_y04096.png,64324_x04096_y04096.png,64324_x04096_y04096.tif,0.0,0
55003,0,0,55003_x00000_y00000.png,55003_x00000_y00000.png,55003_x00000_y00000.tif,0.0,0
55003,512,0,55003_x00512_y00000.png,55003_x00512_y00000.png,55003_x00512_y00000.tif,0.0,0
55003,1024,0,55003_x01024_y00000.png,55003_x01024_y00000.png,55003_x01024_y00000.tif,0.0,0
55003,1536,0,55003_x01536_y00000.png,55003_x01536_y00000.png,55003_x01536_y00000.tif,0.0,0
55003,2048,0,55003_x02048_y00000.png,55003_x02048_y00000.png,55003_x02048_y00000.tif,0.0,0
55003,2560,0,55003_x02560_y00000.png,55003_x02560_y00000.png,55003_x02560_y00000.tif,0.0,0
55003,3072,0,55003_x03072_y00000.png,55003_x03072_y00000.png,55003_x03072_y00000.tif,0.0,0
55003,3584,0,55003_x03584_y00000.png,55003_x03584_y00000.png,55003_x03584_y00000.tif,0.0,0
55003,4096,0,55003_x04096_y00000.png,55003_x04096_y00000.png,55003_x04096_y00000.tif,0.0,0
55003,0,512,55003_x00000_y00512.png,55003_x00000_y00512.png,55003_x00000_y00512.tif,0.0,0
55003,512,512,55003_x00512_y00512.png,55003_x00512_y00512.png,55003_x00512_y00512.tif,0.0,0
55003,1024,512,55003_x01024_y00512.png,55003_x01024_y00512.png,55003_x01024_y00512.tif,0.0,0
55003,1536,512,55003_x01536_y00512.png,55003_x01536_y00512.png,55003_x01536_y00512.tif,0.0,0
55003,2048,512,55003_x02048_y00512.png,55003_x02048_y00512.png,55003_x02048_y00512.tif,0.0,0
55003,2560,512,55003_x02560_y00512.png,55003_x02560_y00512.png,55003_x02560_y00512.tif,0.0,0
55003,3072,512,55003_x03072_y00512.png,55003_x03072_y00512.png,55003_x03072_y00512.tif,0.0,0
55003,3584,512,55003_x03584_y00512.png,55003_x03584_y00512.png,55003_x03584_y00512.tif,0.0,0
55003,4096,512,55003_x04096_y00512.png,55003_x04096_y00512.png,55003_x04096_y00512.tif,0.0,0
55003,0,1024,55003_x00000_y01024.png,55003_x00000_y01024.png,55003_x00000_y01024.tif,0.0,0
55003,512,1024,55003_x00512_y01024.png,55003_x00512_y01024.png,55003_x00512_y01024.tif,0.0,0
55003,1024,1024,55003_x01024_y01024.png,55003_x01024_y01024.png,55003_x01024_y01024.tif,0.0,0
55003,1536,1024,55003_x01536_y01024.png,55003_x01536_y01024.png,55003_x01536_y01024.tif,0.0,0
55003,2048,1024,55003_x02048_y01024.png,55003_x02048_y01024.png,55003_x02048_y01024.tif,0.0,0
55003,2560,1024,55003_x02560_y01024.png,55003_x02560_y01024.png,55003_x02560_y01024.tif,0.0,0
55003,3072,1024,55003_x03072_y01024.png,55003_x03072_y01024.png,55003_x03072_y01024.tif,0.0,0
55003,3584,1024,55003_x03584_y01024.png,55003_x03584_y01024.png,55003_x03584_y01024.tif,0.0,0
55003,4096,1024,55003_x04096_y01024.png,55003_x04096_y01024.png,55003_x04096_y01024.tif,0.0,0
55003,0,1536,55003_x00000_y01536.png,55003_x00000_y01536.png,55003_x00000_y01536.tif,0.0,0
55003,512,1536,55003_x00512_y01536.png,55003_x00512_y01536.png,55003_x00512_y01536.tif,0.0,0
55003,1024,1536,55003_x01024_y01536.png,55003_x01024_y01536.png,55003_x01024_y01536.tif,0.0,0
55003,1536,1536,55003_x01536_y01536.png,55003_x01536_y01536.png,55003_x01536_y01536.tif,0.0,0
55003,2048,1536,55003_x02048_y01536.png,55003_x02048_y01536.png,55003_x02048_y01536.tif,0.0,0
55003,2560,1536,55003_x02560_y01536.png,55003_x02560_y01536.png,55003_x02560_y01536.tif,0.0,0
55003,3072,1536,55003_x03072_y01536.png,55003_x03072_y01536.png,55003_x03072_y01536.tif,0.0,0
55003,3584,1536,55003_x03584_y01536.png,55003_x03584_y01536.png,55003_x03584_y01536.tif,0.0,0
55003,4096,1536,55003_x04096_y01536.png,55003_x04096_y01536.png,55003_x04096_y01536.tif,0.0,0
55003,0,2048,55003_x00000_y02048.png,55003_x00000_y02048.png,55003_x00000_y02048.tif,0.026767730712890625,7017
55003,512,2048,55003_x00512_y02048.png,55003_x00512_y02048.png,55003_x00512_y02048.tif,0.0,0
55003,1024,2048,55003_x01024_y02048.png,55003_x01024_y02048.png,55003_x01024_y02048.tif,0.0,0
55003,1536,2048,55003_x01536_y02048.png,55003_x01536_y02048.png,55003_x01536_y02048.tif,0.0,0
55003,2048,2048,55003_x02048_y02048.png,55003_x02048_y02048.png,55003_x02048_y02048.tif,0.0,0
55003,2560,2048,55003_x02560_y02048.png,55003_x02560_y02048.png,55003_x02560_y02048.tif,0.0,0
55003,3072,2048,55003_x03072_y02048.png,55003_x03072_y02048.png,55003_x03072_y02048.tif,0.0,0
55003,3584,2048,55003_x03584_y02048.png,55003_x03584_y02048.png,55003_x03584_y02048.tif,0.0,0
55003,4096,2048,55003_x04096_y02048.png,55003_x04096_y02048.png,55003_x04096_y02048.tif,0.0,0
55003,0,2560,55003_x00000_y02560.png,55003_x00000_y02560.png,55003_x00000_y02560.tif,0.0,0
55003,512,2560,55003_x00512_y02560.png,55003_x00512_y02560.png,55003_x00512_y02560.tif,0.0,0
55003,1024,2560,55003_x01024_y02560.png,55003_x01024_y02560.png,55003_x01024_y02560.tif,0.0,0
55003,1536,2560,55003_x01536_y02560.png,55003_x01536_y02560.png,55003_x01536_y02560.tif,0.0,0
55003,2048,2560,55003_x02048_y02560.png,55003_x02048_y02560.png,55003_x02048_y02560.tif,0.0,0
55003,2560,2560,55003_x02560_y02560.png,55003_x02560_y02560.png,55003_x02560_y02560.tif,0.0,0
55003,3072,2560,55003_x03072_y02560.png,55003_x03072_y02560.png,55003_x03072_y02560.tif,0.0,0
55003,3584,2560,55003_x03584_y02560.png,55003_x03584_y02560.png,55003_x03584_y02560.tif,0.0,0
55003,4096,2560,55003_x04096_y02560.png,55003_x04096_y02560.png,55003_x04096_y02560.tif,0.0,0
55003,0,3072,55003_x00000_y03072.png,55003_x00000_y03072.png,55003_x00000_y03072.tif,0.0,0
55003,512,3072,55003_x00512_y03072.png,55003_x00512_y03072.png,55003_x00512_y03072.tif,0.0,0
55003,1024,3072,55003_x01024_y03072.png,55003_x01024_y03072.png,55003_x01024_y03072.tif,0.0,0
55003,1536,3072,55003_x01536_y03072.png,55003_x01536_y03072.png,55003_x01536_y03072.tif,0.0,0
55003,2048,3072,55003_x02048_y03072.png,55003_x02048_y03072.png,55003_x02048_y03072.tif,0.0,0
55003,2560,3072,55003_x02560_y03072.png,55003_x02560_y03072.png,55003_x02560_y03072.tif,0.0,0
55003,3072,3072,55003_x03072_y03072.png,55003_x03072_y03072.png,55003_x03072_y03072.tif,0.0,0
55003,3584,3072,55003_x03584_y03072.png,55003_x03584_y03072.png,55003_x03584_y03072.tif,0.0,0
55003,4096,3072,55003_x04096_y03072.png,55003_x04096_y03072.png,55003_x04096_y03072.tif,0.0,0
55003,0,3584,55003_x00000_y03584.png,55003_x00000_y03584.png,55003_x00000_y03584.tif,0.0,0
55003,512,3584,55003_x00512_y03584.png,55003_x00512_y03584.png,55003_x00512_y03584.tif,0.0,0
55003,1024,3584,55003_x01024_y03584.png,55003_x01024_y03584.png,55003_x01024_y03584.tif,0.0,0
55003,1536,3584,55003_x01536_y03584.png,55003_x01536_y03584.png,55003_x01536_y03584.tif,0.0,0
55003,2048,3584,55003_x02048_y03584.png,55003_x02048_y03584.png,55003_x02048_y03584.tif,0.0,0
55003,2560,3584,55003_x02560_y03584.png,55003_x02560_y03584.png,55003_x02560_y03584.tif,0.0,0
55003,3072,3584,55003_x03072_y03584.png,55003_x03072_y03584.png,55003_x03072_y03584.tif,0.0,0
55003,3584,3584,55003_x03584_y03584.png,55003_x03584_y03584.png,55003_x03584_y03584.tif,0.0,0
55003,4096,3584,55003_x04096_y03584.png,55003_x04096_y03584.png,55003_x04096_y03584.tif,0.0,0
55003,0,4096,55003_x00000_y04096.png,55003_x00000_y04096.png,55003_x00000_y04096.tif,0.0,0
55003,512,4096,55003_x00512_y04096.png,55003_x00512_y04096.png,55003_x00512_y04096.tif,0.0,0
55003,1024,4096,55003_x01024_y04096.png,55003_x01024_y04096.png,55003_x01024_y04096.tif,0.0,0
55003,1536,4096,55003_x01536_y04096.png,55003_x01536_y04096.png,55003_x01536_y04096.tif,0.0,0
55003,2048,4096,55003_x02048_y04096.png,55003_x02048_y04096.png,55003_x02048_y04096.tif,0.0,0
55003,2560,4096,55003_x02560_y04096.png,55003_x02560_y04096.png,55003_x02560_y04096.tif,0.0,0
55003,3072,4096,55003_x03072_y04096.png,55003_x03072_y04096.png,55003_x03072_y04096.tif,0.0,0
55003,3584,4096,55003_x03584_y04096.png,55003_x03584_y04096.png,55003_x03584_y04096.tif,0.0,0
55003,4096,4096,55003_x04096_y04096.png,55003_x04096_y04096.png,55003_x04096_y04096.tif,0.0,0
53902,0,0,53902_x00000_y00000.png,53902_x00000_y00000.png,53902_x00000_y00000.tif,0.0,0
53902,512,0,53902_x00512_y00000.png,53902_x00512_y00000.png,53902_x00512_y00000.tif,0.0,0
53902,1024,0,53902_x01024_y00000.png,53902_x01024_y00000.png,53902_x01024_y00000.tif,0.0,0
53902,1536,0,53902_x01536_y00000.png,53902_x01536_y00000.png,53902_x01536_y00000.tif,0.0,0
53902,2048,0,53902_x02048_y00000.png,53902_x02048_y00000.png,53902_x02048_y00000.tif,0.0,0
53902,2560,0,53902_x02560_y00000.png,53902_x02560_y00000.png,53902_x02560_y00000.tif,0.0,0
53902,3072,0,53902_x03072_y00000.png,53902_x03072_y00000.png,53902_x03072_y00000.tif,0.0,0
53902,3584,0,53902_x03584_y00000.png,53902_x03584_y00000.png,53902_x03584_y00000.tif,0.0,0
53902,4096,0,53902_x04096_y00000.png,53902_x04096_y00000.png,53902_x04096_y00000.tif,0.0,0
53902,0,512,53902_x00000_y00512.png,53902_x00000_y00512.png,53902_x00000_y00512.tif,0.0273284912109375,7164
53902,512,512,53902_x00512_y00512.png,53902_x00512_y00512.png,53902_x00512_y00512.tif,0.0,0
53902,1024,512,53902_x01024_y00512.png,53902_x01024_y00512.png,53902_x01024_y00512.tif,0.0,0
53902,1536,512,53902_x01536_y00512.png,53902_x01536_y00512.png,53902_x01536_y00512.tif,0.0,0
53902,2048,512,53902_x02048_y00512.png,53902_x02048_y00512.png,53902_x02048_y00512.tif,0.0,0
53902,2560,512,53902_x02560_y00512.png,53902_x02560_y00512.png,53902_x02560_y00512.tif,0.0,0
53902,3072,512,53902_x03072_y00512.png,53902_x03072_y00512.png,53902_x03072_y00512.tif,0.0,0
53902,3584,512,53902_x03584_y00512.png,53902_x03584_y00512.png,53902_x03584_y00512.tif,0.0,0
53902,4096,512,53902_x04096_y00512.png,53902_x04096_y00512.png,53902_x04096_y00512.tif,0.0,0
53902,0,1024,53902_x00000_y01024.png,53902_x00000_y01024.png,53902_x00000_y01024.tif,0.0,0
53902,512,1024,53902_x00512_y01024.png,53902_x00512_y01024.png,53902_x00512_y01024.tif,0.0,0
53902,1024,1024,53902_x01024_y01024.png,53902_x01024_y01024.png,53902_x01024_y01024.tif,0.0,0
53902,1536,1024,53902_x01536_y01024.png,53902_x01536_y01024.png,53902_x01536_y01024.tif,0.0,0
53902,2048,1024,53902_x02048_y01024.png,53902_x02048_y01024.png,53902_x02048_y01024.tif,0.0,0
53902,2560,1024,53902_x02560_y01024.png,53902_x02560_y01024.png,53902_x02560_y01024.tif,0.0,0
53902,3072,1024,53902_x03072_y01024.png,53902_x03072_y01024.png,53902_x03072_y01024.tif,0.0,0
53902,3584,1024,53902_x03584_y01024.png,53902_x03584_y01024.png,53902_x03584_y01024.tif,0.0,0
53902,4096,1024,53902_x04096_y01024.png,53902_x04096_y01024.png,53902_x04096_y01024.tif,0.0,0
53902,0,1536,53902_x00000_y01536.png,53902_x00000_y01536.png,53902_x00000_y01536.tif,0.0,0
53902,512,1536,53902_x00512_y01536.png,53902_x00512_y01536.png,53902_x00512_y01536.tif,0.0,0
53902,1024,1536,53902_x01024_y01536.png,53902_x01024_y01536.png,53902_x01024_y01536.tif,0.0,0
53902,1536,1536,53902_x01536_y01536.png,53902_x01536_y01536.png,53902_x01536_y01536.tif,0.0,0
53902,2048,1536,53902_x02048_y01536.png,53902_x02048_y01536.png,53902_x02048_y01536.tif,0.0,0
53902,2560,1536,53902_x02560_y01536.png,53902_x02560_y01536.png,53902_x02560_y01536.tif,0.0,0
53902,3072,1536,53902_x03072_y01536.png,53902_x03072_y01536.png,53902_x03072_y01536.tif,0.0,0
53902,3584,1536,53902_x03584_y01536.png,53902_x03584_y01536.png,53902_x03584_y01536.tif,0.0,0
53902,4096,1536,53902_x04096_y01536.png,53902_x04096_y01536.png,53902_x04096_y01536.tif,0.0,0
53902,0,2048,53902_x00000_y02048.png,53902_x00000_y02048.png,53902_x00000_y02048.tif,0.0,0
53902,512,2048,53902_x00512_y02048.png,53902_x00512_y02048.png,53902_x00512_y02048.tif,0.0,0
53902,1024,2048,53902_x01024_y02048.png,53902_x01024_y02048.png,53902_x01024_y02048.tif,0.0,0
53902,1536,2048,53902_x01536_y02048.png,53902_x01536_y02048.png,53902_x01536_y02048.tif,0.0,0
53902,2048,2048,53902_x02048_y02048.png,53902_x02048_y02048.png,53902_x02048_y02048.tif,0.0,0
53902,2560,2048,53902_x02560_y02048.png,53902_x02560_y02048.png,53902_x02560_y02048.tif,0.0,0
53902,3072,2048,53902_x03072_y02048.png,53902_x03072_y02048.png,53902_x03072_y02048.tif,0.0,0
53902,3584,2048,53902_x03584_y02048.png,53902_x03584_y02048.png,53902_x03584_y02048.tif,0.0,0
53902,4096,2048,53902_x04096_y02048.png,53902_x04096_y02048.png,53902_x04096_y02048.tif,0.0,0
53902,0,2560,53902_x00000_y02560.png,53902_x00000_y02560.png,53902_x00000_y02560.tif,0.0,0
53902,512,2560,53902_x00512_y02560.png,53902_x00512_y02560.png,53902_x00512_y02560.tif,0.0,0
53902,1024,2560,53902_x01024_y02560.png,53902_x01024_y02560.png,53902_x01024_y02560.tif,0.0,0
53902,1536,2560,53902_x01536_y02560.png,53902_x01536_y02560.png,53902_x01536_y02560.tif,0.0,0
53902,2048,2560,53902_x02048_y02560.png,53902_x02048_y02560.png,53902_x02048_y02560.tif,0.0,0
53902,2560,2560,53902_x02560_y02560.png,53902_x02560_y02560.png,53902_x02560_y02560.tif,0.0,0
53902,3072,2560,53902_x03072_y02560.png,53902_x03072_y02560.png,53902_x03072_y02560.tif,0.0,0
53902,3584,2560,53902_x03584_y02560.png,53902_x03584_y02560.png,53902_x03584_y02560.tif,0.0,0
53902,4096,2560,53902_x04096_y02560.png,53902_x04096_y02560.png,53902_x04096_y02560.tif,0.0,0
53902,0,3072,53902_x00000_y03072.png,53902_x00000_y03072.png,53902_x00000_y03072.tif,0.0,0
53902,512,3072,53902_x00512_y03072.png,53902_x00512_y03072.png,53902_x00512_y03072.tif,0.0,0
53902,1024,3072,53902_x01024_y03072.png,53902_x01024_y03072.png,53902_x01024_y03072.tif,0.0,0
53902,1536,3072,53902_x01536_y03072.png,53902_x01536_y03072.png,53902_x01536_y03072.tif,0.0,0
53902,2048,3072,53902_x02048_y03072.png,53902_x02048_y03072.png,53902_x02048_y03072.tif,0.0,0
53902,2560,3072,53902_x02560_y03072.png,53902_x02560_y03072.png,53902_x02560_y03072.tif,0.0,0
53902,3072,3072,53902_x03072_y03072.png,53902_x03072_y03072.png,53902_x03072_y03072.tif,0.0,0
53902,3584,3072,53902_x03584_y03072.png,53902_x03584_y03072.png,53902_x03584_y03072.tif,0.0,0
53902,4096,3072,53902_x04096_y03072.png,53902_x04096_y03072.png,53902_x04096_y03072.tif,0.0,0
53902,0,3584,53902_x00000_y03584.png,53902_x00000_y03584.png,53902_x00000_y03584.tif,0.0,0
53902,512,3584,53902_x00512_y03584.png,53902_x00512_y03584.png,53902_x00512_y03584.tif,0.0,0
53902,1024,3584,53902_x01024_y03584.png,53902_x01024_y03584.png,53902_x01024_y03584.tif,0.0,0
53902,1536,3584,53902_x01536_y03584.png,53902_x01536_y03584.png,53902_x01536_y03584.tif,0.0,0
53902,2048,3584,53902_x02048_y03584.png,53902_x02048_y03584.png,53902_x02048_y03584.tif,0.0,0
53902,2560,3584,53902_x02560_y03584.png,53902_x02560_y03584.png,53902_x02560_y03584.tif,0.0,0
53902,3072,3584,53902_x03072_y03584.png,53902_x03072_y03584.png,53902_x03072_y03584.tif,0.0,0
53902,3584,3584,53902_x03584_y03584.png,53902_x03584_y03584.png,53902_x03584_y03584.tif,0.0,0
53902,4096,3584,53902_x04096_y03584.png,53902_x04096_y03584.png,53902_x04096_y03584.tif,0.0,0
53902,0,4096,53902_x00000_y04096.png,53902_x00000_y04096.png,53902_x00000_y04096.tif,0.0,0
53902,512,4096,53902_x00512_y04096.png,53902_x00512_y04096.png,53902_x00512_y04096.tif,0.0,0
53902,1024,4096,53902_x01024_y04096.png,53902_x01024_y04096.png,53902_x01024_y04096.tif,0.0,0
53902,1536,4096,53902_x01536_y04096.png,53902_x01536_y04096.png,53902_x01536_y04096.tif,0.0,0
53902,2048,4096,53902_x02048_y04096.png,53902_x02048_y04096.png,53902_x02048_y04096.tif,0.0,0
53902,2560,4096,53902_x02560_y04096.png,53902_x02560_y04096.png,53902_x02560_y04096.tif,0.0,0
53902,3072,4096,53902_x03072_y04096.png,53902_x03072_y04096.png,53902_x03072_y04096.tif,0.0,0
53902,3584,4096,53902_x03584_y04096.png,53902_x03584_y04096.png,53902_x03584_y04096.tif,0.0,0
53902,4096,4096,53902_x04096_y04096.png,53902_x04096_y04096.png,53902_x04096_y04096.tif,0.0,0
54632,0,0,54632_x00000_y00000.png,54632_x00000_y00000.png,54632_x00000_y00000.tif,0.0,0
54632,512,0,54632_x00512_y00000.png,54632_x00512_y00000.png,54632_x00512_y00000.tif,0.0,0
54632,1024,0,54632_x01024_y00000.png,54632_x01024_y00000.png,54632_x01024_y00000.tif,0.0,0
54632,1536,0,54632_x01536_y00000.png,54632_x01536_y00000.png,54632_x01536_y00000.tif,0.0,0
54632,2048,0,54632_x02048_y00000.png,54632_x02048_y00000.png,54632_x02048_y00000.tif,0.0,0
54632,2560,0,54632_x02560_y00000.png,54632_x02560_y00000.png,54632_x02560_y00000.tif,0.0,0
54632,3072,0,54632_x03072_y00000.png,54632_x03072_y00000.png,54632_x03072_y00000.tif,0.0,0
54632,3584,0,54632_x03584_y00000.png,54632_x03584_y00000.png,54632_x03584_y00000.tif,0.0,0
54632,4096,0,54632_x04096_y00000.png,54632_x04096_y00000.png,54632_x04096_y00000.tif,0.0,0
54632,0,512,54632_x00000_y00512.png,54632_x00000_y00512.png,54632_x00000_y00512.tif,0.0,0
54632,512,512,54632_x00512_y00512.png,54632_x00512_y00512.png,54632_x00512_y00512.tif,0.0,0
54632,1024,512,54632_x01024_y00512.png,54632_x01024_y00512.png,54632_x01024_y00512.tif,0.0,0
54632,1536,512,54632_x01536_y00512.png,54632_x01536_y00512.png,54632_x01536_y00512.tif,0.0,0
54632,2048,512,54632_x02048_y00512.png,54632_x02048_y00512.png,54632_x02048_y00512.tif,0.0,0
54632,2560,512,54632_x02560_y00512.png,54632_x02560_y00512.png,54632_x02560_y00512.tif,0.0,0
54632,3072,512,54632_x03072_y00512.png,54632_x03072_y00512.png,54632_x03072_y00512.tif,0.0,0
54632,3584,512,54632_x03584_y00512.png,54632_x03584_y00512.png,54632_x03584_y00512.tif,0.0,0
54632,4096,512,54632_x04096_y00512.png,54632_x04096_y00512.png,54632_x04096_y00512.tif,0.0,0
54632,0,1024,54632_x00000_y01024.png,54632_x00000_y01024.png,54632_x00000_y01024.tif,0.0,0
54632,512,1024,54632_x00512_y01024.png,54632_x00512_y01024.png,54632_x00512_y01024.tif,0.0,0
54632,1024,1024,54632_x01024_y01024.png,54632_x01024_y01024.png,54632_x01024_y01024.tif,0.0,0
54632,1536,1024,54632_x01536_y01024.png,54632_x01536_y01024.png,54632_x01536_y01024.tif,0.0,0
54632,2048,1024,54632_x02048_y01024.png,54632_x02048_y01024.png,54632_x02048_y01024.tif,0.0,0
54632,2560,1024,54632_x02560_y01024.png,54632_x02560_y01024.png,54632_x02560_y01024.tif,0.0,0
54632,3072,1024,54632_x03072_y01024.png,54632_x03072_y01024.png,54632_x03072_y01024.tif,0.0,0
54632,3584,1024,54632_x03584_y01024.png,54632_x03584_y01024.png,54632_x03584_y01024.tif,0.0,0
54632,4096,1024,54632_x04096_y01024.png,54632_x04096_y01024.png,54632_x04096_y01024.tif,0.0,0
54632,0,1536,54632_x00000_y01536.png,54632_x00000_y01536.png,54632_x00000_y01536.tif,0.0,0
54632,512,1536,54632_x00512_y01536.png,54632_x00512_y01536.png,54632_x00512_y01536.tif,0.0,0
54632,1024,1536,54632_x01024_y01536.png,54632_x01024_y01536.png,54632_x01024_y01536.tif,0.0224609375,5888
54632,1536,1536,54632_x01536_y01536.png,54632_x01536_y01536.png,54632_x01536_y01536.tif,0.0,0
54632,2048,1536,54632_x02048_y01536.png,54632_x02048_y01536.png,54632_x02048_y01536.tif,0.0,0
54632,2560,1536,54632_x02560_y01536.png,54632_x02560_y01536.png,54632_x02560_y01536.tif,0.0,0
54632,3072,1536,54632_x03072_y01536.png,54632_x03072_y01536.png,54632_x03072_y01536.tif,0.0,0
54632,3584,1536,54632_x03584_y01536.png,54632_x03584_y01536.png,54632_x03584_y01536.tif,0.0,0
54632,4096,1536,54632_x04096_y01536.png,54632_x04096_y01536.png,54632_x04096_y01536.tif,0.0,0
54632,0,2048,54632_x00000_y02048.png,54632_x00000_y02048.png,54632_x00000_y02048.tif,0.0,0
54632,512,2048,54632_x00512_y02048.png,54632_x00512_y02048.png,54632_x00512_y02048.tif,0.0,0
54632,1024,2048,54632_x01024_y02048.png,54632_x01024_y02048.png,54632_x01024_y02048.tif,0.029083251953125,7624
54632,1536,2048,54632_x01536_y02048.png,54632_x01536_y02048.png,54632_x01536_y02048.tif,0.0,0
54632,2048,2048,54632_x02048_y02048.png,54632_x02048_y02048.png,54632_x02048_y02048.tif,0.0,0
54632,2560,2048,54632_x02560_y02048.png,54632_x02560_y02048.png,54632_x02560_y02048.tif,0.0,0
54632,3072,2048,54632_x03072_y02048.png,54632_x03072_y02048.png,54632_x03072_y02048.tif,0.0,0
54632,3584,2048,54632_x03584_y02048.png,54632_x03584_y02048.png,54632_x03584_y02048.tif,0.0,0
54632,4096,2048,54632_x04096_y02048.png,54632_x04096_y02048.png,54632_x04096_y02048.tif,0.0,0
54632,0,2560,54632_x00000_y02560.png,54632_x00000_y02560.png,54632_x00000_y02560.tif,0.0,0
54632,512,2560,54632_x00512_y02560.png,54632_x00512_y02560.png,54632_x00512_y02560.tif,0.0,0
54632,1024,2560,54632_x01024_y02560.png,54632_x01024_y02560.png,54632_x01024_y02560.tif,0.0,0
54632,1536,2560,54632_x01536_y02560.png,54632_x01536_y02560.png,54632_x01536_y02560.tif,0.0,0
54632,2048,2560,54632_x02048_y02560.png,54632_x02048_y02560.png,54632_x02048_y02560.tif,0.0,0
54632,2560,2560,54632_x02560_y02560.png,54632_x02560_y02560.png,54632_x02560_y02560.tif,0.0,0
54632,3072,2560,54632_x03072_y02560.png,54632_x03072_y02560.png,54632_x03072_y02560.tif,0.0,0
54632,3584,2560,54632_x03584_y02560.png,54632_x03584_y02560.png,54632_x03584_y02560.tif,0.0,0
54632,4096,2560,54632_x04096_y02560.png,54632_x04096_y02560.png,54632_x04096_y02560.tif,0.0,0
54632,0,3072,54632_x00000_y03072.png,54632_x00000_y03072.png,54632_x00000_y03072.tif,0.0,0
54632,512,3072,54632_x00512_y03072.png,54632_x00512_y03072.png,54632_x00512_y03072.tif,0.0,0
54632,1024,3072,54632_x01024_y03072.png,54632_x01024_y03072.png,54632_x01024_y03072.tif,0.0,0
54632,1536,3072,54632_x01536_y03072.png,54632_x01536_y03072.png,54632_x01536_y03072.tif,0.0,0
54632,2048,3072,54632_x02048_y03072.png,54632_x02048_y03072.png,54632_x02048_y03072.tif,0.0,0
54632,2560,3072,54632_x02560_y03072.png,54632_x02560_y03072.png,54632_x02560_y03072.tif,0.0,0
54632,3072,3072,54632_x03072_y03072.png,54632_x03072_y03072.png,54632_x03072_y03072.tif,0.0,0
54632,3584,3072,54632_x03584_y03072.png,54632_x03584_y03072.png,54632_x03584_y03072.tif,0.0,0
54632,4096,3072,54632_x04096_y03072.png,54632_x04096_y03072.png,54632_x04096_y03072.tif,0.0,0
54632,0,3584,54632_x00000_y03584.png,54632_x00000_y03584.png,54632_x00000_y03584.tif,0.0,0
54632,512,3584,54632_x00512_y03584.png,54632_x00512_y03584.png,54632_x00512_y03584.tif,0.0,0
54632,1024,3584,54632_x01024_y03584.png,54632_x01024_y03584.png,54632_x01024_y03584.tif,0.0,0
54632,1536,3584,54632_x01536_y03584.png,54632_x01536_y03584.png,54632_x01536_y03584.tif,0.0,0
54632,2048,3584,54632_x02048_y03584.png,54632_x02048_y03584.png,54632_x02048_y03584.tif,0.0,0
54632,2560,3584,54632_x02560_y03584.png,54632_x02560_y03584.png,54632_x02560_y03584.tif,0.0,0
54632,3072,3584,54632_x03072_y03584.png,54632_x03072_y03584.png,54632_x03072_y03584.tif,0.0,0
54632,3584,3584,54632_x03584_y03584.png,54632_x03584_y03584.png,54632_x03584_y03584.tif,0.0,0
54632,4096,3584,54632_x04096_y03584.png,54632_x04096_y03584.png,54632_x04096_y03584.tif,0.0,0
54632,0,4096,54632_x00000_y04096.png,54632_x00000_y04096.png,54632_x00000_y04096.tif,0.0,0
54632,512,4096,54632_x00512_y04096.png,54632_x00512_y04096.png,54632_x00512_y04096.tif,0.0,0
54632,1024,4096,54632_x01024_y04096.png,54632_x01024_y04096.png,54632_x01024_y04096.tif,0.0,0
54632,1536,4096,54632_x01536_y04096.png,54632_x01536_y04096.png,54632_x01536_y04096.tif,0.0,0
54632,2048,4096,54632_x02048_y04096.png,54632_x02048_y04096.png,54632_x02048_y04096.tif,0.0,0
54632,2560,4096,54632_x02560_y04096.png,54632_x02560_y04096.png,54632_x02560_y04096.tif,0.0,0
54632,3072,4096,54632_x03072_y04096.png,54632_x03072_y04096.png,54632_x03072_y04096.tif,0.0,0
54632,3584,4096,54632_x03584_y04096.png,54632_x03584_y04096.png,54632_x03584_y04096.tif,0.0,0
54632,4096,4096,54632_x04096_y04096.png,54632_x04096_y04096.png,54632_x04096_y04096.tif,0.0,0
64933,0,0,64933_x00000_y00000.png,64933_x00000_y00000.png,64933_x00000_y00000.tif,0.0,0
64933,512,0,64933_x00512_y00000.png,64933_x00512_y00000.png,64933_x00512_y00000.tif,0.0,0
64933,1024,0,64933_x01024_y00000.png,64933_x01024_y00000.png,64933_x01024_y00000.tif,0.0,0
64933,1536,0,64933_x01536_y00000.png,64933_x01536_y00000.png,64933_x01536_y00000.tif,0.0,0
64933,2048,0,64933_x02048_y00000.png,64933_x02048_y00000.png,64933_x02048_y00000.tif,0.0,0
64933,2560,0,64933_x02560_y00000.png,64933_x02560_y00000.png,64933_x02560_y00000.tif,0.0,0
64933,3072,0,64933_x03072_y00000.png,64933_x03072_y00000.png,64933_x03072_y00000.tif,0.0,0
64933,3584,0,64933_x03584_y00000.png,64933_x03584_y00000.png,64933_x03584_y00000.tif,0.0,0
64933,4096,0,64933_x04096_y00000.png,64933_x04096_y00000.png,64933_x04096_y00000.tif,0.0,0
64933,0,512,64933_x00000_y00512.png,64933_x00000_y00512.png,64933_x00000_y00512.tif,0.0,0
64933,512,512,64933_x00512_y00512.png,64933_x00512_y00512.png,64933_x00512_y00512.tif,0.0,0
64933,1024,512,64933_x01024_y00512.png,64933_x01024_y00512.png,64933_x01024_y00512.tif,0.0,0
64933,1536,512,64933_x01536_y00512.png,64933_x01536_y00512.png,64933_x01536_y00512.tif,0.0,0
64933,2048,512,64933_x02048_y00512.png,64933_x02048_y00512.png,64933_x02048_y00512.tif,0.0,0
64933,2560,512,64933_x02560_y00512.png,64933_x02560_y00512.png,64933_x02560_y00512.tif,0.0,0
64933,3072,512,64933_x03072_y00512.png,64933_x03072_y00512.png,64933_x03072_y00512.tif,0.0,0
64933,3584,512,64933_x03584_y00512.png,64933_x03584_y00512.png,64933_x03584_y00512.tif,0.0,0
64933,4096,512,64933_x04096_y00512.png,64933_x04096_y00512.png,64933_x04096_y00512.tif,0.0,0
64933,0,1024,64933_x00000_y01024.png,64933_x00000_y01024.png,64933_x00000_y01024.tif,0.0,0
64933,512,1024,64933_x00512_y01024.png,64933_x00512_y01024.png,64933_x00512_y01024.tif,0.0,0
64933,1024,1024,64933_x01024_y01024.png,64933_x01024_y01024.png,64933_x01024_y01024.tif,0.0,0
64933,1536,1024,64933_x01536_y01024.png,64933_x01536_y01024.png,64933_x01536_y01024.tif,0.0,0
64933,2048,1024,64933_x02048_y01024.png,64933_x02048_y01024.png,64933_x02048_y01024.tif,0.0,0
64933,2560,1024,64933_x02560_y01024.png,64933_x02560_y01024.png,64933_x02560_y01024.tif,0.0,0
64933,3072,1024,64933_x03072_y01024.png,64933_x03072_y01024.png,64933_x03072_y01024.tif,0.0,0
64933,3584,1024,64933_x03584_y01024.png,64933_x03584_y01024.png,64933_x03584_y01024.tif,0.0,0
64933,4096,1024,64933_x04096_y01024.png,64933_x04096_y01024.png,64933_x04096_y01024.tif,0.0,0
64933,0,1536,64933_x00000_y01536.png,64933_x00000_y01536.png,64933_x00000_y01536.tif,0.0,0
64933,512,1536,64933_x00512_y01536.png,64933_x00512_y01536.png,64933_x00512_y01536.tif,0.0,0
64933,1024,1536,64933_x01024_y01536.png,64933_x01024_y01536.png,64933_x01024_y01536.tif,0.0,0
64933,1536,1536,64933_x01536_y01536.png,64933_x01536_y01536.png,64933_x01536_y01536.tif,0.0,0
64933,2048,1536,64933_x02048_y01536.png,64933_x02048_y01536.png,64933_x02048_y01536.tif,0.0,0
64933,2560,1536,64933_x02560_y01536.png,64933_x02560_y01536.png,64933_x02560_y01536.tif,0.0,0
64933,3072,1536,64933_x03072_y01536.png,64933_x03072_y01536.png,64933_x03072_y01536.tif,0.0,0
64933,3584,1536,64933_x03584_y01536.png,64933_x03584_y01536.png,64933_x03584_y01536.tif,0.0,0
64933,4096,1536,64933_x04096_y01536.png,64933_x04096_y01536.png,64933_x04096_y01536.tif,0.0,0
64933,0,2048,64933_x00000_y02048.png,64933_x00000_y02048.png,64933_x00000_y02048.tif,0.0,0
64933,512,2048,64933_x00512_y02048.png,64933_x00512_y02048.png,64933_x00512_y02048.tif,0.0,0
64933,1024,2048,64933_x01024_y02048.png,64933_x01024_y02048.png,64933_x01024_y02048.tif,0.0,0
64933,1536,2048,64933_x01536_y02048.png,64933_x01536_y02048.png,64933_x01536_y02048.tif,0.0,0
64933,2048,2048,64933_x02048_y02048.png,64933_x02048_y02048.png,64933_x02048_y02048.tif,0.0,0
64933,2560,2048,64933_x02560_y02048.png,64933_x02560_y02048.png,64933_x02560_y02048.tif,0.0,0
64933,3072,2048,64933_x03072_y02048.png,64933_x03072_y02048.png,64933_x03072_y02048.tif,0.0,0
64933,3584,2048,64933_x03584_y02048.png,64933_x03584_y02048.png,64933_x03584_y02048.tif,0.0,0
64933,4096,2048,64933_x04096_y02048.png,64933_x04096_y02048.png,64933_x04096_y02048.tif,0.0,0
64933,0,2560,64933_x00000_y02560.png,64933_x00000_y02560.png,64933_x00000_y02560.tif,0.0,0
64933,512,2560,64933_x00512_y02560.png,64933_x00512_y02560.png,64933_x00512_y02560.tif,0.0,0
64933,1024,2560,64933_x01024_y02560.png,64933_x01024_y02560.png,64933_x01024_y02560.tif,0.0,0
64933,1536,2560,64933_x01536_y02560.png,64933_x01536_y02560.png,64933_x01536_y02560.tif,0.0,0
64933,2048,2560,64933_x02048_y02560.png,64933_x02048_y02560.png,64933_x02048_y02560.tif,0.0,0
64933,2560,2560,64933_x02560_y02560.png,64933_x02560_y02560.png,64933_x02560_y02560.tif,0.0,0
64933,3072,2560,64933_x03072_y02560.png,64933_x03072_y02560.png,64933_x03072_y02560.tif,0.0,0
64933,3584,2560,64933_x03584_y02560.png,64933_x03584_y02560.png,64933_x03584_y02560.tif,0.0,0
64933,4096,2560,64933_x04096_y02560.png,64933_x04096_y02560.png,64933_x04096_y02560.tif,0.0,0
64933,0,3072,64933_x00000_y03072.png,64933_x00000_y03072.png,64933_x00000_y03072.tif,0.0,0
64933,512,3072,64933_x00512_y03072.png,64933_x00512_y03072.png,64933_x00512_y03072.tif,0.0,0
64933,1024,3072,64933_x01024_y03072.png,64933_x01024_y03072.png,64933_x01024_y03072.tif,0.0,0
64933,1536,3072,64933_x01536_y03072.png,64933_x01536_y03072.png,64933_x01536_y03072.tif,0.025943756103515625,6801
64933,2048,3072,64933_x02048_y03072.png,64933_x02048_y03072.png,64933_x02048_y03072.tif,0.046604156494140625,12217
64933,2560,3072,64933_x02560_y03072.png,64933_x02560_y03072.png,64933_x02560_y03072.tif,0.0,0
64933,3072,3072,64933_x03072_y03072.png,64933_x03072_y03072.png,64933_x03072_y03072.tif,0.0,0
64933,3584,3072,64933_x03584_y03072.png,64933_x03584_y03072.png,64933_x03584_y03072.tif,0.0,0
64933,4096,3072,64933_x04096_y03072.png,64933_x04096_y03072.png,64933_x04096_y03072.tif,0.0,0
64933,0,3584,64933_x00000_y03584.png,64933_x00000_y03584.png,64933_x00000_y03584.tif,0.0,0
64933,512,3584,64933_x00512_y03584.png,64933_x00512_y03584.png,64933_x00512_y03584.tif,0.0,0
64933,1024,3584,64933_x01024_y03584.png,64933_x01024_y03584.png,64933_x01024_y03584.tif,0.0,0
64933,1536,3584,64933_x01536_y03584.png,64933_x01536_y03584.png,64933_x01536_y03584.tif,0.019420623779296875,5091
64933,2048,3584,64933_x02048_y03584.png,64933_x02048_y03584.png,64933_x02048_y03584.tif,0.0,0
64933,2560,3584,64933_x02560_y03584.png,64933_x02560_y03584.png,64933_x02560_y03584.tif,0.0,0
64933,3072,3584,64933_x03072_y03584.png,64933_x03072_y03584.png,64933_x03072_y03584.tif,0.0,0
64933,3584,3584,64933_x03584_y03584.png,64933_x03584_y03584.png,64933_x03584_y03584.tif,0.0,0
64933,4096,3584,64933_x04096_y03584.png,64933_x04096_y03584.png,64933_x04096_y03584.tif,0.0,0
64933,0,4096,64933_x00000_y04096.png,64933_x00000_y04096.png,64933_x00000_y04096.tif,0.0,0
64933,512,4096,64933_x00512_y04096.png,64933_x00512_y04096.png,64933_x00512_y04096.tif,0.0,0
64933,1024,4096,64933_x01024_y04096.png,64933_x01024_y04096.png,64933_x01024_y04096.tif,0.0,0
64933,1536,4096,64933_x01536_y04096.png,64933_x01536_y04096.png,64933_x01536_y04096.tif,0.0,0
64933,2048,4096,64933_x02048_y04096.png,64933_x02048_y04096.png,64933_x02048_y04096.tif,0.0,0
64933,2560,4096,64933_x02560_y04096.png,64933_x02560_y04096.png,64933_x02560_y04096.tif,0.0,0
64933,3072,4096,64933_x03072_y04096.png,64933_x03072_y04096.png,64933_x03072_y04096.tif,0.0,0
64933,3584,4096,64933_x03584_y04096.png,64933_x03584_y04096.png,64933_x03584_y04096.tif,0.0,0
64933,4096,4096,64933_x04096_y04096.png,64933_x04096_y04096.png,64933_x04096_y04096.tif,0.0,0
53693,0,0,53693_x00000_y00000.png,53693_x00000_y00000.png,53693_x00000_y00000.tif,0.0,0
53693,512,0,53693_x00512_y00000.png,53693_x00512_y00000.png,53693_x00512_y00000.tif,0.0,0
53693,1024,0,53693_x01024_y00000.png,53693_x01024_y00000.png,53693_x01024_y00000.tif,0.0,0
53693,1536,0,53693_x01536_y00000.png,53693_x01536_y00000.png,53693_x01536_y00000.tif,0.0,0
53693,2048,0,53693_x02048_y00000.png,53693_x02048_y00000.png,53693_x02048_y00000.tif,0.0,0
53693,2560,0,53693_x02560_y00000.png,53693_x02560_y00000.png,53693_x02560_y00000.tif,0.1133575439453125,29716
53693,3072,0,53693_x03072_y00000.png,53693_x03072_y00000.png,53693_x03072_y00000.tif,0.9426918029785156,247121
53693,3584,0,53693_x03584_y00000.png,53693_x03584_y00000.png,53693_x03584_y00000.tif,0.39516448974609375,103590
53693,4096,0,53693_x04096_y00000.png,53693_x04096_y00000.png,53693_x04096_y00000.tif,0.016361236572265625,4289
53693,0,512,53693_x00000_y00512.png,53693_x00000_y00512.png,53693_x00000_y00512.tif,0.0,0
53693,512,512,53693_x00512_y00512.png,53693_x00512_y00512.png,53693_x00512_y00512.tif,0.0,0
53693,1024,512,53693_x01024_y00512.png,53693_x01024_y00512.png,53693_x01024_y00512.tif,0.0,0
53693,1536,512,53693_x01536_y00512.png,53693_x01536_y00512.png,53693_x01536_y00512.tif,0.0,0
53693,2048,512,53693_x02048_y00512.png,53693_x02048_y00512.png,53693_x02048_y00512.tif,0.0,0
53693,2560,512,53693_x02560_y00512.png,53693_x02560_y00512.png,53693_x02560_y00512.tif,0.08242416381835938,21607
53693,3072,512,53693_x03072_y00512.png,53693_x03072_y00512.png,53693_x03072_y00512.tif,0.4636421203613281,121541
53693,3584,512,53693_x03584_y00512.png,53693_x03584_y00512.png,53693_x03584_y00512.tif,0.0,0
53693,4096,512,53693_x04096_y00512.png,53693_x04096_y00512.png,53693_x04096_y00512.tif,0.0,0
53693,0,1024,53693_x00000_y01024.png,53693_x00000_y01024.png,53693_x00000_y01024.tif,0.0105438232421875,2764
53693,512,1024,53693_x00512_y01024.png,53693_x00512_y01024.png,53693_x00512_y01024.tif,0.0,0
53693,1024,1024,53693_x01024_y01024.png,53693_x01024_y01024.png,53693_x01024_y01024.tif,0.0,0
53693,1536,1024,53693_x01536_y01024.png,53693_x01536_y01024.png,53693_x01536_y01024.tif,0.0,0
53693,2048,1024,53693_x02048_y01024.png,53693_x02048_y01024.png,53693_x02048_y01024.tif,0.0,0
53693,2560,1024,53693_x02560_y01024.png,53693_x02560_y01024.png,53693_x02560_y01024.tif,0.0,0
53693,3072,1024,53693_x03072_y01024.png,53693_x03072_y01024.png,53693_x03072_y01024.tif,0.0,0
53693,3584,1024,53693_x03584_y01024.png,53693_x03584_y01024.png,53693_x03584_y01024.tif,0.0,0
53693,4096,1024,53693_x04096_y01024.png,53693_x04096_y01024.png,53693_x04096_y01024.tif,0.0,0
53693,0,1536,53693_x00000_y01536.png,53693_x00000_y01536.png,53693_x00000_y01536.tif,0.0,0
53693,512,1536,53693_x00512_y01536.png,53693_x00512_y01536.png,53693_x00512_y01536.tif,0.0,0
53693,1024,1536,53693_x01024_y01536.png,53693_x01024_y01536.png,53693_x01024_y01536.tif,0.0,0
53693,1536,1536,53693_x01536_y01536.png,53693_x01536_y01536.png,53693_x01536_y01536.tif,0.0,0
53693,2048,1536,53693_x02048_y01536.png,53693_x02048_y01536.png,53693_x02048_y01536.tif,0.014232635498046875,3731
53693,2560,1536,53693_x02560_y01536.png,53693_x02560_y01536.png,53693_x02560_y01536.tif,0.0,0
53693,3072,1536,53693_x03072_y01536.png,53693_x03072_y01536.png,53693_x03072_y01536.tif,0.0,0
53693,3584,1536,53693_x03584_y01536.png,53693_x03584_y01536.png,53693_x03584_y01536.tif,0.0,0
53693,4096,1536,53693_x04096_y01536.png,53693_x04096_y01536.png,53693_x04096_y01536.tif,0.0,0
53693,0,2048,53693_x00000_y02048.png,53693_x00000_y02048.png,53693_x00000_y02048.tif,0.0,0
53693,512,2048,53693_x00512_y02048.png,53693_x00512_y02048.png,53693_x00512_y02048.tif,0.0,0
53693,1024,2048,53693_x01024_y02048.png,53693_x01024_y02048.png,53693_x01024_y02048.tif,0.0,0
53693,1536,2048,53693_x01536_y02048.png,53693_x01536_y02048.png,53693_x01536_y02048.tif,0.0,0
53693,2048,2048,53693_x02048_y02048.png,53693_x02048_y02048.png,53693_x02048_y02048.tif,0.05684661865234375,14902
53693,2560,2048,53693_x02560_y02048.png,53693_x02560_y02048.png,53693_x02560_y02048.tif,0.0,0
53693,3072,2048,53693_x03072_y02048.png,53693_x03072_y02048.png,53693_x03072_y02048.tif,0.0,0
53693,3584,2048,53693_x03584_y02048.png,53693_x03584_y02048.png,53693_x03584_y02048.tif,0.0,0
53693,4096,2048,53693_x04096_y02048.png,53693_x04096_y02048.png,53693_x04096_y02048.tif,0.0,0
53693,0,2560,53693_x00000_y02560.png,53693_x00000_y02560.png,53693_x00000_y02560.tif,0.0,0
53693,512,2560,53693_x00512_y02560.png,53693_x00512_y02560.png,53693_x00512_y02560.tif,0.0,0
53693,1024,2560,53693_x01024_y02560.png,53693_x01024_y02560.png,53693_x01024_y02560.tif,0.0,0
53693,1536,2560,53693_x01536_y02560.png,53693_x01536_y02560.png,53693_x01536_y02560.tif,0.0,0
53693,2048,2560,53693_x02048_y02560.png,53693_x02048_y02560.png,53693_x02048_y02560.tif,0.0,0
53693,2560,2560,53693_x02560_y02560.png,53693_x02560_y02560.png,53693_x02560_y02560.tif,0.0,0
53693,3072,2560,53693_x03072_y02560.png,53693_x03072_y02560.png,53693_x03072_y02560.tif,0.0,0
53693,3584,2560,53693_x03584_y02560.png,53693_x03584_y02560.png,53693_x03584_y02560.tif,0.0,0
53693,4096,2560,53693_x04096_y02560.png,53693_x04096_y02560.png,53693_x04096_y02560.tif,0.0,0
53693,0,3072,53693_x00000_y03072.png,53693_x00000_y03072.png,53693_x00000_y03072.tif,0.0,0
53693,512,3072,53693_x00512_y03072.png,53693_x00512_y03072.png,53693_x00512_y03072.tif,0.0,0
53693,1024,3072,53693_x01024_y03072.png,53693_x01024_y03072.png,53693_x01024_y03072.tif,0.0,0
53693,1536,3072,53693_x01536_y03072.png,53693_x01536_y03072.png,53693_x01536_y03072.tif,0.0,0
53693,2048,3072,53693_x02048_y03072.png,53693_x02048_y03072.png,53693_x02048_y03072.tif,0.0,0
53693,2560,3072,53693_x02560_y03072.png,53693_x02560_y03072.png,53693_x02560_y03072.tif,0.0,0
53693,3072,3072,53693_x03072_y03072.png,53693_x03072_y03072.png,53693_x03072_y03072.tif,0.0,0
53693,3584,3072,53693_x03584_y03072.png,53693_x03584_y03072.png,53693_x03584_y03072.tif,0.0,0
53693,4096,3072,53693_x04096_y03072.png,53693_x04096_y03072.png,53693_x04096_y03072.tif,0.0,0
53693,0,3584,53693_x00000_y03584.png,53693_x00000_y03584.png,53693_x00000_y03584.tif,0.0,0
53693,512,3584,53693_x00512_y03584.png,53693_x00512_y03584.png,53693_x00512_y03584.tif,0.0,0
53693,1024,3584,53693_x01024_y03584.png,53693_x01024_y03584.png,53693_x01024_y03584.tif,0.0,0
53693,1536,3584,53693_x01536_y03584.png,53693_x01536_y03584.png,53693_x01536_y03584.tif,0.0,0
53693,2048,3584,53693_x02048_y03584.png,53693_x02048_y03584.png,53693_x02048_y03584.tif,0.0,0
53693,2560,3584,53693_x02560_y03584.png,53693_x02560_y03584.png,53693_x02560_y03584.tif,0.0,0
53693,3072,3584,53693_x03072_y03584.png,53693_x03072_y03584.png,53693_x03072_y03584.tif,0.0,0
53693,3584,3584,53693_x03584_y03584.png,53693_x03584_y03584.png,53693_x03584_y03584.tif,0.0,0
53693,4096,3584,53693_x04096_y03584.png,53693_x04096_y03584.png,53693_x04096_y03584.tif,0.0,0
53693,0,4096,53693_x00000_y04096.png,53693_x00000_y04096.png,53693_x00000_y04096.tif,0.0,0
53693,512,4096,53693_x00512_y04096.png,53693_x00512_y04096.png,53693_x00512_y04096.tif,0.0,0
53693,1024,4096,53693_x01024_y04096.png,53693_x01024_y04096.png,53693_x01024_y04096.tif,0.0,0
53693,1536,4096,53693_x01536_y04096.png,53693_x01536_y04096.png,53693_x01536_y04096.tif,0.0,0
53693,2048,4096,53693_x02048_y04096.png,53693_x02048_y04096.png,53693_x02048_y04096.tif,0.0,0
53693,2560,4096,53693_x02560_y04096.png,53693_x02560_y04096.png,53693_x02560_y04096.tif,0.0,0
53693,3072,4096,53693_x03072_y04096.png,53693_x03072_y04096.png,53693_x03072_y04096.tif,0.0,0
53693,3584,4096,53693_x03584_y04096.png,53693_x03584_y04096.png,53693_x03584_y04096.tif,0.0,0
53693,4096,4096,53693_x04096_y04096.png,53693_x04096_y04096.png,53693_x04096_y04096.tif,0.0,0
63843,0,0,63843_x00000_y00000.png,63843_x00000_y00000.png,63843_x00000_y00000.tif,0.0,0
63843,512,0,63843_x00512_y00000.png,63843_x00512_y00000.png,63843_x00512_y00000.tif,0.0,0
63843,1024,0,63843_x01024_y00000.png,63843_x01024_y00000.png,63843_x01024_y00000.tif,0.0,0
63843,1536,0,63843_x01536_y00000.png,63843_x01536_y00000.png,63843_x01536_y00000.tif,0.7652320861816406,200601
63843,2048,0,63843_x02048_y00000.png,63843_x02048_y00000.png,63843_x02048_y00000.tif,1.0,262144
63843,2560,0,63843_x02560_y00000.png,63843_x02560_y00000.png,63843_x02560_y00000.tif,0.34100341796875,89392
63843,3072,0,63843_x03072_y00000.png,63843_x03072_y00000.png,63843_x03072_y00000.tif,0.000904083251953125,237
63843,3584,0,63843_x03584_y00000.png,63843_x03584_y00000.png,63843_x03584_y00000.tif,0.001712799072265625,449
63843,4096,0,63843_x04096_y00000.png,63843_x04096_y00000.png,63843_x04096_y00000.tif,0.0026702880859375,700
63843,0,512,63843_x00000_y00512.png,63843_x00000_y00512.png,63843_x00000_y00512.tif,0.0,0
63843,512,512,63843_x00512_y00512.png,63843_x00512_y00512.png,63843_x00512_y00512.tif,0.0,0
63843,1024,512,63843_x01024_y00512.png,63843_x01024_y00512.png,63843_x01024_y00512.tif,0.0,0
63843,1536,512,63843_x01536_y00512.png,63843_x01536_y00512.png,63843_x01536_y00512.tif,0.6304740905761719,165275
63843,2048,512,63843_x02048_y00512.png,63843_x02048_y00512.png,63843_x02048_y00512.tif,1.0,262144
63843,2560,512,63843_x02560_y00512.png,63843_x02560_y00512.png,63843_x02560_y00512.tif,0.5287284851074219,138603
63843,3072,512,63843_x03072_y00512.png,63843_x03072_y00512.png,63843_x03072_y00512.tif,0.021434783935546875,5619
63843,3584,512,63843_x03584_y00512.png,63843_x03584_y00512.png,63843_x03584_y00512.tif,0.06671905517578125,17490
63843,4096,512,63843_x04096_y00512.png,63843_x04096_y00512.png,63843_x04096_y00512.tif,0.08721542358398438,22863
63843,0,1024,63843_x00000_y01024.png,63843_x00000_y01024.png,63843_x00000_y01024.tif,0.0,0
63843,512,1024,63843_x00512_y01024.png,63843_x00512_y01024.png,63843_x00512_y01024.tif,0.0,0
63843,1024,1024,63843_x01024_y01024.png,63843_x01024_y01024.png,63843_x01024_y01024.tif,0.6746978759765625,176868
63843,1536,1024,63843_x01536_y01024.png,63843_x01536_y01024.png,63843_x01536_y01024.tif,0.9581527709960938,251174
63843,2048,1024,63843_x02048_y01024.png,63843_x02048_y01024.png,63843_x02048_y01024.tif,0.8598747253417969,225411
63843,2560,1024,63843_x02560_y01024.png,63843_x02560_y01024.png,63843_x02560_y01024.tif,0.3288841247558594,86215
63843,3072,1024,63843_x03072_y01024.png,63843_x03072_y01024.png,63843_x03072_y01024.tif,0.2223663330078125,58292
63843,3584,1024,63843_x03584_y01024.png,63843_x03584_y01024.png,63843_x03584_y01024.tif,0.036922454833984375,9679
63843,4096,1024,63843_x04096_y01024.png,63843_x04096_y01024.png,63843_x04096_y01024.tif,0.01985931396484375,5206
63843,0,1536,63843_x00000_y01536.png,63843_x00000_y01536.png,63843_x00000_y01536.tif,0.0,0
63843,512,1536,63843_x00512_y01536.png,63843_x00512_y01536.png,63843_x00512_y01536.tif,0.0,0
63843,1024,1536,63843_x01024_y01536.png,63843_x01024_y01536.png,63843_x01024_y01536.tif,0.000766754150390625,201
63843,1536,1536,63843_x01536_y01536.png,63843_x01536_y01536.png,63843_x01536_y01536.tif,0.5671958923339844,148687
63843,2048,1536,63843_x02048_y01536.png,63843_x02048_y01536.png,63843_x02048_y01536.tif,0.7079238891601562,185578
63843,2560,1536,63843_x02560_y01536.png,63843_x02560_y01536.png,63843_x02560_y01536.tif,0.3050117492675781,79957
63843,3072,1536,63843_x03072_y01536.png,63843_x03072_y01536.png,63843_x03072_y01536.tif,0.4418601989746094,115831
63843,3584,1536,63843_x03584_y01536.png,63843_x03584_y01536.png,63843_x03584_y01536.tif,0.025051116943359375,6567
63843,4096,1536,63843_x04096_y01536.png,63843_x04096_y01536.png,63843_x04096_y01536.tif,0.0,0
63843,0,2048,63843_x00000_y02048.png,63843_x00000_y02048.png,63843_x00000_y02048.tif,0.0,0
63843,512,2048,63843_x00512_y02048.png,63843_x00512_y02048.png,63843_x00512_y02048.tif,0.0,0
63843,1024,2048,63843_x01024_y02048.png,63843_x01024_y02048.png,63843_x01024_y02048.tif,0.0,0
63843,1536,2048,63843_x01536_y02048.png,63843_x01536_y02048.png,63843_x01536_y02048.tif,0.0023040771484375,604
63843,2048,2048,63843_x02048_y02048.png,63843_x02048_y02048.png,63843_x02048_y02048.tif,0.2816047668457031,73821
63843,2560,2048,63843_x02560_y02048.png,63843_x02560_y02048.png,63843_x02560_y02048.tif,0.0602569580078125,15796
63843,3072,2048,63843_x03072_y02048.png,63843_x03072_y02048.png,63843_x03072_y02048.tif,0.11878204345703125,31138
63843,3584,2048,63843_x03584_y02048.png,63843_x03584_y02048.png,63843_x03584_y02048.tif,0.1121826171875,29408
63843,4096,2048,63843_x04096_y02048.png,63843_x04096_y02048.png,63843_x04096_y02048.tif,0.004985809326171875,1307
63843,0,2560,63843_x00000_y02560.png,63843_x00000_y02560.png,63843_x00000_y02560.tif,0.0,0
63843,512,2560,63843_x00512_y02560.png,63843_x00512_y02560.png,63843_x00512_y02560.tif,0.0,0
63843,1024,2560,63843_x01024_y02560.png,63843_x01024_y02560.png,63843_x01024_y02560.tif,0.0,0
63843,1536,2560,63843_x01536_y02560.png,63843_x01536_y02560.png,63843_x01536_y02560.tif,0.0,0
63843,2048,2560,63843_x02048_y02560.png,63843_x02048_y02560.png,63843_x02048_y02560.tif,0.0,0
63843,2560,2560,63843_x02560_y02560.png,63843_x02560_y02560.png,63843_x02560_y02560.tif,0.0,0
63843,3072,2560,63843_x03072_y02560.png,63843_x03072_y02560.png,63843_x03072_y02560.tif,0.0,0
63843,3584,2560,63843_x03584_y02560.png,63843_x03584_y02560.png,63843_x03584_y02560.tif,0.001514434814453125,397
63843,4096,2560,63843_x04096_y02560.png,63843_x04096_y02560.png,63843_x04096_y02560.tif,0.0,0
63843,0,3072,63843_x00000_y03072.png,63843_x00000_y03072.png,63843_x00000_y03072.tif,0.0,0
63843,512,3072,63843_x00512_y03072.png,63843_x00512_y03072.png,63843_x00512_y03072.tif,0.0,0
63843,1024,3072,63843_x01024_y03072.png,63843_x01024_y03072.png,63843_x01024_y03072.tif,0.0,0
63843,1536,3072,63843_x01536_y03072.png,63843_x01536_y03072.png,63843_x01536_y03072.tif,0.0,0
63843,2048,3072,63843_x02048_y03072.png,63843_x02048_y03072.png,63843_x02048_y03072.tif,0.0,0
63843,2560,3072,63843_x02560_y03072.png,63843_x02560_y03072.png,63843_x02560_y03072.tif,0.0,0
63843,3072,3072,63843_x03072_y03072.png,63843_x03072_y03072.png,63843_x03072_y03072.tif,0.0,0
63843,3584,3072,63843_x03584_y03072.png,63843_x03584_y03072.png,63843_x03584_y03072.tif,0.0,0
63843,4096,3072,63843_x04096_y03072.png,63843_x04096_y03072.png,63843_x04096_y03072.tif,0.0,0
63843,0,3584,63843_x00000_y03584.png,63843_x00000_y03584.png,63843_x00000_y03584.tif,0.0,0
63843,512,3584,63843_x00512_y03584.png,63843_x00512_y03584.png,63843_x00512_y03584.tif,0.0,0
63843,1024,3584,63843_x01024_y03584.png,63843_x01024_y03584.png,63843_x01024_y03584.tif,0.0,0
63843,1536,3584,63843_x01536_y03584.png,63843_x01536_y03584.png,63843_x01536_y03584.tif,0.0,0
63843,2048,3584,63843_x02048_y03584.png,63843_x02048_y03584.png,63843_x02048_y03584.tif,0.0,0
63843,2560,3584,63843_x02560_y03584.png,63843_x02560_y03584.png,63843_x02560_y03584.tif,0.0,0
63843,3072,3584,63843_x03072_y03584.png,63843_x03072_y03584.png,63843_x03072_y03584.tif,0.0,0
63843,3584,3584,63843_x03584_y03584.png,63843_x03584_y03584.png,63843_x03584_y03584.tif,0.0,0
63843,4096,3584,63843_x04096_y03584.png,63843_x04096_y03584.png,63843_x04096_y03584.tif,0.0,0
63843,0,4096,63843_x00000_y04096.png,63843_x00000_y04096.png,63843_x00000_y04096.tif,0.0,0
63843,512,4096,63843_x00512_y04096.png,63843_x00512_y04096.png,63843_x00512_y04096.tif,0.0,0
63843,1024,4096,63843_x01024_y04096.png,63843_x01024_y04096.png,63843_x01024_y04096.tif,0.0,0
63843,1536,4096,63843_x01536_y04096.png,63843_x01536_y04096.png,63843_x01536_y04096.tif,0.0,0
63843,2048,4096,63843_x02048_y04096.png,63843_x02048_y04096.png,63843_x02048_y04096.tif,0.0,0
63843,2560,4096,63843_x02560_y04096.png,63843_x02560_y04096.png,63843_x02560_y04096.tif,0.0,0
63843,3072,4096,63843_x03072_y04096.png,63843_x03072_y04096.png,63843_x03072_y04096.tif,0.0,0
63843,3584,4096,63843_x03584_y04096.png,63843_x03584_y04096.png,63843_x03584_y04096.tif,0.0,0
63843,4096,4096,63843_x04096_y04096.png,63843_x04096_y04096.png,63843_x04096_y04096.tif,0.0,0
52983,0,0,52983_x00000_y00000.png,52983_x00000_y00000.png,52983_x00000_y00000.tif,0.0,0
52983,512,0,52983_x00512_y00000.png,52983_x00512_y00000.png,52983_x00512_y00000.tif,0.0,0
52983,1024,0,52983_x01024_y00000.png,52983_x01024_y00000.png,52983_x01024_y00000.tif,0.0,0
52983,1536,0,52983_x01536_y00000.png,52983_x01536_y00000.png,52983_x01536_y00000.tif,0.0,0
52983,2048,0,52983_x02048_y00000.png,52983_x02048_y00000.png,52983_x02048_y00000.tif,0.0,0
52983,2560,0,52983_x02560_y00000.png,52983_x02560_y00000.png,52983_x02560_y00000.tif,0.0,0
52983,3072,0,52983_x03072_y00000.png,52983_x03072_y00000.png,52983_x03072_y00000.tif,0.0,0
52983,3584,0,52983_x03584_y00000.png,52983_x03584_y00000.png,52983_x03584_y00000.tif,0.0,0
52983,4096,0,52983_x04096_y00000.png,52983_x04096_y00000.png,52983_x04096_y00000.tif,0.0,0
52983,0,512,52983_x00000_y00512.png,52983_x00000_y00512.png,52983_x00000_y00512.tif,0.0,0
52983,512,512,52983_x00512_y00512.png,52983_x00512_y00512.png,52983_x00512_y00512.tif,0.0,0
52983,1024,512,52983_x01024_y00512.png,52983_x01024_y00512.png,52983_x01024_y00512.tif,0.0,0
52983,1536,512,52983_x01536_y00512.png,52983_x01536_y00512.png,52983_x01536_y00512.tif,0.0,0
52983,2048,512,52983_x02048_y00512.png,52983_x02048_y00512.png,52983_x02048_y00512.tif,0.0,0
52983,2560,512,52983_x02560_y00512.png,52983_x02560_y00512.png,52983_x02560_y00512.tif,0.0,0
52983,3072,512,52983_x03072_y00512.png,52983_x03072_y00512.png,52983_x03072_y00512.tif,0.0,0
52983,3584,512,52983_x03584_y00512.png,52983_x03584_y00512.png,52983_x03584_y00512.tif,0.0,0
52983,4096,512,52983_x04096_y00512.png,52983_x04096_y00512.png,52983_x04096_y00512.tif,0.0,0
52983,0,1024,52983_x00000_y01024.png,52983_x00000_y01024.png,52983_x00000_y01024.tif,0.0,0
52983,512,1024,52983_x00512_y01024.png,52983_x00512_y01024.png,52983_x00512_y01024.tif,0.0,0
52983,1024,1024,52983_x01024_y01024.png,52983_x01024_y01024.png,52983_x01024_y01024.tif,0.0,0
52983,1536,1024,52983_x01536_y01024.png,52983_x01536_y01024.png,52983_x01536_y01024.tif,0.0,0
52983,2048,1024,52983_x02048_y01024.png,52983_x02048_y01024.png,52983_x02048_y01024.tif,0.0,0
52983,2560,1024,52983_x02560_y01024.png,52983_x02560_y01024.png,52983_x02560_y01024.tif,0.0,0
52983,3072,1024,52983_x03072_y01024.png,52983_x03072_y01024.png,52983_x03072_y01024.tif,0.0,0
52983,3584,1024,52983_x03584_y01024.png,52983_x03584_y01024.png,52983_x03584_y01024.tif,0.0,0
52983,4096,1024,52983_x04096_y01024.png,52983_x04096_y01024.png,52983_x04096_y01024.tif,0.0,0
52983,0,1536,52983_x00000_y01536.png,52983_x00000_y01536.png,52983_x00000_y01536.tif,0.0,0
52983,512,1536,52983_x00512_y01536.png,52983_x00512_y01536.png,52983_x00512_y01536.tif,0.0,0
52983,1024,1536,52983_x01024_y01536.png,52983_x01024_y01536.png,52983_x01024_y01536.tif,0.0,0
52983,1536,1536,52983_x01536_y01536.png,52983_x01536_y01536.png,52983_x01536_y01536.tif,0.0,0
52983,2048,1536,52983_x02048_y01536.png,52983_x02048_y01536.png,52983_x02048_y01536.tif,0.0,0
52983,2560,1536,52983_x02560_y01536.png,52983_x02560_y01536.png,52983_x02560_y01536.tif,0.0,0
52983,3072,1536,52983_x03072_y01536.png,52983_x03072_y01536.png,52983_x03072_y01536.tif,0.0,0
52983,3584,1536,52983_x03584_y01536.png,52983_x03584_y01536.png,52983_x03584_y01536.tif,0.0,0
52983,4096,1536,52983_x04096_y01536.png,52983_x04096_y01536.png,52983_x04096_y01536.tif,0.0,0
52983,0,2048,52983_x00000_y02048.png,52983_x00000_y02048.png,52983_x00000_y02048.tif,0.0,0
52983,512,2048,52983_x00512_y02048.png,52983_x00512_y02048.png,52983_x00512_y02048.tif,0.0,0
52983,1024,2048,52983_x01024_y02048.png,52983_x01024_y02048.png,52983_x01024_y02048.tif,0.0,0
52983,1536,2048,52983_x01536_y02048.png,52983_x01536_y02048.png,52983_x01536_y02048.tif,0.0,0
52983,2048,2048,52983_x02048_y02048.png,52983_x02048_y02048.png,52983_x02048_y02048.tif,0.0,0
52983,2560,2048,52983_x02560_y02048.png,52983_x02560_y02048.png,52983_x02560_y02048.tif,0.0,0
52983,3072,2048,52983_x03072_y02048.png,52983_x03072_y02048.png,52983_x03072_y02048.tif,0.0,0
52983,3584,2048,52983_x03584_y02048.png,52983_x03584_y02048.png,52983_x03584_y02048.tif,0.0,0
52983,4096,2048,52983_x04096_y02048.png,52983_x04096_y02048.png,52983_x04096_y02048.tif,0.0,0
52983,0,2560,52983_x00000_y02560.png,52983_x00000_y02560.png,52983_x00000_y02560.tif,0.0,0
52983,512,2560,52983_x00512_y02560.png,52983_x00512_y02560.png,52983_x00512_y02560.tif,0.0,0
52983,1024,2560,52983_x01024_y02560.png,52983_x01024_y02560.png,52983_x01024_y02560.tif,0.0,0
52983,1536,2560,52983_x01536_y02560.png,52983_x01536_y02560.png,52983_x01536_y02560.tif,0.0,0
52983,2048,2560,52983_x02048_y02560.png,52983_x02048_y02560.png,52983_x02048_y02560.tif,0.0,0
52983,2560,2560,52983_x02560_y02560.png,52983_x02560_y02560.png,52983_x02560_y02560.tif,0.0,0
52983,3072,2560,52983_x03072_y02560.png,52983_x03072_y02560.png,52983_x03072_y02560.tif,0.0,0
52983,3584,2560,52983_x03584_y02560.png,52983_x03584_y02560.png,52983_x03584_y02560.tif,0.0,0
52983,4096,2560,52983_x04096_y02560.png,52983_x04096_y02560.png,52983_x04096_y02560.tif,0.0,0
52983,0,3072,52983_x00000_y03072.png,52983_x00000_y03072.png,52983_x00000_y03072.tif,0.0,0
52983,512,3072,52983_x00512_y03072.png,52983_x00512_y03072.png,52983_x00512_y03072.tif,0.0,0
52983,1024,3072,52983_x01024_y03072.png,52983_x01024_y03072.png,52983_x01024_y03072.tif,0.0,0
52983,1536,3072,52983_x01536_y03072.png,52983_x01536_y03072.png,52983_x01536_y03072.tif,0.0,0
52983,2048,3072,52983_x02048_y03072.png,52983_x02048_y03072.png,52983_x02048_y03072.tif,0.0,0
52983,2560,3072,52983_x02560_y03072.png,52983_x02560_y03072.png,52983_x02560_y03072.tif,0.0,0
52983,3072,3072,52983_x03072_y03072.png,52983_x03072_y03072.png,52983_x03072_y03072.tif,0.0,0
52983,3584,3072,52983_x03584_y03072.png,52983_x03584_y03072.png,52983_x03584_y03072.tif,0.0,0
52983,4096,3072,52983_x04096_y03072.png,52983_x04096_y03072.png,52983_x04096_y03072.tif,0.0,0
52983,0,3584,52983_x00000_y03584.png,52983_x00000_y03584.png,52983_x00000_y03584.tif,0.0,0
52983,512,3584,52983_x00512_y03584.png,52983_x00512_y03584.png,52983_x00512_y03584.tif,0.0,0
52983,1024,3584,52983_x01024_y03584.png,52983_x01024_y03584.png,52983_x01024_y03584.tif,0.0,0
52983,1536,3584,52983_x01536_y03584.png,52983_x01536_y03584.png,52983_x01536_y03584.tif,0.0,0
52983,2048,3584,52983_x02048_y03584.png,52983_x02048_y03584.png,52983_x02048_y03584.tif,0.0,0
52983,2560,3584,52983_x02560_y03584.png,52983_x02560_y03584.png,52983_x02560_y03584.tif,0.0,0
52983,3072,3584,52983_x03072_y03584.png,52983_x03072_y03584.png,52983_x03072_y03584.tif,0.0,0
52983,3584,3584,52983_x03584_y03584.png,52983_x03584_y03584.png,52983_x03584_y03584.tif,0.0,0
52983,4096,3584,52983_x04096_y03584.png,52983_x04096_y03584.png,52983_x04096_y03584.tif,0.0,0
52983,0,4096,52983_x00000_y04096.png,52983_x00000_y04096.png,52983_x00000_y04096.tif,0.0,0
52983,512,4096,52983_x00512_y04096.png,52983_x00512_y04096.png,52983_x00512_y04096.tif,0.0,0
52983,1024,4096,52983_x01024_y04096.png,52983_x01024_y04096.png,52983_x01024_y04096.tif,0.0,0
52983,1536,4096,52983_x01536_y04096.png,52983_x01536_y04096.png,52983_x01536_y04096.tif,0.0,0
52983,2048,4096,52983_x02048_y04096.png,52983_x02048_y04096.png,52983_x02048_y04096.tif,0.0,0
52983,2560,4096,52983_x02560_y04096.png,52983_x02560_y04096.png,52983_x02560_y04096.tif,0.0,0
52983,3072,4096,52983_x03072_y04096.png,52983_x03072_y04096.png,52983_x03072_y04096.tif,0.0,0
52983,3584,4096,52983_x03584_y04096.png,52983_x03584_y04096.png,52983_x03584_y04096.tif,0.0,0
52983,4096,4096,52983_x04096_y04096.png,52983_x04096_y04096.png,52983_x04096_y04096.tif,0.0,0
55501,0,0,55501_x00000_y00000.png,55501_x00000_y00000.png,55501_x00000_y00000.tif,0.0,0
55501,512,0,55501_x00512_y00000.png,55501_x00512_y00000.png,55501_x00512_y00000.tif,0.0,0
55501,1024,0,55501_x01024_y00000.png,55501_x01024_y00000.png,55501_x01024_y00000.tif,0.0,0
55501,1536,0,55501_x01536_y00000.png,55501_x01536_y00000.png,55501_x01536_y00000.tif,0.0,0
55501,2048,0,55501_x02048_y00000.png,55501_x02048_y00000.png,55501_x02048_y00000.tif,0.0,0
55501,2560,0,55501_x02560_y00000.png,55501_x02560_y00000.png,55501_x02560_y00000.tif,0.0,0
55501,3072,0,55501_x03072_y00000.png,55501_x03072_y00000.png,55501_x03072_y00000.tif,0.0,0
55501,3584,0,55501_x03584_y00000.png,55501_x03584_y00000.png,55501_x03584_y00000.tif,0.0,0
55501,4096,0,55501_x04096_y00000.png,55501_x04096_y00000.png,55501_x04096_y00000.tif,0.0,0
55501,0,512,55501_x00000_y00512.png,55501_x00000_y00512.png,55501_x00000_y00512.tif,0.0,0
55501,512,512,55501_x00512_y00512.png,55501_x00512_y00512.png,55501_x00512_y00512.tif,0.0,0
55501,1024,512,55501_x01024_y00512.png,55501_x01024_y00512.png,55501_x01024_y00512.tif,0.0,0
55501,1536,512,55501_x01536_y00512.png,55501_x01536_y00512.png,55501_x01536_y00512.tif,0.0,0
55501,2048,512,55501_x02048_y00512.png,55501_x02048_y00512.png,55501_x02048_y00512.tif,0.0,0
55501,2560,512,55501_x02560_y00512.png,55501_x02560_y00512.png,55501_x02560_y00512.tif,0.0,0
55501,3072,512,55501_x03072_y00512.png,55501_x03072_y00512.png,55501_x03072_y00512.tif,0.0,0
55501,3584,512,55501_x03584_y00512.png,55501_x03584_y00512.png,55501_x03584_y00512.tif,0.0,0
55501,4096,512,55501_x04096_y00512.png,55501_x04096_y00512.png,55501_x04096_y00512.tif,0.0,0
55501,0,1024,55501_x00000_y01024.png,55501_x00000_y01024.png,55501_x00000_y01024.tif,0.0,0
55501,512,1024,55501_x00512_y01024.png,55501_x00512_y01024.png,55501_x00512_y01024.tif,0.0,0
55501,1024,1024,55501_x01024_y01024.png,55501_x01024_y01024.png,55501_x01024_y01024.tif,0.0,0
55501,1536,1024,55501_x01536_y01024.png,55501_x01536_y01024.png,55501_x01536_y01024.tif,0.0,0
55501,2048,1024,55501_x02048_y01024.png,55501_x02048_y01024.png,55501_x02048_y01024.tif,0.0,0
55501,2560,1024,55501_x02560_y01024.png,55501_x02560_y01024.png,55501_x02560_y01024.tif,0.0,0
55501,3072,1024,55501_x03072_y01024.png,55501_x03072_y01024.png,55501_x03072_y01024.tif,0.0,0
55501,3584,1024,55501_x03584_y01024.png,55501_x03584_y01024.png,55501_x03584_y01024.tif,0.0,0
55501,4096,1024,55501_x04096_y01024.png,55501_x04096_y01024.png,55501_x04096_y01024.tif,0.0,0
55501,0,1536,55501_x00000_y01536.png,55501_x00000_y01536.png,55501_x00000_y01536.tif,0.0,0
55501,512,1536,55501_x00512_y01536.png,55501_x00512_y01536.png,55501_x00512_y01536.tif,0.0,0
55501,1024,1536,55501_x01024_y01536.png,55501_x01024_y01536.png,55501_x01024_y01536.tif,0.0,0
55501,1536,1536,55501_x01536_y01536.png,55501_x01536_y01536.png,55501_x01536_y01536.tif,0.0,0
55501,2048,1536,55501_x02048_y01536.png,55501_x02048_y01536.png,55501_x02048_y01536.tif,0.0,0
55501,2560,1536,55501_x02560_y01536.png,55501_x02560_y01536.png,55501_x02560_y01536.tif,0.0,0
55501,3072,1536,55501_x03072_y01536.png,55501_x03072_y01536.png,55501_x03072_y01536.tif,0.0,0
55501,3584,1536,55501_x03584_y01536.png,55501_x03584_y01536.png,55501_x03584_y01536.tif,0.0,0
55501,4096,1536,55501_x04096_y01536.png,55501_x04096_y01536.png,55501_x04096_y01536.tif,0.0,0
55501,0,2048,55501_x00000_y02048.png,55501_x00000_y02048.png,55501_x00000_y02048.tif,0.0,0
55501,512,2048,55501_x00512_y02048.png,55501_x00512_y02048.png,55501_x00512_y02048.tif,0.0,0
55501,1024,2048,55501_x01024_y02048.png,55501_x01024_y02048.png,55501_x01024_y02048.tif,0.0,0
55501,1536,2048,55501_x01536_y02048.png,55501_x01536_y02048.png,55501_x01536_y02048.tif,0.0,0
55501,2048,2048,55501_x02048_y02048.png,55501_x02048_y02048.png,55501_x02048_y02048.tif,0.0,0
55501,2560,2048,55501_x02560_y02048.png,55501_x02560_y02048.png,55501_x02560_y02048.tif,0.0,0
55501,3072,2048,55501_x03072_y02048.png,55501_x03072_y02048.png,55501_x03072_y02048.tif,0.0,0
55501,3584,2048,55501_x03584_y02048.png,55501_x03584_y02048.png,55501_x03584_y02048.tif,0.0,0
55501,4096,2048,55501_x04096_y02048.png,55501_x04096_y02048.png,55501_x04096_y02048.tif,0.0,0
55501,0,2560,55501_x00000_y02560.png,55501_x00000_y02560.png,55501_x00000_y02560.tif,0.0,0
55501,512,2560,55501_x00512_y02560.png,55501_x00512_y02560.png,55501_x00512_y02560.tif,0.0,0
55501,1024,2560,55501_x01024_y02560.png,55501_x01024_y02560.png,55501_x01024_y02560.tif,0.0,0
55501,1536,2560,55501_x01536_y02560.png,55501_x01536_y02560.png,55501_x01536_y02560.tif,0.0,0
55501,2048,2560,55501_x02048_y02560.png,55501_x02048_y02560.png,55501_x02048_y02560.tif,0.0,0
55501,2560,2560,55501_x02560_y02560.png,55501_x02560_y02560.png,55501_x02560_y02560.tif,0.0,0
55501,3072,2560,55501_x03072_y02560.png,55501_x03072_y02560.png,55501_x03072_y02560.tif,0.0,0
55501,3584,2560,55501_x03584_y02560.png,55501_x03584_y02560.png,55501_x03584_y02560.tif,0.0,0
55501,4096,2560,55501_x04096_y02560.png,55501_x04096_y02560.png,55501_x04096_y02560.tif,0.0,0
55501,0,3072,55501_x00000_y03072.png,55501_x00000_y03072.png,55501_x00000_y03072.tif,0.0,0
55501,512,3072,55501_x00512_y03072.png,55501_x00512_y03072.png,55501_x00512_y03072.tif,0.0,0
55501,1024,3072,55501_x01024_y03072.png,55501_x01024_y03072.png,55501_x01024_y03072.tif,0.0,0
55501,1536,3072,55501_x01536_y03072.png,55501_x01536_y03072.png,55501_x01536_y03072.tif,0.0,0
55501,2048,3072,55501_x02048_y03072.png,55501_x02048_y03072.png,55501_x02048_y03072.tif,0.0,0
55501,2560,3072,55501_x02560_y03072.png,55501_x02560_y03072.png,55501_x02560_y03072.tif,0.0,0
55501,3072,3072,55501_x03072_y03072.png,55501_x03072_y03072.png,55501_x03072_y03072.tif,0.0,0
55501,3584,3072,55501_x03584_y03072.png,55501_x03584_y03072.png,55501_x03584_y03072.tif,0.0,0
55501,4096,3072,55501_x04096_y03072.png,55501_x04096_y03072.png,55501_x04096_y03072.tif,0.0,0
55501,0,3584,55501_x00000_y03584.png,55501_x00000_y03584.png,55501_x00000_y03584.tif,0.04196929931640625,11002
55501,512,3584,55501_x00512_y03584.png,55501_x00512_y03584.png,55501_x00512_y03584.tif,0.0,0
55501,1024,3584,55501_x01024_y03584.png,55501_x01024_y03584.png,55501_x01024_y03584.tif,0.0,0
55501,1536,3584,55501_x01536_y03584.png,55501_x01536_y03584.png,55501_x01536_y03584.tif,0.0,0
55501,2048,3584,55501_x02048_y03584.png,55501_x02048_y03584.png,55501_x02048_y03584.tif,0.0,0
55501,2560,3584,55501_x02560_y03584.png,55501_x02560_y03584.png,55501_x02560_y03584.tif,0.0,0
55501,3072,3584,55501_x03072_y03584.png,55501_x03072_y03584.png,55501_x03072_y03584.tif,0.0,0
55501,3584,3584,55501_x03584_y03584.png,55501_x03584_y03584.png,55501_x03584_y03584.tif,0.0,0
55501,4096,3584,55501_x04096_y03584.png,55501_x04096_y03584.png,55501_x04096_y03584.tif,0.0,0
55501,0,4096,55501_x00000_y04096.png,55501_x00000_y04096.png,55501_x00000_y04096.tif,0.0,0
55501,512,4096,55501_x00512_y04096.png,55501_x00512_y04096.png,55501_x00512_y04096.tif,0.0,0
55501,1024,4096,55501_x01024_y04096.png,55501_x01024_y04096.png,55501_x01024_y04096.tif,0.0,0
55501,1536,4096,55501_x01536_y04096.png,55501_x01536_y04096.png,55501_x01536_y04096.tif,0.0,0
55501,2048,4096,55501_x02048_y04096.png,55501_x02048_y04096.png,55501_x02048_y04096.tif,0.0,0
55501,2560,4096,55501_x02560_y04096.png,55501_x02560_y04096.png,55501_x02560_y04096.tif,0.0,0
55501,3072,4096,55501_x03072_y04096.png,55501_x03072_y04096.png,55501_x03072_y04096.tif,0.0,0
55501,3584,4096,55501_x03584_y04096.png,55501_x03584_y04096.png,55501_x03584_y04096.tif,0.0,0
55501,4096,4096,55501_x04096_y04096.png,55501_x04096_y04096.png,55501_x04096_y04096.tif,0.0,0
63203,0,0,63203_x00000_y00000.png,63203_x00000_y00000.png,63203_x00000_y00000.tif,0.0,0
63203,512,0,63203_x00512_y00000.png,63203_x00512_y00000.png,63203_x00512_y00000.tif,0.0,0
63203,1024,0,63203_x01024_y00000.png,63203_x01024_y00000.png,63203_x01024_y00000.tif,0.0,0
63203,1536,0,63203_x01536_y00000.png,63203_x01536_y00000.png,63203_x01536_y00000.tif,0.0,0
63203,2048,0,63203_x02048_y00000.png,63203_x02048_y00000.png,63203_x02048_y00000.tif,0.0,0
63203,2560,0,63203_x02560_y00000.png,63203_x02560_y00000.png,63203_x02560_y00000.tif,0.0,0
63203,3072,0,63203_x03072_y00000.png,63203_x03072_y00000.png,63203_x03072_y00000.tif,0.0,0
63203,3584,0,63203_x03584_y00000.png,63203_x03584_y00000.png,63203_x03584_y00000.tif,0.0,0
63203,4096,0,63203_x04096_y00000.png,63203_x04096_y00000.png,63203_x04096_y00000.tif,0.0,0
63203,0,512,63203_x00000_y00512.png,63203_x00000_y00512.png,63203_x00000_y00512.tif,0.0,0
63203,512,512,63203_x00512_y00512.png,63203_x00512_y00512.png,63203_x00512_y00512.tif,0.0,0
63203,1024,512,63203_x01024_y00512.png,63203_x01024_y00512.png,63203_x01024_y00512.tif,0.0,0
63203,1536,512,63203_x01536_y00512.png,63203_x01536_y00512.png,63203_x01536_y00512.tif,0.0,0
63203,2048,512,63203_x02048_y00512.png,63203_x02048_y00512.png,63203_x02048_y00512.tif,0.0,0
63203,2560,512,63203_x02560_y00512.png,63203_x02560_y00512.png,63203_x02560_y00512.tif,0.0,0
63203,3072,512,63203_x03072_y00512.png,63203_x03072_y00512.png,63203_x03072_y00512.tif,0.0,0
63203,3584,512,63203_x03584_y00512.png,63203_x03584_y00512.png,63203_x03584_y00512.tif,0.0,0
63203,4096,512,63203_x04096_y00512.png,63203_x04096_y00512.png,63203_x04096_y00512.tif,0.0,0
63203,0,1024,63203_x00000_y01024.png,63203_x00000_y01024.png,63203_x00000_y01024.tif,0.0,0
63203,512,1024,63203_x00512_y01024.png,63203_x00512_y01024.png,63203_x00512_y01024.tif,0.0,0
63203,1024,1024,63203_x01024_y01024.png,63203_x01024_y01024.png,63203_x01024_y01024.tif,0.0,0
63203,1536,1024,63203_x01536_y01024.png,63203_x01536_y01024.png,63203_x01536_y01024.tif,0.0,0
63203,2048,1024,63203_x02048_y01024.png,63203_x02048_y01024.png,63203_x02048_y01024.tif,0.0,0
63203,2560,1024,63203_x02560_y01024.png,63203_x02560_y01024.png,63203_x02560_y01024.tif,0.0,0
63203,3072,1024,63203_x03072_y01024.png,63203_x03072_y01024.png,63203_x03072_y01024.tif,0.0,0
63203,3584,1024,63203_x03584_y01024.png,63203_x03584_y01024.png,63203_x03584_y01024.tif,0.0,0
63203,4096,1024,63203_x04096_y01024.png,63203_x04096_y01024.png,63203_x04096_y01024.tif,0.0,0
63203,0,1536,63203_x00000_y01536.png,63203_x00000_y01536.png,63203_x00000_y01536.tif,0.0,0
63203,512,1536,63203_x00512_y01536.png,63203_x00512_y01536.png,63203_x00512_y01536.tif,0.0,0
63203,1024,1536,63203_x01024_y01536.png,63203_x01024_y01536.png,63203_x01024_y01536.tif,0.0,0
63203,1536,1536,63203_x01536_y01536.png,63203_x01536_y01536.png,63203_x01536_y01536.tif,0.0,0
63203,2048,1536,63203_x02048_y01536.png,63203_x02048_y01536.png,63203_x02048_y01536.tif,0.0,0
63203,2560,1536,63203_x02560_y01536.png,63203_x02560_y01536.png,63203_x02560_y01536.tif,0.0,0
63203,3072,1536,63203_x03072_y01536.png,63203_x03072_y01536.png,63203_x03072_y01536.tif,0.0,0
63203,3584,1536,63203_x03584_y01536.png,63203_x03584_y01536.png,63203_x03584_y01536.tif,0.0,0
63203,4096,1536,63203_x04096_y01536.png,63203_x04096_y01536.png,63203_x04096_y01536.tif,0.0,0
63203,0,2048,63203_x00000_y02048.png,63203_x00000_y02048.png,63203_x00000_y02048.tif,0.0,0
63203,512,2048,63203_x00512_y02048.png,63203_x00512_y02048.png,63203_x00512_y02048.tif,0.0,0
63203,1024,2048,63203_x01024_y02048.png,63203_x01024_y02048.png,63203_x01024_y02048.tif,0.0,0
63203,1536,2048,63203_x01536_y02048.png,63203_x01536_y02048.png,63203_x01536_y02048.tif,0.0,0
63203,2048,2048,63203_x02048_y02048.png,63203_x02048_y02048.png,63203_x02048_y02048.tif,0.0,0
63203,2560,2048,63203_x02560_y02048.png,63203_x02560_y02048.png,63203_x02560_y02048.tif,0.0,0
63203,3072,2048,63203_x03072_y02048.png,63203_x03072_y02048.png,63203_x03072_y02048.tif,0.0,0
63203,3584,2048,63203_x03584_y02048.png,63203_x03584_y02048.png,63203_x03584_y02048.tif,0.0,0
63203,4096,2048,63203_x04096_y02048.png,63203_x04096_y02048.png,63203_x04096_y02048.tif,0.0,0
63203,0,2560,63203_x00000_y02560.png,63203_x00000_y02560.png,63203_x00000_y02560.tif,0.0,0
63203,512,2560,63203_x00512_y02560.png,63203_x00512_y02560.png,63203_x00512_y02560.tif,0.0,0
63203,1024,2560,63203_x01024_y02560.png,63203_x01024_y02560.png,63203_x01024_y02560.tif,0.0,0
63203,1536,2560,63203_x01536_y02560.png,63203_x01536_y02560.png,63203_x01536_y02560.tif,0.0,0
63203,2048,2560,63203_x02048_y02560.png,63203_x02048_y02560.png,63203_x02048_y02560.tif,0.0,0
63203,2560,2560,63203_x02560_y02560.png,63203_x02560_y02560.png,63203_x02560_y02560.tif,0.0,0
63203,3072,2560,63203_x03072_y02560.png,63203_x03072_y02560.png,63203_x03072_y02560.tif,0.0,0
63203,3584,2560,63203_x03584_y02560.png,63203_x03584_y02560.png,63203_x03584_y02560.tif,0.0,0
63203,4096,2560,63203_x04096_y02560.png,63203_x04096_y02560.png,63203_x04096_y02560.tif,0.059787750244140625,15673
63203,0,3072,63203_x00000_y03072.png,63203_x00000_y03072.png,63203_x00000_y03072.tif,0.0,0
63203,512,3072,63203_x00512_y03072.png,63203_x00512_y03072.png,63203_x00512_y03072.tif,0.0,0
63203,1024,3072,63203_x01024_y03072.png,63203_x01024_y03072.png,63203_x01024_y03072.tif,0.0,0
63203,1536,3072,63203_x01536_y03072.png,63203_x01536_y03072.png,63203_x01536_y03072.tif,0.0,0
63203,2048,3072,63203_x02048_y03072.png,63203_x02048_y03072.png,63203_x02048_y03072.tif,0.0,0
63203,2560,3072,63203_x02560_y03072.png,63203_x02560_y03072.png,63203_x02560_y03072.tif,0.0,0
63203,3072,3072,63203_x03072_y03072.png,63203_x03072_y03072.png,63203_x03072_y03072.tif,0.0,0
63203,3584,3072,63203_x03584_y03072.png,63203_x03584_y03072.png,63203_x03584_y03072.tif,0.0,0
63203,4096,3072,63203_x04096_y03072.png,63203_x04096_y03072.png,63203_x04096_y03072.tif,0.0,0
63203,0,3584,63203_x00000_y03584.png,63203_x00000_y03584.png,63203_x00000_y03584.tif,0.0,0
63203,512,3584,63203_x00512_y03584.png,63203_x00512_y03584.png,63203_x00512_y03584.tif,0.0,0
63203,1024,3584,63203_x01024_y03584.png,63203_x01024_y03584.png,63203_x01024_y03584.tif,0.0,0
63203,1536,3584,63203_x01536_y03584.png,63203_x01536_y03584.png,63203_x01536_y03584.tif,0.0,0
63203,2048,3584,63203_x02048_y03584.png,63203_x02048_y03584.png,63203_x02048_y03584.tif,0.0,0
63203,2560,3584,63203_x02560_y03584.png,63203_x02560_y03584.png,63203_x02560_y03584.tif,0.0,0
63203,3072,3584,63203_x03072_y03584.png,63203_x03072_y03584.png,63203_x03072_y03584.tif,0.0,0
63203,3584,3584,63203_x03584_y03584.png,63203_x03584_y03584.png,63203_x03584_y03584.tif,0.0,0
63203,4096,3584,63203_x04096_y03584.png,63203_x04096_y03584.png,63203_x04096_y03584.tif,0.0,0
63203,0,4096,63203_x00000_y04096.png,63203_x00000_y04096.png,63203_x00000_y04096.tif,0.0,0
63203,512,4096,63203_x00512_y04096.png,63203_x00512_y04096.png,63203_x00512_y04096.tif,0.0,0
63203,1024,4096,63203_x01024_y04096.png,63203_x01024_y04096.png,63203_x01024_y04096.tif,0.0,0
63203,1536,4096,63203_x01536_y04096.png,63203_x01536_y04096.png,63203_x01536_y04096.tif,0.0,0
63203,2048,4096,63203_x02048_y04096.png,63203_x02048_y04096.png,63203_x02048_y04096.tif,0.0,0
63203,2560,4096,63203_x02560_y04096.png,63203_x02560_y04096.png,63203_x02560_y04096.tif,0.0,0
63203,3072,4096,63203_x03072_y04096.png,63203_x03072_y04096.png,63203_x03072_y04096.tif,0.0,0
63203,3584,4096,63203_x03584_y04096.png,63203_x03584_y04096.png,63203_x03584_y04096.tif,0.0,0
63203,4096,4096,63203_x04096_y04096.png,63203_x04096_y04096.png,63203_x04096_y04096.tif,0.0,0
52814,0,0,52814_x00000_y00000.png,52814_x00000_y00000.png,52814_x00000_y00000.tif,0.0,0
52814,512,0,52814_x00512_y00000.png,52814_x00512_y00000.png,52814_x00512_y00000.tif,0.0,0
52814,1024,0,52814_x01024_y00000.png,52814_x01024_y00000.png,52814_x01024_y00000.tif,0.0,0
52814,1536,0,52814_x01536_y00000.png,52814_x01536_y00000.png,52814_x01536_y00000.tif,0.0,0
52814,2048,0,52814_x02048_y00000.png,52814_x02048_y00000.png,52814_x02048_y00000.tif,0.0,0
52814,2560,0,52814_x02560_y00000.png,52814_x02560_y00000.png,52814_x02560_y00000.tif,0.0,0
52814,3072,0,52814_x03072_y00000.png,52814_x03072_y00000.png,52814_x03072_y00000.tif,0.0,0
52814,3584,0,52814_x03584_y00000.png,52814_x03584_y00000.png,52814_x03584_y00000.tif,0.0,0
52814,4096,0,52814_x04096_y00000.png,52814_x04096_y00000.png,52814_x04096_y00000.tif,0.0,0
52814,0,512,52814_x00000_y00512.png,52814_x00000_y00512.png,52814_x00000_y00512.tif,0.0,0
52814,512,512,52814_x00512_y00512.png,52814_x00512_y00512.png,52814_x00512_y00512.tif,0.0,0
52814,1024,512,52814_x01024_y00512.png,52814_x01024_y00512.png,52814_x01024_y00512.tif,0.0,0
52814,1536,512,52814_x01536_y00512.png,52814_x01536_y00512.png,52814_x01536_y00512.tif,0.0,0
52814,2048,512,52814_x02048_y00512.png,52814_x02048_y00512.png,52814_x02048_y00512.tif,0.0,0
52814,2560,512,52814_x02560_y00512.png,52814_x02560_y00512.png,52814_x02560_y00512.tif,0.0,0
52814,3072,512,52814_x03072_y00512.png,52814_x03072_y00512.png,52814_x03072_y00512.tif,0.0,0
52814,3584,512,52814_x03584_y00512.png,52814_x03584_y00512.png,52814_x03584_y00512.tif,0.0,0
52814,4096,512,52814_x04096_y00512.png,52814_x04096_y00512.png,52814_x04096_y00512.tif,0.0,0
52814,0,1024,52814_x00000_y01024.png,52814_x00000_y01024.png,52814_x00000_y01024.tif,0.0,0
52814,512,1024,52814_x00512_y01024.png,52814_x00512_y01024.png,52814_x00512_y01024.tif,0.0,0
52814,1024,1024,52814_x01024_y01024.png,52814_x01024_y01024.png,52814_x01024_y01024.tif,0.0,0
52814,1536,1024,52814_x01536_y01024.png,52814_x01536_y01024.png,52814_x01536_y01024.tif,0.0,0
52814,2048,1024,52814_x02048_y01024.png,52814_x02048_y01024.png,52814_x02048_y01024.tif,0.0,0
52814,2560,1024,52814_x02560_y01024.png,52814_x02560_y01024.png,52814_x02560_y01024.tif,0.0,0
52814,3072,1024,52814_x03072_y01024.png,52814_x03072_y01024.png,52814_x03072_y01024.tif,0.0,0
52814,3584,1024,52814_x03584_y01024.png,52814_x03584_y01024.png,52814_x03584_y01024.tif,0.0,0
52814,4096,1024,52814_x04096_y01024.png,52814_x04096_y01024.png,52814_x04096_y01024.tif,0.0,0
52814,0,1536,52814_x00000_y01536.png,52814_x00000_y01536.png,52814_x00000_y01536.tif,0.0,0
52814,512,1536,52814_x00512_y01536.png,52814_x00512_y01536.png,52814_x00512_y01536.tif,0.0,0
52814,1024,1536,52814_x01024_y01536.png,52814_x01024_y01536.png,52814_x01024_y01536.tif,0.0,0
52814,1536,1536,52814_x01536_y01536.png,52814_x01536_y01536.png,52814_x01536_y01536.tif,0.0,0
52814,2048,1536,52814_x02048_y01536.png,52814_x02048_y01536.png,52814_x02048_y01536.tif,0.0,0
52814,2560,1536,52814_x02560_y01536.png,52814_x02560_y01536.png,52814_x02560_y01536.tif,0.0,0
52814,3072,1536,52814_x03072_y01536.png,52814_x03072_y01536.png,52814_x03072_y01536.tif,0.0,0
52814,3584,1536,52814_x03584_y01536.png,52814_x03584_y01536.png,52814_x03584_y01536.tif,0.0,0
52814,4096,1536,52814_x04096_y01536.png,52814_x04096_y01536.png,52814_x04096_y01536.tif,0.0,0
52814,0,2048,52814_x00000_y02048.png,52814_x00000_y02048.png,52814_x00000_y02048.tif,0.0,0
52814,512,2048,52814_x00512_y02048.png,52814_x00512_y02048.png,52814_x00512_y02048.tif,0.0,0
52814,1024,2048,52814_x01024_y02048.png,52814_x01024_y02048.png,52814_x01024_y02048.tif,0.0,0
52814,1536,2048,52814_x01536_y02048.png,52814_x01536_y02048.png,52814_x01536_y02048.tif,0.0,0
52814,2048,2048,52814_x02048_y02048.png,52814_x02048_y02048.png,52814_x02048_y02048.tif,0.0,0
52814,2560,2048,52814_x02560_y02048.png,52814_x02560_y02048.png,52814_x02560_y02048.tif,0.0,0
52814,3072,2048,52814_x03072_y02048.png,52814_x03072_y02048.png,52814_x03072_y02048.tif,0.0,0
52814,3584,2048,52814_x03584_y02048.png,52814_x03584_y02048.png,52814_x03584_y02048.tif,0.0,0
52814,4096,2048,52814_x04096_y02048.png,52814_x04096_y02048.png,52814_x04096_y02048.tif,0.0,0
52814,0,2560,52814_x00000_y02560.png,52814_x00000_y02560.png,52814_x00000_y02560.tif,0.0,0
52814,512,2560,52814_x00512_y02560.png,52814_x00512_y02560.png,52814_x00512_y02560.tif,0.0,0
52814,1024,2560,52814_x01024_y02560.png,52814_x01024_y02560.png,52814_x01024_y02560.tif,0.0,0
52814,1536,2560,52814_x01536_y02560.png,52814_x01536_y02560.png,52814_x01536_y02560.tif,0.0,0
52814,2048,2560,52814_x02048_y02560.png,52814_x02048_y02560.png,52814_x02048_y02560.tif,0.0,0
52814,2560,2560,52814_x02560_y02560.png,52814_x02560_y02560.png,52814_x02560_y02560.tif,0.0,0
52814,3072,2560,52814_x03072_y02560.png,52814_x03072_y02560.png,52814_x03072_y02560.tif,0.0,0
52814,3584,2560,52814_x03584_y02560.png,52814_x03584_y02560.png,52814_x03584_y02560.tif,0.0,0
52814,4096,2560,52814_x04096_y02560.png,52814_x04096_y02560.png,52814_x04096_y02560.tif,0.0,0
52814,0,3072,52814_x00000_y03072.png,52814_x00000_y03072.png,52814_x00000_y03072.tif,0.0,0
52814,512,3072,52814_x00512_y03072.png,52814_x00512_y03072.png,52814_x00512_y03072.tif,0.0,0
52814,1024,3072,52814_x01024_y03072.png,52814_x01024_y03072.png,52814_x01024_y03072.tif,0.0,0
52814,1536,3072,52814_x01536_y03072.png,52814_x01536_y03072.png,52814_x01536_y03072.tif,0.0,0
52814,2048,3072,52814_x02048_y03072.png,52814_x02048_y03072.png,52814_x02048_y03072.tif,0.0,0
52814,2560,3072,52814_x02560_y03072.png,52814_x02560_y03072.png,52814_x02560_y03072.tif,0.0,0
52814,3072,3072,52814_x03072_y03072.png,52814_x03072_y03072.png,52814_x03072_y03072.tif,0.0,0
52814,3584,3072,52814_x03584_y03072.png,52814_x03584_y03072.png,52814_x03584_y03072.tif,0.0,0
52814,4096,3072,52814_x04096_y03072.png,52814_x04096_y03072.png,52814_x04096_y03072.tif,0.0,0
52814,0,3584,52814_x00000_y03584.png,52814_x00000_y03584.png,52814_x00000_y03584.tif,0.0,0
52814,512,3584,52814_x00512_y03584.png,52814_x00512_y03584.png,52814_x00512_y03584.tif,0.0,0
52814,1024,3584,52814_x01024_y03584.png,52814_x01024_y03584.png,52814_x01024_y03584.tif,0.0,0
52814,1536,3584,52814_x01536_y03584.png,52814_x01536_y03584.png,52814_x01536_y03584.tif,0.1136016845703125,29780
52814,2048,3584,52814_x02048_y03584.png,52814_x02048_y03584.png,52814_x02048_y03584.tif,0.0,0
52814,2560,3584,52814_x02560_y03584.png,52814_x02560_y03584.png,52814_x02560_y03584.tif,0.0,0
52814,3072,3584,52814_x03072_y03584.png,52814_x03072_y03584.png,52814_x03072_y03584.tif,0.0,0
52814,3584,3584,52814_x03584_y03584.png,52814_x03584_y03584.png,52814_x03584_y03584.tif,0.0,0
52814,4096,3584,52814_x04096_y03584.png,52814_x04096_y03584.png,52814_x04096_y03584.tif,0.0,0
52814,0,4096,52814_x00000_y04096.png,52814_x00000_y04096.png,52814_x00000_y04096.tif,0.0,0
52814,512,4096,52814_x00512_y04096.png,52814_x00512_y04096.png,52814_x00512_y04096.tif,0.0,0
52814,1024,4096,52814_x01024_y04096.png,52814_x01024_y04096.png,52814_x01024_y04096.tif,0.0,0
52814,1536,4096,52814_x01536_y04096.png,52814_x01536_y04096.png,52814_x01536_y04096.tif,0.019138336181640625,5017
52814,2048,4096,52814_x02048_y04096.png,52814_x02048_y04096.png,52814_x02048_y04096.tif,0.0,0
52814,2560,4096,52814_x02560_y04096.png,52814_x02560_y04096.png,52814_x02560_y04096.tif,0.0,0
52814,3072,4096,52814_x03072_y04096.png,52814_x03072_y04096.png,52814_x03072_y04096.tif,0.0,0
52814,3584,4096,52814_x03584_y04096.png,52814_x03584_y04096.png,52814_x03584_y04096.tif,0.0,0
52814,4096,4096,52814_x04096_y04096.png,52814_x04096_y04096.png,52814_x04096_y04096.tif,0.0,0
63321,0,0,63321_x00000_y00000.png,63321_x00000_y00000.png,63321_x00000_y00000.tif,0.0,0
63321,512,0,63321_x00512_y00000.png,63321_x00512_y00000.png,63321_x00512_y00000.tif,0.0,0
63321,1024,0,63321_x01024_y00000.png,63321_x01024_y00000.png,63321_x01024_y00000.tif,0.0,0
63321,1536,0,63321_x01536_y00000.png,63321_x01536_y00000.png,63321_x01536_y00000.tif,0.0,0
63321,2048,0,63321_x02048_y00000.png,63321_x02048_y00000.png,63321_x02048_y00000.tif,0.0,0
63321,2560,0,63321_x02560_y00000.png,63321_x02560_y00000.png,63321_x02560_y00000.tif,0.0,0
63321,3072,0,63321_x03072_y00000.png,63321_x03072_y00000.png,63321_x03072_y00000.tif,0.0,0
63321,3584,0,63321_x03584_y00000.png,63321_x03584_y00000.png,63321_x03584_y00000.tif,0.0,0
63321,4096,0,63321_x04096_y00000.png,63321_x04096_y00000.png,63321_x04096_y00000.tif,0.0,0
63321,0,512,63321_x00000_y00512.png,63321_x00000_y00512.png,63321_x00000_y00512.tif,0.0,0
63321,512,512,63321_x00512_y00512.png,63321_x00512_y00512.png,63321_x00512_y00512.tif,0.0,0
63321,1024,512,63321_x01024_y00512.png,63321_x01024_y00512.png,63321_x01024_y00512.tif,0.0,0
63321,1536,512,63321_x01536_y00512.png,63321_x01536_y00512.png,63321_x01536_y00512.tif,0.0,0
63321,2048,512,63321_x02048_y00512.png,63321_x02048_y00512.png,63321_x02048_y00512.tif,0.0,0
63321,2560,512,63321_x02560_y00512.png,63321_x02560_y00512.png,63321_x02560_y00512.tif,0.0,0
63321,3072,512,63321_x03072_y00512.png,63321_x03072_y00512.png,63321_x03072_y00512.tif,0.0,0
63321,3584,512,63321_x03584_y00512.png,63321_x03584_y00512.png,63321_x03584_y00512.tif,0.0,0
63321,4096,512,63321_x04096_y00512.png,63321_x04096_y00512.png,63321_x04096_y00512.tif,0.0,0
63321,0,1024,63321_x00000_y01024.png,63321_x00000_y01024.png,63321_x00000_y01024.tif,0.0,0
63321,512,1024,63321_x00512_y01024.png,63321_x00512_y01024.png,63321_x00512_y01024.tif,0.0,0
63321,1024,1024,63321_x01024_y01024.png,63321_x01024_y01024.png,63321_x01024_y01024.tif,0.0,0
63321,1536,1024,63321_x01536_y01024.png,63321_x01536_y01024.png,63321_x01536_y01024.tif,0.0,0
63321,2048,1024,63321_x02048_y01024.png,63321_x02048_y01024.png,63321_x02048_y01024.tif,0.0,0
63321,2560,1024,63321_x02560_y01024.png,63321_x02560_y01024.png,63321_x02560_y01024.tif,0.0,0
63321,3072,1024,63321_x03072_y01024.png,63321_x03072_y01024.png,63321_x03072_y01024.tif,0.0,0
63321,3584,1024,63321_x03584_y01024.png,63321_x03584_y01024.png,63321_x03584_y01024.tif,0.0,0
63321,4096,1024,63321_x04096_y01024.png,63321_x04096_y01024.png,63321_x04096_y01024.tif,0.0,0
63321,0,1536,63321_x00000_y01536.png,63321_x00000_y01536.png,63321_x00000_y01536.tif,0.0,0
63321,512,1536,63321_x00512_y01536.png,63321_x00512_y01536.png,63321_x00512_y01536.tif,0.0,0
63321,1024,1536,63321_x01024_y01536.png,63321_x01024_y01536.png,63321_x01024_y01536.tif,0.0,0
63321,1536,1536,63321_x01536_y01536.png,63321_x01536_y01536.png,63321_x01536_y01536.tif,0.0,0
63321,2048,1536,63321_x02048_y01536.png,63321_x02048_y01536.png,63321_x02048_y01536.tif,0.0,0
63321,2560,1536,63321_x02560_y01536.png,63321_x02560_y01536.png,63321_x02560_y01536.tif,0.0,0
63321,3072,1536,63321_x03072_y01536.png,63321_x03072_y01536.png,63321_x03072_y01536.tif,0.0,0
63321,3584,1536,63321_x03584_y01536.png,63321_x03584_y01536.png,63321_x03584_y01536.tif,0.0,0
63321,4096,1536,63321_x04096_y01536.png,63321_x04096_y01536.png,63321_x04096_y01536.tif,0.0,0
63321,0,2048,63321_x00000_y02048.png,63321_x00000_y02048.png,63321_x00000_y02048.tif,0.0,0
63321,512,2048,63321_x00512_y02048.png,63321_x00512_y02048.png,63321_x00512_y02048.tif,0.0,0
63321,1024,2048,63321_x01024_y02048.png,63321_x01024_y02048.png,63321_x01024_y02048.tif,0.0,0
63321,1536,2048,63321_x01536_y02048.png,63321_x01536_y02048.png,63321_x01536_y02048.tif,0.0,0
63321,2048,2048,63321_x02048_y02048.png,63321_x02048_y02048.png,63321_x02048_y02048.tif,0.0,0
63321,2560,2048,63321_x02560_y02048.png,63321_x02560_y02048.png,63321_x02560_y02048.tif,0.0,0
63321,3072,2048,63321_x03072_y02048.png,63321_x03072_y02048.png,63321_x03072_y02048.tif,0.000499725341796875,131
63321,3584,2048,63321_x03584_y02048.png,63321_x03584_y02048.png,63321_x03584_y02048.tif,0.0,0
63321,4096,2048,63321_x04096_y02048.png,63321_x04096_y02048.png,63321_x04096_y02048.tif,0.0,0
63321,0,2560,63321_x00000_y02560.png,63321_x00000_y02560.png,63321_x00000_y02560.tif,0.0,0
63321,512,2560,63321_x00512_y02560.png,63321_x00512_y02560.png,63321_x00512_y02560.tif,0.0,0
63321,1024,2560,63321_x01024_y02560.png,63321_x01024_y02560.png,63321_x01024_y02560.tif,0.0,0
63321,1536,2560,63321_x01536_y02560.png,63321_x01536_y02560.png,63321_x01536_y02560.tif,0.0,0
63321,2048,2560,63321_x02048_y02560.png,63321_x02048_y02560.png,63321_x02048_y02560.tif,0.0,0
63321,2560,2560,63321_x02560_y02560.png,63321_x02560_y02560.png,63321_x02560_y02560.tif,0.0,0
63321,3072,2560,63321_x03072_y02560.png,63321_x03072_y02560.png,63321_x03072_y02560.tif,0.019283294677734375,5055
63321,3584,2560,63321_x03584_y02560.png,63321_x03584_y02560.png,63321_x03584_y02560.tif,0.0,0
63321,4096,2560,63321_x04096_y02560.png,63321_x04096_y02560.png,63321_x04096_y02560.tif,0.0,0
63321,0,3072,63321_x00000_y03072.png,63321_x00000_y03072.png,63321_x00000_y03072.tif,0.0,0
63321,512,3072,63321_x00512_y03072.png,63321_x00512_y03072.png,63321_x00512_y03072.tif,0.0,0
63321,1024,3072,63321_x01024_y03072.png,63321_x01024_y03072.png,63321_x01024_y03072.tif,0.0,0
63321,1536,3072,63321_x01536_y03072.png,63321_x01536_y03072.png,63321_x01536_y03072.tif,0.0,0
63321,2048,3072,63321_x02048_y03072.png,63321_x02048_y03072.png,63321_x02048_y03072.tif,0.0,0
63321,2560,3072,63321_x02560_y03072.png,63321_x02560_y03072.png,63321_x02560_y03072.tif,0.0,0
63321,3072,3072,63321_x03072_y03072.png,63321_x03072_y03072.png,63321_x03072_y03072.tif,0.0,0
63321,3584,3072,63321_x03584_y03072.png,63321_x03584_y03072.png,63321_x03584_y03072.tif,0.0,0
63321,4096,3072,63321_x04096_y03072.png,63321_x04096_y03072.png,63321_x04096_y03072.tif,0.0,0
63321,0,3584,63321_x00000_y03584.png,63321_x00000_y03584.png,63321_x00000_y03584.tif,0.0,0
63321,512,3584,63321_x00512_y03584.png,63321_x00512_y03584.png,63321_x00512_y03584.tif,0.0,0
63321,1024,3584,63321_x01024_y03584.png,63321_x01024_y03584.png,63321_x01024_y03584.tif,0.0,0
63321,1536,3584,63321_x01536_y03584.png,63321_x01536_y03584.png,63321_x01536_y03584.tif,0.0,0
63321,2048,3584,63321_x02048_y03584.png,63321_x02048_y03584.png,63321_x02048_y03584.tif,0.0,0
63321,2560,3584,63321_x02560_y03584.png,63321_x02560_y03584.png,63321_x02560_y03584.tif,0.0,0
63321,3072,3584,63321_x03072_y03584.png,63321_x03072_y03584.png,63321_x03072_y03584.tif,0.0,0
63321,3584,3584,63321_x03584_y03584.png,63321_x03584_y03584.png,63321_x03584_y03584.tif,0.0,0
63321,4096,3584,63321_x04096_y03584.png,63321_x04096_y03584.png,63321_x04096_y03584.tif,0.0,0
63321,0,4096,63321_x00000_y04096.png,63321_x00000_y04096.png,63321_x00000_y04096.tif,0.0,0
63321,512,4096,63321_x00512_y04096.png,63321_x00512_y04096.png,63321_x00512_y04096.tif,0.0,0
63321,1024,4096,63321_x01024_y04096.png,63321_x01024_y04096.png,63321_x01024_y04096.tif,0.0,0
63321,1536,4096,63321_x01536_y04096.png,63321_x01536_y04096.png,63321_x01536_y04096.tif,0.0,0
63321,2048,4096,63321_x02048_y04096.png,63321_x02048_y04096.png,63321_x02048_y04096.tif,0.0,0
63321,2560,4096,63321_x02560_y04096.png,63321_x02560_y04096.png,63321_x02560_y04096.tif,0.0,0
63321,3072,4096,63321_x03072_y04096.png,63321_x03072_y04096.png,63321_x03072_y04096.tif,0.0,0
63321,3584,4096,63321_x03584_y04096.png,63321_x03584_y04096.png,63321_x03584_y04096.tif,0.0,0
63321,4096,4096,63321_x04096_y04096.png,63321_x04096_y04096.png,63321_x04096_y04096.tif,0.0,0
64784,0,0,64784_x00000_y00000.png,64784_x00000_y00000.png,64784_x00000_y00000.tif,0.0,0
64784,512,0,64784_x00512_y00000.png,64784_x00512_y00000.png,64784_x00512_y00000.tif,0.0,0
64784,1024,0,64784_x01024_y00000.png,64784_x01024_y00000.png,64784_x01024_y00000.tif,0.0,0
64784,1536,0,64784_x01536_y00000.png,64784_x01536_y00000.png,64784_x01536_y00000.tif,0.0,0
64784,2048,0,64784_x02048_y00000.png,64784_x02048_y00000.png,64784_x02048_y00000.tif,0.0,0
64784,2560,0,64784_x02560_y00000.png,64784_x02560_y00000.png,64784_x02560_y00000.tif,0.0,0
64784,3072,0,64784_x03072_y00000.png,64784_x03072_y00000.png,64784_x03072_y00000.tif,0.0,0
64784,3584,0,64784_x03584_y00000.png,64784_x03584_y00000.png,64784_x03584_y00000.tif,0.0,0
64784,4096,0,64784_x04096_y00000.png,64784_x04096_y00000.png,64784_x04096_y00000.tif,0.0,0
64784,0,512,64784_x00000_y00512.png,64784_x00000_y00512.png,64784_x00000_y00512.tif,0.0,0
64784,512,512,64784_x00512_y00512.png,64784_x00512_y00512.png,64784_x00512_y00512.tif,0.0,0
64784,1024,512,64784_x01024_y00512.png,64784_x01024_y00512.png,64784_x01024_y00512.tif,0.0,0
64784,1536,512,64784_x01536_y00512.png,64784_x01536_y00512.png,64784_x01536_y00512.tif,0.0,0
64784,2048,512,64784_x02048_y00512.png,64784_x02048_y00512.png,64784_x02048_y00512.tif,0.0,0
64784,2560,512,64784_x02560_y00512.png,64784_x02560_y00512.png,64784_x02560_y00512.tif,0.0,0
64784,3072,512,64784_x03072_y00512.png,64784_x03072_y00512.png,64784_x03072_y00512.tif,0.0,0
64784,3584,512,64784_x03584_y00512.png,64784_x03584_y00512.png,64784_x03584_y00512.tif,0.0,0
64784,4096,512,64784_x04096_y00512.png,64784_x04096_y00512.png,64784_x04096_y00512.tif,0.0,0
64784,0,1024,64784_x00000_y01024.png,64784_x00000_y01024.png,64784_x00000_y01024.tif,0.0,0
64784,512,1024,64784_x00512_y01024.png,64784_x00512_y01024.png,64784_x00512_y01024.tif,0.0,0
64784,1024,1024,64784_x01024_y01024.png,64784_x01024_y01024.png,64784_x01024_y01024.tif,0.0,0
64784,1536,1024,64784_x01536_y01024.png,64784_x01536_y01024.png,64784_x01536_y01024.tif,0.0,0
64784,2048,1024,64784_x02048_y01024.png,64784_x02048_y01024.png,64784_x02048_y01024.tif,0.0,0
64784,2560,1024,64784_x02560_y01024.png,64784_x02560_y01024.png,64784_x02560_y01024.tif,0.0,0
64784,3072,1024,64784_x03072_y01024.png,64784_x03072_y01024.png,64784_x03072_y01024.tif,0.0,0
64784,3584,1024,64784_x03584_y01024.png,64784_x03584_y01024.png,64784_x03584_y01024.tif,0.0,0
64784,4096,1024,64784_x04096_y01024.png,64784_x04096_y01024.png,64784_x04096_y01024.tif,0.0,0
64784,0,1536,64784_x00000_y01536.png,64784_x00000_y01536.png,64784_x00000_y01536.tif,0.0,0
64784,512,1536,64784_x00512_y01536.png,64784_x00512_y01536.png,64784_x00512_y01536.tif,0.0,0
64784,1024,1536,64784_x01024_y01536.png,64784_x01024_y01536.png,64784_x01024_y01536.tif,0.0,0
64784,1536,1536,64784_x01536_y01536.png,64784_x01536_y01536.png,64784_x01536_y01536.tif,0.0,0
64784,2048,1536,64784_x02048_y01536.png,64784_x02048_y01536.png,64784_x02048_y01536.tif,0.0,0
64784,2560,1536,64784_x02560_y01536.png,64784_x02560_y01536.png,64784_x02560_y01536.tif,0.0,0
64784,3072,1536,64784_x03072_y01536.png,64784_x03072_y01536.png,64784_x03072_y01536.tif,0.0,0
64784,3584,1536,64784_x03584_y01536.png,64784_x03584_y01536.png,64784_x03584_y01536.tif,0.0,0
64784,4096,1536,64784_x04096_y01536.png,64784_x04096_y01536.png,64784_x04096_y01536.tif,0.0,0
64784,0,2048,64784_x00000_y02048.png,64784_x00000_y02048.png,64784_x00000_y02048.tif,0.0,0
64784,512,2048,64784_x00512_y02048.png,64784_x00512_y02048.png,64784_x00512_y02048.tif,0.0,0
64784,1024,2048,64784_x01024_y02048.png,64784_x01024_y02048.png,64784_x01024_y02048.tif,0.0,0
64784,1536,2048,64784_x01536_y02048.png,64784_x01536_y02048.png,64784_x01536_y02048.tif,0.0,0
64784,2048,2048,64784_x02048_y02048.png,64784_x02048_y02048.png,64784_x02048_y02048.tif,0.0,0
64784,2560,2048,64784_x02560_y02048.png,64784_x02560_y02048.png,64784_x02560_y02048.tif,0.0,0
64784,3072,2048,64784_x03072_y02048.png,64784_x03072_y02048.png,64784_x03072_y02048.tif,0.0,0
64784,3584,2048,64784_x03584_y02048.png,64784_x03584_y02048.png,64784_x03584_y02048.tif,0.0,0
64784,4096,2048,64784_x04096_y02048.png,64784_x04096_y02048.png,64784_x04096_y02048.tif,0.0,0
64784,0,2560,64784_x00000_y02560.png,64784_x00000_y02560.png,64784_x00000_y02560.tif,0.0,0
64784,512,2560,64784_x00512_y02560.png,64784_x00512_y02560.png,64784_x00512_y02560.tif,0.0,0
64784,1024,2560,64784_x01024_y02560.png,64784_x01024_y02560.png,64784_x01024_y02560.tif,0.0,0
64784,1536,2560,64784_x01536_y02560.png,64784_x01536_y02560.png,64784_x01536_y02560.tif,0.0,0
64784,2048,2560,64784_x02048_y02560.png,64784_x02048_y02560.png,64784_x02048_y02560.tif,0.0,0
64784,2560,2560,64784_x02560_y02560.png,64784_x02560_y02560.png,64784_x02560_y02560.tif,0.0,0
64784,3072,2560,64784_x03072_y02560.png,64784_x03072_y02560.png,64784_x03072_y02560.tif,0.0,0
64784,3584,2560,64784_x03584_y02560.png,64784_x03584_y02560.png,64784_x03584_y02560.tif,0.0,0
64784,4096,2560,64784_x04096_y02560.png,64784_x04096_y02560.png,64784_x04096_y02560.tif,0.0,0
64784,0,3072,64784_x00000_y03072.png,64784_x00000_y03072.png,64784_x00000_y03072.tif,0.0,0
64784,512,3072,64784_x00512_y03072.png,64784_x00512_y03072.png,64784_x00512_y03072.tif,0.0,0
64784,1024,3072,64784_x01024_y03072.png,64784_x01024_y03072.png,64784_x01024_y03072.tif,0.0,0
64784,1536,3072,64784_x01536_y03072.png,64784_x01536_y03072.png,64784_x01536_y03072.tif,0.0,0
64784,2048,3072,64784_x02048_y03072.png,64784_x02048_y03072.png,64784_x02048_y03072.tif,0.0,0
64784,2560,3072,64784_x02560_y03072.png,64784_x02560_y03072.png,64784_x02560_y03072.tif,0.0,0
64784,3072,3072,64784_x03072_y03072.png,64784_x03072_y03072.png,64784_x03072_y03072.tif,0.051666259765625,13544
64784,3584,3072,64784_x03584_y03072.png,64784_x03584_y03072.png,64784_x03584_y03072.tif,0.0,0
64784,4096,3072,64784_x04096_y03072.png,64784_x04096_y03072.png,64784_x04096_y03072.tif,0.0,0
64784,0,3584,64784_x00000_y03584.png,64784_x00000_y03584.png,64784_x00000_y03584.tif,0.0,0
64784,512,3584,64784_x00512_y03584.png,64784_x00512_y03584.png,64784_x00512_y03584.tif,0.0,0
64784,1024,3584,64784_x01024_y03584.png,64784_x01024_y03584.png,64784_x01024_y03584.tif,0.0,0
64784,1536,3584,64784_x01536_y03584.png,64784_x01536_y03584.png,64784_x01536_y03584.tif,0.0,0
64784,2048,3584,64784_x02048_y03584.png,64784_x02048_y03584.png,64784_x02048_y03584.tif,0.0,0
64784,2560,3584,64784_x02560_y03584.png,64784_x02560_y03584.png,64784_x02560_y03584.tif,0.0,0
64784,3072,3584,64784_x03072_y03584.png,64784_x03072_y03584.png,64784_x03072_y03584.tif,0.0,0
64784,3584,3584,64784_x03584_y03584.png,64784_x03584_y03584.png,64784_x03584_y03584.tif,0.0,0
64784,4096,3584,64784_x04096_y03584.png,64784_x04096_y03584.png,64784_x04096_y03584.tif,0.0,0
64784,0,4096,64784_x00000_y04096.png,64784_x00000_y04096.png,64784_x00000_y04096.tif,0.0,0
64784,512,4096,64784_x00512_y04096.png,64784_x00512_y04096.png,64784_x00512_y04096.tif,0.0,0
64784,1024,4096,64784_x01024_y04096.png,64784_x01024_y04096.png,64784_x01024_y04096.tif,0.0,0
64784,1536,4096,64784_x01536_y04096.png,64784_x01536_y04096.png,64784_x01536_y04096.tif,0.0,0
64784,2048,4096,64784_x02048_y04096.png,64784_x02048_y04096.png,64784_x02048_y04096.tif,0.0,0
64784,2560,4096,64784_x02560_y04096.png,64784_x02560_y04096.png,64784_x02560_y04096.tif,0.0,0
64784,3072,4096,64784_x03072_y04096.png,64784_x03072_y04096.png,64784_x03072_y04096.tif,0.0,0
64784,3584,4096,64784_x03584_y04096.png,64784_x03584_y04096.png,64784_x03584_y04096.tif,0.0,0
64784,4096,4096,64784_x04096_y04096.png,64784_x04096_y04096.png,64784_x04096_y04096.tif,0.0,0
54421,0,0,54421_x00000_y00000.png,54421_x00000_y00000.png,54421_x00000_y00000.tif,0.0,0
54421,512,0,54421_x00512_y00000.png,54421_x00512_y00000.png,54421_x00512_y00000.tif,0.0,0
54421,1024,0,54421_x01024_y00000.png,54421_x01024_y00000.png,54421_x01024_y00000.tif,0.0,0
54421,1536,0,54421_x01536_y00000.png,54421_x01536_y00000.png,54421_x01536_y00000.tif,0.0,0
54421,2048,0,54421_x02048_y00000.png,54421_x02048_y00000.png,54421_x02048_y00000.tif,0.0,0
54421,2560,0,54421_x02560_y00000.png,54421_x02560_y00000.png,54421_x02560_y00000.tif,0.0,0
54421,3072,0,54421_x03072_y00000.png,54421_x03072_y00000.png,54421_x03072_y00000.tif,0.0,0
54421,3584,0,54421_x03584_y00000.png,54421_x03584_y00000.png,54421_x03584_y00000.tif,0.0,0
54421,4096,0,54421_x04096_y00000.png,54421_x04096_y00000.png,54421_x04096_y00000.tif,0.0,0
54421,0,512,54421_x00000_y00512.png,54421_x00000_y00512.png,54421_x00000_y00512.tif,0.0,0
54421,512,512,54421_x00512_y00512.png,54421_x00512_y00512.png,54421_x00512_y00512.tif,0.0,0
54421,1024,512,54421_x01024_y00512.png,54421_x01024_y00512.png,54421_x01024_y00512.tif,0.0,0
54421,1536,512,54421_x01536_y00512.png,54421_x01536_y00512.png,54421_x01536_y00512.tif,0.0,0
54421,2048,512,54421_x02048_y00512.png,54421_x02048_y00512.png,54421_x02048_y00512.tif,0.0,0
54421,2560,512,54421_x02560_y00512.png,54421_x02560_y00512.png,54421_x02560_y00512.tif,0.0,0
54421,3072,512,54421_x03072_y00512.png,54421_x03072_y00512.png,54421_x03072_y00512.tif,0.0,0
54421,3584,512,54421_x03584_y00512.png,54421_x03584_y00512.png,54421_x03584_y00512.tif,0.0,0
54421,4096,512,54421_x04096_y00512.png,54421_x04096_y00512.png,54421_x04096_y00512.tif,0.0,0
54421,0,1024,54421_x00000_y01024.png,54421_x00000_y01024.png,54421_x00000_y01024.tif,0.0,0
54421,512,1024,54421_x00512_y01024.png,54421_x00512_y01024.png,54421_x00512_y01024.tif,0.0,0
54421,1024,1024,54421_x01024_y01024.png,54421_x01024_y01024.png,54421_x01024_y01024.tif,0.0,0
54421,1536,1024,54421_x01536_y01024.png,54421_x01536_y01024.png,54421_x01536_y01024.tif,0.0,0
54421,2048,1024,54421_x02048_y01024.png,54421_x02048_y01024.png,54421_x02048_y01024.tif,0.0,0
54421,2560,1024,54421_x02560_y01024.png,54421_x02560_y01024.png,54421_x02560_y01024.tif,0.0,0
54421,3072,1024,54421_x03072_y01024.png,54421_x03072_y01024.png,54421_x03072_y01024.tif,0.0,0
54421,3584,1024,54421_x03584_y01024.png,54421_x03584_y01024.png,54421_x03584_y01024.tif,0.0,0
54421,4096,1024,54421_x04096_y01024.png,54421_x04096_y01024.png,54421_x04096_y01024.tif,0.0,0
54421,0,1536,54421_x00000_y01536.png,54421_x00000_y01536.png,54421_x00000_y01536.tif,0.0,0
54421,512,1536,54421_x00512_y01536.png,54421_x00512_y01536.png,54421_x00512_y01536.tif,0.0,0
54421,1024,1536,54421_x01024_y01536.png,54421_x01024_y01536.png,54421_x01024_y01536.tif,0.0,0
54421,1536,1536,54421_x01536_y01536.png,54421_x01536_y01536.png,54421_x01536_y01536.tif,0.0,0
54421,2048,1536,54421_x02048_y01536.png,54421_x02048_y01536.png,54421_x02048_y01536.tif,0.0,0
54421,2560,1536,54421_x02560_y01536.png,54421_x02560_y01536.png,54421_x02560_y01536.tif,0.0,0
54421,3072,1536,54421_x03072_y01536.png,54421_x03072_y01536.png,54421_x03072_y01536.tif,0.0,0
54421,3584,1536,54421_x03584_y01536.png,54421_x03584_y01536.png,54421_x03584_y01536.tif,0.0,0
54421,4096,1536,54421_x04096_y01536.png,54421_x04096_y01536.png,54421_x04096_y01536.tif,0.0,0
54421,0,2048,54421_x00000_y02048.png,54421_x00000_y02048.png,54421_x00000_y02048.tif,0.0,0
54421,512,2048,54421_x00512_y02048.png,54421_x00512_y02048.png,54421_x00512_y02048.tif,0.0,0
54421,1024,2048,54421_x01024_y02048.png,54421_x01024_y02048.png,54421_x01024_y02048.tif,0.0,0
54421,1536,2048,54421_x01536_y02048.png,54421_x01536_y02048.png,54421_x01536_y02048.tif,0.0,0
54421,2048,2048,54421_x02048_y02048.png,54421_x02048_y02048.png,54421_x02048_y02048.tif,0.0,0
54421,2560,2048,54421_x02560_y02048.png,54421_x02560_y02048.png,54421_x02560_y02048.tif,0.0,0
54421,3072,2048,54421_x03072_y02048.png,54421_x03072_y02048.png,54421_x03072_y02048.tif,0.0,0
54421,3584,2048,54421_x03584_y02048.png,54421_x03584_y02048.png,54421_x03584_y02048.tif,0.0,0
54421,4096,2048,54421_x04096_y02048.png,54421_x04096_y02048.png,54421_x04096_y02048.tif,0.0,0
54421,0,2560,54421_x00000_y02560.png,54421_x00000_y02560.png,54421_x00000_y02560.tif,0.0,0
54421,512,2560,54421_x00512_y02560.png,54421_x00512_y02560.png,54421_x00512_y02560.tif,0.0,0
54421,1024,2560,54421_x01024_y02560.png,54421_x01024_y02560.png,54421_x01024_y02560.tif,0.0,0
54421,1536,2560,54421_x01536_y02560.png,54421_x01536_y02560.png,54421_x01536_y02560.tif,0.0,0
54421,2048,2560,54421_x02048_y02560.png,54421_x02048_y02560.png,54421_x02048_y02560.tif,0.0,0
54421,2560,2560,54421_x02560_y02560.png,54421_x02560_y02560.png,54421_x02560_y02560.tif,0.0,0
54421,3072,2560,54421_x03072_y02560.png,54421_x03072_y02560.png,54421_x03072_y02560.tif,0.0,0
54421,3584,2560,54421_x03584_y02560.png,54421_x03584_y02560.png,54421_x03584_y02560.tif,0.0,0
54421,4096,2560,54421_x04096_y02560.png,54421_x04096_y02560.png,54421_x04096_y02560.tif,0.0,0
54421,0,3072,54421_x00000_y03072.png,54421_x00000_y03072.png,54421_x00000_y03072.tif,0.0,0
54421,512,3072,54421_x00512_y03072.png,54421_x00512_y03072.png,54421_x00512_y03072.tif,0.0,0
54421,1024,3072,54421_x01024_y03072.png,54421_x01024_y03072.png,54421_x01024_y03072.tif,0.0,0
54421,1536,3072,54421_x01536_y03072.png,54421_x01536_y03072.png,54421_x01536_y03072.tif,0.0,0
54421,2048,3072,54421_x02048_y03072.png,54421_x02048_y03072.png,54421_x02048_y03072.tif,0.003040313720703125,797
54421,2560,3072,54421_x02560_y03072.png,54421_x02560_y03072.png,54421_x02560_y03072.tif,0.0,0
54421,3072,3072,54421_x03072_y03072.png,54421_x03072_y03072.png,54421_x03072_y03072.tif,0.0,0
54421,3584,3072,54421_x03584_y03072.png,54421_x03584_y03072.png,54421_x03584_y03072.tif,0.0,0
54421,4096,3072,54421_x04096_y03072.png,54421_x04096_y03072.png,54421_x04096_y03072.tif,0.0,0
54421,0,3584,54421_x00000_y03584.png,54421_x00000_y03584.png,54421_x00000_y03584.tif,0.0,0
54421,512,3584,54421_x00512_y03584.png,54421_x00512_y03584.png,54421_x00512_y03584.tif,0.0,0
54421,1024,3584,54421_x01024_y03584.png,54421_x01024_y03584.png,54421_x01024_y03584.tif,0.0,0
54421,1536,3584,54421_x01536_y03584.png,54421_x01536_y03584.png,54421_x01536_y03584.tif,0.0,0
54421,2048,3584,54421_x02048_y03584.png,54421_x02048_y03584.png,54421_x02048_y03584.tif,0.04102325439453125,10754
54421,2560,3584,54421_x02560_y03584.png,54421_x02560_y03584.png,54421_x02560_y03584.tif,0.0,0
54421,3072,3584,54421_x03072_y03584.png,54421_x03072_y03584.png,54421_x03072_y03584.tif,0.0,0
54421,3584,3584,54421_x03584_y03584.png,54421_x03584_y03584.png,54421_x03584_y03584.tif,0.0,0
54421,4096,3584,54421_x04096_y03584.png,54421_x04096_y03584.png,54421_x04096_y03584.tif,0.0,0
54421,0,4096,54421_x00000_y04096.png,54421_x00000_y04096.png,54421_x00000_y04096.tif,0.0,0
54421,512,4096,54421_x00512_y04096.png,54421_x00512_y04096.png,54421_x00512_y04096.tif,0.0,0
54421,1024,4096,54421_x01024_y04096.png,54421_x01024_y04096.png,54421_x01024_y04096.tif,0.0,0
54421,1536,4096,54421_x01536_y04096.png,54421_x01536_y04096.png,54421_x01536_y04096.tif,0.0,0
54421,2048,4096,54421_x02048_y04096.png,54421_x02048_y04096.png,54421_x02048_y04096.tif,0.0,0
54421,2560,4096,54421_x02560_y04096.png,54421_x02560_y04096.png,54421_x02560_y04096.tif,0.0,0
54421,3072,4096,54421_x03072_y04096.png,54421_x03072_y04096.png,54421_x03072_y04096.tif,0.0,0
54421,3584,4096,54421_x03584_y04096.png,54421_x03584_y04096.png,54421_x03584_y04096.tif,0.0,0
54421,4096,4096,54421_x04096_y04096.png,54421_x04096_y04096.png,54421_x04096_y04096.tif,0.0,0
54071,0,0,54071_x00000_y00000.png,54071_x00000_y00000.png,54071_x00000_y00000.tif,0.0,0
54071,512,0,54071_x00512_y00000.png,54071_x00512_y00000.png,54071_x00512_y00000.tif,0.0,0
54071,1024,0,54071_x01024_y00000.png,54071_x01024_y00000.png,54071_x01024_y00000.tif,0.0,0
54071,1536,0,54071_x01536_y00000.png,54071_x01536_y00000.png,54071_x01536_y00000.tif,0.0,0
54071,2048,0,54071_x02048_y00000.png,54071_x02048_y00000.png,54071_x02048_y00000.tif,0.0,0
54071,2560,0,54071_x02560_y00000.png,54071_x02560_y00000.png,54071_x02560_y00000.tif,0.0,0
54071,3072,0,54071_x03072_y00000.png,54071_x03072_y00000.png,54071_x03072_y00000.tif,0.0,0
54071,3584,0,54071_x03584_y00000.png,54071_x03584_y00000.png,54071_x03584_y00000.tif,0.0,0
54071,4096,0,54071_x04096_y00000.png,54071_x04096_y00000.png,54071_x04096_y00000.tif,0.0,0
54071,0,512,54071_x00000_y00512.png,54071_x00000_y00512.png,54071_x00000_y00512.tif,0.0,0
54071,512,512,54071_x00512_y00512.png,54071_x00512_y00512.png,54071_x00512_y00512.tif,0.0,0
54071,1024,512,54071_x01024_y00512.png,54071_x01024_y00512.png,54071_x01024_y00512.tif,0.0,0
54071,1536,512,54071_x01536_y00512.png,54071_x01536_y00512.png,54071_x01536_y00512.tif,0.0,0
54071,2048,512,54071_x02048_y00512.png,54071_x02048_y00512.png,54071_x02048_y00512.tif,0.0,0
54071,2560,512,54071_x02560_y00512.png,54071_x02560_y00512.png,54071_x02560_y00512.tif,0.0,0
54071,3072,512,54071_x03072_y00512.png,54071_x03072_y00512.png,54071_x03072_y00512.tif,0.0,0
54071,3584,512,54071_x03584_y00512.png,54071_x03584_y00512.png,54071_x03584_y00512.tif,0.0,0
54071,4096,512,54071_x04096_y00512.png,54071_x04096_y00512.png,54071_x04096_y00512.tif,0.0,0
54071,0,1024,54071_x00000_y01024.png,54071_x00000_y01024.png,54071_x00000_y01024.tif,0.0,0
54071,512,1024,54071_x00512_y01024.png,54071_x00512_y01024.png,54071_x00512_y01024.tif,0.0,0
54071,1024,1024,54071_x01024_y01024.png,54071_x01024_y01024.png,54071_x01024_y01024.tif,0.0,0
54071,1536,1024,54071_x01536_y01024.png,54071_x01536_y01024.png,54071_x01536_y01024.tif,0.0,0
54071,2048,1024,54071_x02048_y01024.png,54071_x02048_y01024.png,54071_x02048_y01024.tif,0.0,0
54071,2560,1024,54071_x02560_y01024.png,54071_x02560_y01024.png,54071_x02560_y01024.tif,0.0,0
54071,3072,1024,54071_x03072_y01024.png,54071_x03072_y01024.png,54071_x03072_y01024.tif,0.0,0
54071,3584,1024,54071_x03584_y01024.png,54071_x03584_y01024.png,54071_x03584_y01024.tif,0.0,0
54071,4096,1024,54071_x04096_y01024.png,54071_x04096_y01024.png,54071_x04096_y01024.tif,0.0,0
54071,0,1536,54071_x00000_y01536.png,54071_x00000_y01536.png,54071_x00000_y01536.tif,0.0,0
54071,512,1536,54071_x00512_y01536.png,54071_x00512_y01536.png,54071_x00512_y01536.tif,0.0,0
54071,1024,1536,54071_x01024_y01536.png,54071_x01024_y01536.png,54071_x01024_y01536.tif,0.0,0
54071,1536,1536,54071_x01536_y01536.png,54071_x01536_y01536.png,54071_x01536_y01536.tif,0.0,0
54071,2048,1536,54071_x02048_y01536.png,54071_x02048_y01536.png,54071_x02048_y01536.tif,0.0,0
54071,2560,1536,54071_x02560_y01536.png,54071_x02560_y01536.png,54071_x02560_y01536.tif,0.0,0
54071,3072,1536,54071_x03072_y01536.png,54071_x03072_y01536.png,54071_x03072_y01536.tif,0.0,0
54071,3584,1536,54071_x03584_y01536.png,54071_x03584_y01536.png,54071_x03584_y01536.tif,0.0,0
54071,4096,1536,54071_x04096_y01536.png,54071_x04096_y01536.png,54071_x04096_y01536.tif,0.0,0
54071,0,2048,54071_x00000_y02048.png,54071_x00000_y02048.png,54071_x00000_y02048.tif,0.0,0
54071,512,2048,54071_x00512_y02048.png,54071_x00512_y02048.png,54071_x00512_y02048.tif,0.0,0
54071,1024,2048,54071_x01024_y02048.png,54071_x01024_y02048.png,54071_x01024_y02048.tif,0.0,0
54071,1536,2048,54071_x01536_y02048.png,54071_x01536_y02048.png,54071_x01536_y02048.tif,0.0,0
54071,2048,2048,54071_x02048_y02048.png,54071_x02048_y02048.png,54071_x02048_y02048.tif,0.0,0
54071,2560,2048,54071_x02560_y02048.png,54071_x02560_y02048.png,54071_x02560_y02048.tif,0.0,0
54071,3072,2048,54071_x03072_y02048.png,54071_x03072_y02048.png,54071_x03072_y02048.tif,0.0,0
54071,3584,2048,54071_x03584_y02048.png,54071_x03584_y02048.png,54071_x03584_y02048.tif,0.0,0
54071,4096,2048,54071_x04096_y02048.png,54071_x04096_y02048.png,54071_x04096_y02048.tif,0.0,0
54071,0,2560,54071_x00000_y02560.png,54071_x00000_y02560.png,54071_x00000_y02560.tif,0.0,0
54071,512,2560,54071_x00512_y02560.png,54071_x00512_y02560.png,54071_x00512_y02560.tif,0.0,0
54071,1024,2560,54071_x01024_y02560.png,54071_x01024_y02560.png,54071_x01024_y02560.tif,0.0,0
54071,1536,2560,54071_x01536_y02560.png,54071_x01536_y02560.png,54071_x01536_y02560.tif,0.0,0
54071,2048,2560,54071_x02048_y02560.png,54071_x02048_y02560.png,54071_x02048_y02560.tif,0.0,0
54071,2560,2560,54071_x02560_y02560.png,54071_x02560_y02560.png,54071_x02560_y02560.tif,0.0,0
54071,3072,2560,54071_x03072_y02560.png,54071_x03072_y02560.png,54071_x03072_y02560.tif,0.0,0
54071,3584,2560,54071_x03584_y02560.png,54071_x03584_y02560.png,54071_x03584_y02560.tif,0.0,0
54071,4096,2560,54071_x04096_y02560.png,54071_x04096_y02560.png,54071_x04096_y02560.tif,0.0,0
54071,0,3072,54071_x00000_y03072.png,54071_x00000_y03072.png,54071_x00000_y03072.tif,0.0,0
54071,512,3072,54071_x00512_y03072.png,54071_x00512_y03072.png,54071_x00512_y03072.tif,0.0,0
54071,1024,3072,54071_x01024_y03072.png,54071_x01024_y03072.png,54071_x01024_y03072.tif,0.0,0
54071,1536,3072,54071_x01536_y03072.png,54071_x01536_y03072.png,54071_x01536_y03072.tif,0.0,0
54071,2048,3072,54071_x02048_y03072.png,54071_x02048_y03072.png,54071_x02048_y03072.tif,0.0,0
54071,2560,3072,54071_x02560_y03072.png,54071_x02560_y03072.png,54071_x02560_y03072.tif,0.0,0
54071,3072,3072,54071_x03072_y03072.png,54071_x03072_y03072.png,54071_x03072_y03072.tif,0.0,0
54071,3584,3072,54071_x03584_y03072.png,54071_x03584_y03072.png,54071_x03584_y03072.tif,0.0,0
54071,4096,3072,54071_x04096_y03072.png,54071_x04096_y03072.png,54071_x04096_y03072.tif,0.0,0
54071,0,3584,54071_x00000_y03584.png,54071_x00000_y03584.png,54071_x00000_y03584.tif,0.0,0
54071,512,3584,54071_x00512_y03584.png,54071_x00512_y03584.png,54071_x00512_y03584.tif,0.0,0
54071,1024,3584,54071_x01024_y03584.png,54071_x01024_y03584.png,54071_x01024_y03584.tif,0.0,0
54071,1536,3584,54071_x01536_y03584.png,54071_x01536_y03584.png,54071_x01536_y03584.tif,0.0,0
54071,2048,3584,54071_x02048_y03584.png,54071_x02048_y03584.png,54071_x02048_y03584.tif,0.0,0
54071,2560,3584,54071_x02560_y03584.png,54071_x02560_y03584.png,54071_x02560_y03584.tif,0.0,0
54071,3072,3584,54071_x03072_y03584.png,54071_x03072_y03584.png,54071_x03072_y03584.tif,0.0,0
54071,3584,3584,54071_x03584_y03584.png,54071_x03584_y03584.png,54071_x03584_y03584.tif,0.0,0
54071,4096,3584,54071_x04096_y03584.png,54071_x04096_y03584.png,54071_x04096_y03584.tif,0.0,0
54071,0,4096,54071_x00000_y04096.png,54071_x00000_y04096.png,54071_x00000_y04096.tif,0.0,0
54071,512,4096,54071_x00512_y04096.png,54071_x00512_y04096.png,54071_x00512_y04096.tif,0.0,0
54071,1024,4096,54071_x01024_y04096.png,54071_x01024_y04096.png,54071_x01024_y04096.tif,0.0,0
54071,1536,4096,54071_x01536_y04096.png,54071_x01536_y04096.png,54071_x01536_y04096.tif,0.0,0
54071,2048,4096,54071_x02048_y04096.png,54071_x02048_y04096.png,54071_x02048_y04096.tif,0.0,0
54071,2560,4096,54071_x02560_y04096.png,54071_x02560_y04096.png,54071_x02560_y04096.tif,0.0,0
54071,3072,4096,54071_x03072_y04096.png,54071_x03072_y04096.png,54071_x03072_y04096.tif,0.0,0
54071,3584,4096,54071_x03584_y04096.png,54071_x03584_y04096.png,54071_x03584_y04096.tif,0.0,0
54071,4096,4096,54071_x04096_y04096.png,54071_x04096_y04096.png,54071_x04096_y04096.tif,0.0,0
64723,0,0,64723_x00000_y00000.png,64723_x00000_y00000.png,64723_x00000_y00000.tif,0.0,0
64723,512,0,64723_x00512_y00000.png,64723_x00512_y00000.png,64723_x00512_y00000.tif,0.0,0
64723,1024,0,64723_x01024_y00000.png,64723_x01024_y00000.png,64723_x01024_y00000.tif,0.0,0
64723,1536,0,64723_x01536_y00000.png,64723_x01536_y00000.png,64723_x01536_y00000.tif,0.0,0
64723,2048,0,64723_x02048_y00000.png,64723_x02048_y00000.png,64723_x02048_y00000.tif,0.0,0
64723,2560,0,64723_x02560_y00000.png,64723_x02560_y00000.png,64723_x02560_y00000.tif,0.0,0
64723,3072,0,64723_x03072_y00000.png,64723_x03072_y00000.png,64723_x03072_y00000.tif,0.0,0
64723,3584,0,64723_x03584_y00000.png,64723_x03584_y00000.png,64723_x03584_y00000.tif,0.0,0
64723,4096,0,64723_x04096_y00000.png,64723_x04096_y00000.png,64723_x04096_y00000.tif,0.0,0
64723,0,512,64723_x00000_y00512.png,64723_x00000_y00512.png,64723_x00000_y00512.tif,0.0,0
64723,512,512,64723_x00512_y00512.png,64723_x00512_y00512.png,64723_x00512_y00512.tif,0.0,0
64723,1024,512,64723_x01024_y00512.png,64723_x01024_y00512.png,64723_x01024_y00512.tif,0.0,0
64723,1536,512,64723_x01536_y00512.png,64723_x01536_y00512.png,64723_x01536_y00512.tif,0.0,0
64723,2048,512,64723_x02048_y00512.png,64723_x02048_y00512.png,64723_x02048_y00512.tif,0.0,0
64723,2560,512,64723_x02560_y00512.png,64723_x02560_y00512.png,64723_x02560_y00512.tif,0.0,0
64723,3072,512,64723_x03072_y00512.png,64723_x03072_y00512.png,64723_x03072_y00512.tif,0.0,0
64723,3584,512,64723_x03584_y00512.png,64723_x03584_y00512.png,64723_x03584_y00512.tif,0.0,0
64723,4096,512,64723_x04096_y00512.png,64723_x04096_y00512.png,64723_x04096_y00512.tif,0.0,0
64723,0,1024,64723_x00000_y01024.png,64723_x00000_y01024.png,64723_x00000_y01024.tif,0.0,0
64723,512,1024,64723_x00512_y01024.png,64723_x00512_y01024.png,64723_x00512_y01024.tif,0.0,0
64723,1024,1024,64723_x01024_y01024.png,64723_x01024_y01024.png,64723_x01024_y01024.tif,0.0,0
64723,1536,1024,64723_x01536_y01024.png,64723_x01536_y01024.png,64723_x01536_y01024.tif,0.0,0
64723,2048,1024,64723_x02048_y01024.png,64723_x02048_y01024.png,64723_x02048_y01024.tif,0.0,0
64723,2560,1024,64723_x02560_y01024.png,64723_x02560_y01024.png,64723_x02560_y01024.tif,0.0,0
64723,3072,1024,64723_x03072_y01024.png,64723_x03072_y01024.png,64723_x03072_y01024.tif,0.0,0
64723,3584,1024,64723_x03584_y01024.png,64723_x03584_y01024.png,64723_x03584_y01024.tif,0.0,0
64723,4096,1024,64723_x04096_y01024.png,64723_x04096_y01024.png,64723_x04096_y01024.tif,0.0,0
64723,0,1536,64723_x00000_y01536.png,64723_x00000_y01536.png,64723_x00000_y01536.tif,0.0,0
64723,512,1536,64723_x00512_y01536.png,64723_x00512_y01536.png,64723_x00512_y01536.tif,0.0,0
64723,1024,1536,64723_x01024_y01536.png,64723_x01024_y01536.png,64723_x01024_y01536.tif,0.0,0
64723,1536,1536,64723_x01536_y01536.png,64723_x01536_y01536.png,64723_x01536_y01536.tif,0.0,0
64723,2048,1536,64723_x02048_y01536.png,64723_x02048_y01536.png,64723_x02048_y01536.tif,0.0,0
64723,2560,1536,64723_x02560_y01536.png,64723_x02560_y01536.png,64723_x02560_y01536.tif,0.0,0
64723,3072,1536,64723_x03072_y01536.png,64723_x03072_y01536.png,64723_x03072_y01536.tif,0.0,0
64723,3584,1536,64723_x03584_y01536.png,64723_x03584_y01536.png,64723_x03584_y01536.tif,0.0,0
64723,4096,1536,64723_x04096_y01536.png,64723_x04096_y01536.png,64723_x04096_y01536.tif,0.0,0
64723,0,2048,64723_x00000_y02048.png,64723_x00000_y02048.png,64723_x00000_y02048.tif,0.0,0
64723,512,2048,64723_x00512_y02048.png,64723_x00512_y02048.png,64723_x00512_y02048.tif,0.0,0
64723,1024,2048,64723_x01024_y02048.png,64723_x01024_y02048.png,64723_x01024_y02048.tif,0.0,0
64723,1536,2048,64723_x01536_y02048.png,64723_x01536_y02048.png,64723_x01536_y02048.tif,0.0,0
64723,2048,2048,64723_x02048_y02048.png,64723_x02048_y02048.png,64723_x02048_y02048.tif,0.0,0
64723,2560,2048,64723_x02560_y02048.png,64723_x02560_y02048.png,64723_x02560_y02048.tif,0.0,0
64723,3072,2048,64723_x03072_y02048.png,64723_x03072_y02048.png,64723_x03072_y02048.tif,0.0,0
64723,3584,2048,64723_x03584_y02048.png,64723_x03584_y02048.png,64723_x03584_y02048.tif,0.0,0
64723,4096,2048,64723_x04096_y02048.png,64723_x04096_y02048.png,64723_x04096_y02048.tif,0.0,0
64723,0,2560,64723_x00000_y02560.png,64723_x00000_y02560.png,64723_x00000_y02560.tif,0.0,0
64723,512,2560,64723_x00512_y02560.png,64723_x00512_y02560.png,64723_x00512_y02560.tif,0.0,0
64723,1024,2560,64723_x01024_y02560.png,64723_x01024_y02560.png,64723_x01024_y02560.tif,0.0,0
64723,1536,2560,64723_x01536_y02560.png,64723_x01536_y02560.png,64723_x01536_y02560.tif,0.0,0
64723,2048,2560,64723_x02048_y02560.png,64723_x02048_y02560.png,64723_x02048_y02560.tif,0.0,0
64723,2560,2560,64723_x02560_y02560.png,64723_x02560_y02560.png,64723_x02560_y02560.tif,0.0,0
64723,3072,2560,64723_x03072_y02560.png,64723_x03072_y02560.png,64723_x03072_y02560.tif,0.0,0
64723,3584,2560,64723_x03584_y02560.png,64723_x03584_y02560.png,64723_x03584_y02560.tif,0.0,0
64723,4096,2560,64723_x04096_y02560.png,64723_x04096_y02560.png,64723_x04096_y02560.tif,0.0,0
64723,0,3072,64723_x00000_y03072.png,64723_x00000_y03072.png,64723_x00000_y03072.tif,0.0,0
64723,512,3072,64723_x00512_y03072.png,64723_x00512_y03072.png,64723_x00512_y03072.tif,0.0,0
64723,1024,3072,64723_x01024_y03072.png,64723_x01024_y03072.png,64723_x01024_y03072.tif,0.0,0
64723,1536,3072,64723_x01536_y03072.png,64723_x01536_y03072.png,64723_x01536_y03072.tif,0.0,0
64723,2048,3072,64723_x02048_y03072.png,64723_x02048_y03072.png,64723_x02048_y03072.tif,0.0,0
64723,2560,3072,64723_x02560_y03072.png,64723_x02560_y03072.png,64723_x02560_y03072.tif,0.0,0
64723,3072,3072,64723_x03072_y03072.png,64723_x03072_y03072.png,64723_x03072_y03072.tif,0.0,0
64723,3584,3072,64723_x03584_y03072.png,64723_x03584_y03072.png,64723_x03584_y03072.tif,0.0,0
64723,4096,3072,64723_x04096_y03072.png,64723_x04096_y03072.png,64723_x04096_y03072.tif,0.0,0
64723,0,3584,64723_x00000_y03584.png,64723_x00000_y03584.png,64723_x00000_y03584.tif,0.0,0
64723,512,3584,64723_x00512_y03584.png,64723_x00512_y03584.png,64723_x00512_y03584.tif,0.045108795166015625,11825
64723,1024,3584,64723_x01024_y03584.png,64723_x01024_y03584.png,64723_x01024_y03584.tif,0.0,0
64723,1536,3584,64723_x01536_y03584.png,64723_x01536_y03584.png,64723_x01536_y03584.tif,0.0,0
64723,2048,3584,64723_x02048_y03584.png,64723_x02048_y03584.png,64723_x02048_y03584.tif,0.0,0
64723,2560,3584,64723_x02560_y03584.png,64723_x02560_y03584.png,64723_x02560_y03584.tif,0.0,0
64723,3072,3584,64723_x03072_y03584.png,64723_x03072_y03584.png,64723_x03072_y03584.tif,0.0,0
64723,3584,3584,64723_x03584_y03584.png,64723_x03584_y03584.png,64723_x03584_y03584.tif,0.0,0
64723,4096,3584,64723_x04096_y03584.png,64723_x04096_y03584.png,64723_x04096_y03584.tif,0.0,0
64723,0,4096,64723_x00000_y04096.png,64723_x00000_y04096.png,64723_x00000_y04096.tif,0.0,0
64723,512,4096,64723_x00512_y04096.png,64723_x00512_y04096.png,64723_x00512_y04096.tif,0.0,0
64723,1024,4096,64723_x01024_y04096.png,64723_x01024_y04096.png,64723_x01024_y04096.tif,0.0,0
64723,1536,4096,64723_x01536_y04096.png,64723_x01536_y04096.png,64723_x01536_y04096.tif,0.0,0
64723,2048,4096,64723_x02048_y04096.png,64723_x02048_y04096.png,64723_x02048_y04096.tif,0.0,0
64723,2560,4096,64723_x02560_y04096.png,64723_x02560_y04096.png,64723_x02560_y04096.tif,0.0,0
64723,3072,4096,64723_x03072_y04096.png,64723_x03072_y04096.png,64723_x03072_y04096.tif,0.0,0
64723,3584,4096,64723_x03584_y04096.png,64723_x03584_y04096.png,64723_x03584_y04096.tif,0.0,0
64723,4096,4096,64723_x04096_y04096.png,64723_x04096_y04096.png,64723_x04096_y04096.tif,0.0,0
64261,0,0,64261_x00000_y00000.png,64261_x00000_y00000.png,64261_x00000_y00000.tif,0.0,0
64261,512,0,64261_x00512_y00000.png,64261_x00512_y00000.png,64261_x00512_y00000.tif,0.0,0
64261,1024,0,64261_x01024_y00000.png,64261_x01024_y00000.png,64261_x01024_y00000.tif,0.0,0
64261,1536,0,64261_x01536_y00000.png,64261_x01536_y00000.png,64261_x01536_y00000.tif,0.0,0
64261,2048,0,64261_x02048_y00000.png,64261_x02048_y00000.png,64261_x02048_y00000.tif,0.0,0
64261,2560,0,64261_x02560_y00000.png,64261_x02560_y00000.png,64261_x02560_y00000.tif,0.0,0
64261,3072,0,64261_x03072_y00000.png,64261_x03072_y00000.png,64261_x03072_y00000.tif,0.0,0
64261,3584,0,64261_x03584_y00000.png,64261_x03584_y00000.png,64261_x03584_y00000.tif,0.0,0
64261,4096,0,64261_x04096_y00000.png,64261_x04096_y00000.png,64261_x04096_y00000.tif,0.0,0
64261,0,512,64261_x00000_y00512.png,64261_x00000_y00512.png,64261_x00000_y00512.tif,0.0,0
64261,512,512,64261_x00512_y00512.png,64261_x00512_y00512.png,64261_x00512_y00512.tif,0.0,0
64261,1024,512,64261_x01024_y00512.png,64261_x01024_y00512.png,64261_x01024_y00512.tif,0.0,0
64261,1536,512,64261_x01536_y00512.png,64261_x01536_y00512.png,64261_x01536_y00512.tif,0.0,0
64261,2048,512,64261_x02048_y00512.png,64261_x02048_y00512.png,64261_x02048_y00512.tif,0.0,0
64261,2560,512,64261_x02560_y00512.png,64261_x02560_y00512.png,64261_x02560_y00512.tif,0.0,0
64261,3072,512,64261_x03072_y00512.png,64261_x03072_y00512.png,64261_x03072_y00512.tif,0.0,0
64261,3584,512,64261_x03584_y00512.png,64261_x03584_y00512.png,64261_x03584_y00512.tif,0.0,0
64261,4096,512,64261_x04096_y00512.png,64261_x04096_y00512.png,64261_x04096_y00512.tif,0.0,0
64261,0,1024,64261_x00000_y01024.png,64261_x00000_y01024.png,64261_x00000_y01024.tif,0.0,0
64261,512,1024,64261_x00512_y01024.png,64261_x00512_y01024.png,64261_x00512_y01024.tif,0.0,0
64261,1024,1024,64261_x01024_y01024.png,64261_x01024_y01024.png,64261_x01024_y01024.tif,0.0,0
64261,1536,1024,64261_x01536_y01024.png,64261_x01536_y01024.png,64261_x01536_y01024.tif,0.0,0
64261,2048,1024,64261_x02048_y01024.png,64261_x02048_y01024.png,64261_x02048_y01024.tif,0.0,0
64261,2560,1024,64261_x02560_y01024.png,64261_x02560_y01024.png,64261_x02560_y01024.tif,0.0,0
64261,3072,1024,64261_x03072_y01024.png,64261_x03072_y01024.png,64261_x03072_y01024.tif,0.0,0
64261,3584,1024,64261_x03584_y01024.png,64261_x03584_y01024.png,64261_x03584_y01024.tif,0.0,0
64261,4096,1024,64261_x04096_y01024.png,64261_x04096_y01024.png,64261_x04096_y01024.tif,0.0,0
64261,0,1536,64261_x00000_y01536.png,64261_x00000_y01536.png,64261_x00000_y01536.tif,0.0,0
64261,512,1536,64261_x00512_y01536.png,64261_x00512_y01536.png,64261_x00512_y01536.tif,0.0,0
64261,1024,1536,64261_x01024_y01536.png,64261_x01024_y01536.png,64261_x01024_y01536.tif,0.0,0
64261,1536,1536,64261_x01536_y01536.png,64261_x01536_y01536.png,64261_x01536_y01536.tif,0.0,0
64261,2048,1536,64261_x02048_y01536.png,64261_x02048_y01536.png,64261_x02048_y01536.tif,0.0,0
64261,2560,1536,64261_x02560_y01536.png,64261_x02560_y01536.png,64261_x02560_y01536.tif,0.0,0
64261,3072,1536,64261_x03072_y01536.png,64261_x03072_y01536.png,64261_x03072_y01536.tif,0.0,0
64261,3584,1536,64261_x03584_y01536.png,64261_x03584_y01536.png,64261_x03584_y01536.tif,0.0,0
64261,4096,1536,64261_x04096_y01536.png,64261_x04096_y01536.png,64261_x04096_y01536.tif,0.0,0
64261,0,2048,64261_x00000_y02048.png,64261_x00000_y02048.png,64261_x00000_y02048.tif,0.0,0
64261,512,2048,64261_x00512_y02048.png,64261_x00512_y02048.png,64261_x00512_y02048.tif,0.0,0
64261,1024,2048,64261_x01024_y02048.png,64261_x01024_y02048.png,64261_x01024_y02048.tif,0.0,0
64261,1536,2048,64261_x01536_y02048.png,64261_x01536_y02048.png,64261_x01536_y02048.tif,0.0,0
64261,2048,2048,64261_x02048_y02048.png,64261_x02048_y02048.png,64261_x02048_y02048.tif,0.0,0
64261,2560,2048,64261_x02560_y02048.png,64261_x02560_y02048.png,64261_x02560_y02048.tif,0.0,0
64261,3072,2048,64261_x03072_y02048.png,64261_x03072_y02048.png,64261_x03072_y02048.tif,0.0,0
64261,3584,2048,64261_x03584_y02048.png,64261_x03584_y02048.png,64261_x03584_y02048.tif,0.0,0
64261,4096,2048,64261_x04096_y02048.png,64261_x04096_y02048.png,64261_x04096_y02048.tif,0.0,0
64261,0,2560,64261_x00000_y02560.png,64261_x00000_y02560.png,64261_x00000_y02560.tif,0.0,0
64261,512,2560,64261_x00512_y02560.png,64261_x00512_y02560.png,64261_x00512_y02560.tif,0.0,0
64261,1024,2560,64261_x01024_y02560.png,64261_x01024_y02560.png,64261_x01024_y02560.tif,0.0,0
64261,1536,2560,64261_x01536_y02560.png,64261_x01536_y02560.png,64261_x01536_y02560.tif,0.0,0
64261,2048,2560,64261_x02048_y02560.png,64261_x02048_y02560.png,64261_x02048_y02560.tif,0.0,0
64261,2560,2560,64261_x02560_y02560.png,64261_x02560_y02560.png,64261_x02560_y02560.tif,0.0,0
64261,3072,2560,64261_x03072_y02560.png,64261_x03072_y02560.png,64261_x03072_y02560.tif,0.0,0
64261,3584,2560,64261_x03584_y02560.png,64261_x03584_y02560.png,64261_x03584_y02560.tif,0.0,0
64261,4096,2560,64261_x04096_y02560.png,64261_x04096_y02560.png,64261_x04096_y02560.tif,0.0,0
64261,0,3072,64261_x00000_y03072.png,64261_x00000_y03072.png,64261_x00000_y03072.tif,0.0,0
64261,512,3072,64261_x00512_y03072.png,64261_x00512_y03072.png,64261_x00512_y03072.tif,0.0,0
64261,1024,3072,64261_x01024_y03072.png,64261_x01024_y03072.png,64261_x01024_y03072.tif,0.0,0
64261,1536,3072,64261_x01536_y03072.png,64261_x01536_y03072.png,64261_x01536_y03072.tif,0.0,0
64261,2048,3072,64261_x02048_y03072.png,64261_x02048_y03072.png,64261_x02048_y03072.tif,0.0,0
64261,2560,3072,64261_x02560_y03072.png,64261_x02560_y03072.png,64261_x02560_y03072.tif,0.0,0
64261,3072,3072,64261_x03072_y03072.png,64261_x03072_y03072.png,64261_x03072_y03072.tif,0.0,0
64261,3584,3072,64261_x03584_y03072.png,64261_x03584_y03072.png,64261_x03584_y03072.tif,0.0,0
64261,4096,3072,64261_x04096_y03072.png,64261_x04096_y03072.png,64261_x04096_y03072.tif,0.0,0
64261,0,3584,64261_x00000_y03584.png,64261_x00000_y03584.png,64261_x00000_y03584.tif,0.0,0
64261,512,3584,64261_x00512_y03584.png,64261_x00512_y03584.png,64261_x00512_y03584.tif,0.0,0
64261,1024,3584,64261_x01024_y03584.png,64261_x01024_y03584.png,64261_x01024_y03584.tif,0.0,0
64261,1536,3584,64261_x01536_y03584.png,64261_x01536_y03584.png,64261_x01536_y03584.tif,0.0,0
64261,2048,3584,64261_x02048_y03584.png,64261_x02048_y03584.png,64261_x02048_y03584.tif,0.0,0
64261,2560,3584,64261_x02560_y03584.png,64261_x02560_y03584.png,64261_x02560_y03584.tif,0.0,0
64261,3072,3584,64261_x03072_y03584.png,64261_x03072_y03584.png,64261_x03072_y03584.tif,0.0,0
64261,3584,3584,64261_x03584_y03584.png,64261_x03584_y03584.png,64261_x03584_y03584.tif,0.0,0
64261,4096,3584,64261_x04096_y03584.png,64261_x04096_y03584.png,64261_x04096_y03584.tif,0.0,0
64261,0,4096,64261_x00000_y04096.png,64261_x00000_y04096.png,64261_x00000_y04096.tif,0.0,0
64261,512,4096,64261_x00512_y04096.png,64261_x00512_y04096.png,64261_x00512_y04096.tif,0.0,0
64261,1024,4096,64261_x01024_y04096.png,64261_x01024_y04096.png,64261_x01024_y04096.tif,0.025043487548828125,6565
64261,1536,4096,64261_x01536_y04096.png,64261_x01536_y04096.png,64261_x01536_y04096.tif,0.0,0
64261,2048,4096,64261_x02048_y04096.png,64261_x02048_y04096.png,64261_x02048_y04096.tif,0.0,0
64261,2560,4096,64261_x02560_y04096.png,64261_x02560_y04096.png,64261_x02560_y04096.tif,0.0,0
64261,3072,4096,64261_x03072_y04096.png,64261_x03072_y04096.png,64261_x03072_y04096.tif,0.0,0
64261,3584,4096,64261_x03584_y04096.png,64261_x03584_y04096.png,64261_x03584_y04096.tif,0.0,0
64261,4096,4096,64261_x04096_y04096.png,64261_x04096_y04096.png,64261_x04096_y04096.tif,0.0,0
64131,0,0,64131_x00000_y00000.png,64131_x00000_y00000.png,64131_x00000_y00000.tif,0.0,0
64131,512,0,64131_x00512_y00000.png,64131_x00512_y00000.png,64131_x00512_y00000.tif,0.0,0
64131,1024,0,64131_x01024_y00000.png,64131_x01024_y00000.png,64131_x01024_y00000.tif,0.0,0
64131,1536,0,64131_x01536_y00000.png,64131_x01536_y00000.png,64131_x01536_y00000.tif,0.0,0
64131,2048,0,64131_x02048_y00000.png,64131_x02048_y00000.png,64131_x02048_y00000.tif,0.0,0
64131,2560,0,64131_x02560_y00000.png,64131_x02560_y00000.png,64131_x02560_y00000.tif,0.0,0
64131,3072,0,64131_x03072_y00000.png,64131_x03072_y00000.png,64131_x03072_y00000.tif,0.0,0
64131,3584,0,64131_x03584_y00000.png,64131_x03584_y00000.png,64131_x03584_y00000.tif,0.0,0
64131,4096,0,64131_x04096_y00000.png,64131_x04096_y00000.png,64131_x04096_y00000.tif,0.0,0
64131,0,512,64131_x00000_y00512.png,64131_x00000_y00512.png,64131_x00000_y00512.tif,0.0,0
64131,512,512,64131_x00512_y00512.png,64131_x00512_y00512.png,64131_x00512_y00512.tif,0.0,0
64131,1024,512,64131_x01024_y00512.png,64131_x01024_y00512.png,64131_x01024_y00512.tif,0.0,0
64131,1536,512,64131_x01536_y00512.png,64131_x01536_y00512.png,64131_x01536_y00512.tif,0.0,0
64131,2048,512,64131_x02048_y00512.png,64131_x02048_y00512.png,64131_x02048_y00512.tif,0.0,0
64131,2560,512,64131_x02560_y00512.png,64131_x02560_y00512.png,64131_x02560_y00512.tif,0.0,0
64131,3072,512,64131_x03072_y00512.png,64131_x03072_y00512.png,64131_x03072_y00512.tif,0.0,0
64131,3584,512,64131_x03584_y00512.png,64131_x03584_y00512.png,64131_x03584_y00512.tif,0.0,0
64131,4096,512,64131_x04096_y00512.png,64131_x04096_y00512.png,64131_x04096_y00512.tif,0.0,0
64131,0,1024,64131_x00000_y01024.png,64131_x00000_y01024.png,64131_x00000_y01024.tif,0.0,0
64131,512,1024,64131_x00512_y01024.png,64131_x00512_y01024.png,64131_x00512_y01024.tif,0.0,0
64131,1024,1024,64131_x01024_y01024.png,64131_x01024_y01024.png,64131_x01024_y01024.tif,0.0,0
64131,1536,1024,64131_x01536_y01024.png,64131_x01536_y01024.png,64131_x01536_y01024.tif,0.0,0
64131,2048,1024,64131_x02048_y01024.png,64131_x02048_y01024.png,64131_x02048_y01024.tif,0.0,0
64131,2560,1024,64131_x02560_y01024.png,64131_x02560_y01024.png,64131_x02560_y01024.tif,0.0,0
64131,3072,1024,64131_x03072_y01024.png,64131_x03072_y01024.png,64131_x03072_y01024.tif,0.0,0
64131,3584,1024,64131_x03584_y01024.png,64131_x03584_y01024.png,64131_x03584_y01024.tif,0.0,0
64131,4096,1024,64131_x04096_y01024.png,64131_x04096_y01024.png,64131_x04096_y01024.tif,0.0803070068359375,21052
64131,0,1536,64131_x00000_y01536.png,64131_x00000_y01536.png,64131_x00000_y01536.tif,0.0,0
64131,512,1536,64131_x00512_y01536.png,64131_x00512_y01536.png,64131_x00512_y01536.tif,0.0,0
64131,1024,1536,64131_x01024_y01536.png,64131_x01024_y01536.png,64131_x01024_y01536.tif,0.0,0
64131,1536,1536,64131_x01536_y01536.png,64131_x01536_y01536.png,64131_x01536_y01536.tif,0.0,0
64131,2048,1536,64131_x02048_y01536.png,64131_x02048_y01536.png,64131_x02048_y01536.tif,0.0,0
64131,2560,1536,64131_x02560_y01536.png,64131_x02560_y01536.png,64131_x02560_y01536.tif,0.0,0
64131,3072,1536,64131_x03072_y01536.png,64131_x03072_y01536.png,64131_x03072_y01536.tif,0.0,0
64131,3584,1536,64131_x03584_y01536.png,64131_x03584_y01536.png,64131_x03584_y01536.tif,0.0,0
64131,4096,1536,64131_x04096_y01536.png,64131_x04096_y01536.png,64131_x04096_y01536.tif,0.0,0
64131,0,2048,64131_x00000_y02048.png,64131_x00000_y02048.png,64131_x00000_y02048.tif,0.0,0
64131,512,2048,64131_x00512_y02048.png,64131_x00512_y02048.png,64131_x00512_y02048.tif,0.0,0
64131,1024,2048,64131_x01024_y02048.png,64131_x01024_y02048.png,64131_x01024_y02048.tif,0.0,0
64131,1536,2048,64131_x01536_y02048.png,64131_x01536_y02048.png,64131_x01536_y02048.tif,0.0,0
64131,2048,2048,64131_x02048_y02048.png,64131_x02048_y02048.png,64131_x02048_y02048.tif,0.0,0
64131,2560,2048,64131_x02560_y02048.png,64131_x02560_y02048.png,64131_x02560_y02048.tif,0.0,0
64131,3072,2048,64131_x03072_y02048.png,64131_x03072_y02048.png,64131_x03072_y02048.tif,0.0,0
64131,3584,2048,64131_x03584_y02048.png,64131_x03584_y02048.png,64131_x03584_y02048.tif,0.0,0
64131,4096,2048,64131_x04096_y02048.png,64131_x04096_y02048.png,64131_x04096_y02048.tif,0.0,0
64131,0,2560,64131_x00000_y02560.png,64131_x00000_y02560.png,64131_x00000_y02560.tif,0.0,0
64131,512,2560,64131_x00512_y02560.png,64131_x00512_y02560.png,64131_x00512_y02560.tif,0.0,0
64131,1024,2560,64131_x01024_y02560.png,64131_x01024_y02560.png,64131_x01024_y02560.tif,0.0,0
64131,1536,2560,64131_x01536_y02560.png,64131_x01536_y02560.png,64131_x01536_y02560.tif,0.0,0
64131,2048,2560,64131_x02048_y02560.png,64131_x02048_y02560.png,64131_x02048_y02560.tif,0.0,0
64131,2560,2560,64131_x02560_y02560.png,64131_x02560_y02560.png,64131_x02560_y02560.tif,0.0,0
64131,3072,2560,64131_x03072_y02560.png,64131_x03072_y02560.png,64131_x03072_y02560.tif,0.0,0
64131,3584,2560,64131_x03584_y02560.png,64131_x03584_y02560.png,64131_x03584_y02560.tif,0.0,0
64131,4096,2560,64131_x04096_y02560.png,64131_x04096_y02560.png,64131_x04096_y02560.tif,0.0,0
64131,0,3072,64131_x00000_y03072.png,64131_x00000_y03072.png,64131_x00000_y03072.tif,0.0,0
64131,512,3072,64131_x00512_y03072.png,64131_x00512_y03072.png,64131_x00512_y03072.tif,0.0,0
64131,1024,3072,64131_x01024_y03072.png,64131_x01024_y03072.png,64131_x01024_y03072.tif,0.0,0
64131,1536,3072,64131_x01536_y03072.png,64131_x01536_y03072.png,64131_x01536_y03072.tif,0.0,0
64131,2048,3072,64131_x02048_y03072.png,64131_x02048_y03072.png,64131_x02048_y03072.tif,0.0,0
64131,2560,3072,64131_x02560_y03072.png,64131_x02560_y03072.png,64131_x02560_y03072.tif,0.0,0
64131,3072,3072,64131_x03072_y03072.png,64131_x03072_y03072.png,64131_x03072_y03072.tif,0.0,0
64131,3584,3072,64131_x03584_y03072.png,64131_x03584_y03072.png,64131_x03584_y03072.tif,0.0,0
64131,4096,3072,64131_x04096_y03072.png,64131_x04096_y03072.png,64131_x04096_y03072.tif,0.0,0
64131,0,3584,64131_x00000_y03584.png,64131_x00000_y03584.png,64131_x00000_y03584.tif,0.0,0
64131,512,3584,64131_x00512_y03584.png,64131_x00512_y03584.png,64131_x00512_y03584.tif,0.0,0
64131,1024,3584,64131_x01024_y03584.png,64131_x01024_y03584.png,64131_x01024_y03584.tif,0.0,0
64131,1536,3584,64131_x01536_y03584.png,64131_x01536_y03584.png,64131_x01536_y03584.tif,0.0,0
64131,2048,3584,64131_x02048_y03584.png,64131_x02048_y03584.png,64131_x02048_y03584.tif,0.0,0
64131,2560,3584,64131_x02560_y03584.png,64131_x02560_y03584.png,64131_x02560_y03584.tif,0.0,0
64131,3072,3584,64131_x03072_y03584.png,64131_x03072_y03584.png,64131_x03072_y03584.tif,0.0,0
64131,3584,3584,64131_x03584_y03584.png,64131_x03584_y03584.png,64131_x03584_y03584.tif,0.0,0
64131,4096,3584,64131_x04096_y03584.png,64131_x04096_y03584.png,64131_x04096_y03584.tif,0.0,0
64131,0,4096,64131_x00000_y04096.png,64131_x00000_y04096.png,64131_x00000_y04096.tif,0.0,0
64131,512,4096,64131_x00512_y04096.png,64131_x00512_y04096.png,64131_x00512_y04096.tif,0.0,0
64131,1024,4096,64131_x01024_y04096.png,64131_x01024_y04096.png,64131_x01024_y04096.tif,0.0,0
64131,1536,4096,64131_x01536_y04096.png,64131_x01536_y04096.png,64131_x01536_y04096.tif,0.0,0
64131,2048,4096,64131_x02048_y04096.png,64131_x02048_y04096.png,64131_x02048_y04096.tif,0.0,0
64131,2560,4096,64131_x02560_y04096.png,64131_x02560_y04096.png,64131_x02560_y04096.tif,0.0,0
64131,3072,4096,64131_x03072_y04096.png,64131_x03072_y04096.png,64131_x03072_y04096.tif,0.0,0
64131,3584,4096,64131_x03584_y04096.png,64131_x03584_y04096.png,64131_x03584_y04096.tif,0.0,0
64131,4096,4096,64131_x04096_y04096.png,64131_x04096_y04096.png,64131_x04096_y04096.tif,0.0,0
63543,0,0,63543_x00000_y00000.png,63543_x00000_y00000.png,63543_x00000_y00000.tif,0.0,0
63543,512,0,63543_x00512_y00000.png,63543_x00512_y00000.png,63543_x00512_y00000.tif,0.0,0
63543,1024,0,63543_x01024_y00000.png,63543_x01024_y00000.png,63543_x01024_y00000.tif,0.0,0
63543,1536,0,63543_x01536_y00000.png,63543_x01536_y00000.png,63543_x01536_y00000.tif,0.0,0
63543,2048,0,63543_x02048_y00000.png,63543_x02048_y00000.png,63543_x02048_y00000.tif,0.0,0
63543,2560,0,63543_x02560_y00000.png,63543_x02560_y00000.png,63543_x02560_y00000.tif,0.0,0
63543,3072,0,63543_x03072_y00000.png,63543_x03072_y00000.png,63543_x03072_y00000.tif,0.0,0
63543,3584,0,63543_x03584_y00000.png,63543_x03584_y00000.png,63543_x03584_y00000.tif,0.0,0
63543,4096,0,63543_x04096_y00000.png,63543_x04096_y00000.png,63543_x04096_y00000.tif,0.0,0
63543,0,512,63543_x00000_y00512.png,63543_x00000_y00512.png,63543_x00000_y00512.tif,0.0,0
63543,512,512,63543_x00512_y00512.png,63543_x00512_y00512.png,63543_x00512_y00512.tif,0.0,0
63543,1024,512,63543_x01024_y00512.png,63543_x01024_y00512.png,63543_x01024_y00512.tif,0.0,0
63543,1536,512,63543_x01536_y00512.png,63543_x01536_y00512.png,63543_x01536_y00512.tif,0.0,0
63543,2048,512,63543_x02048_y00512.png,63543_x02048_y00512.png,63543_x02048_y00512.tif,0.0,0
63543,2560,512,63543_x02560_y00512.png,63543_x02560_y00512.png,63543_x02560_y00512.tif,0.0,0
63543,3072,512,63543_x03072_y00512.png,63543_x03072_y00512.png,63543_x03072_y00512.tif,0.0,0
63543,3584,512,63543_x03584_y00512.png,63543_x03584_y00512.png,63543_x03584_y00512.tif,0.0,0
63543,4096,512,63543_x04096_y00512.png,63543_x04096_y00512.png,63543_x04096_y00512.tif,0.0,0
63543,0,1024,63543_x00000_y01024.png,63543_x00000_y01024.png,63543_x00000_y01024.tif,0.0,0
63543,512,1024,63543_x00512_y01024.png,63543_x00512_y01024.png,63543_x00512_y01024.tif,0.0,0
63543,1024,1024,63543_x01024_y01024.png,63543_x01024_y01024.png,63543_x01024_y01024.tif,0.0,0
63543,1536,1024,63543_x01536_y01024.png,63543_x01536_y01024.png,63543_x01536_y01024.tif,0.0,0
63543,2048,1024,63543_x02048_y01024.png,63543_x02048_y01024.png,63543_x02048_y01024.tif,0.0,0
63543,2560,1024,63543_x02560_y01024.png,63543_x02560_y01024.png,63543_x02560_y01024.tif,0.0,0
63543,3072,1024,63543_x03072_y01024.png,63543_x03072_y01024.png,63543_x03072_y01024.tif,0.0,0
63543,3584,1024,63543_x03584_y01024.png,63543_x03584_y01024.png,63543_x03584_y01024.tif,0.0,0
63543,4096,1024,63543_x04096_y01024.png,63543_x04096_y01024.png,63543_x04096_y01024.tif,0.0,0
63543,0,1536,63543_x00000_y01536.png,63543_x00000_y01536.png,63543_x00000_y01536.tif,0.0,0
63543,512,1536,63543_x00512_y01536.png,63543_x00512_y01536.png,63543_x00512_y01536.tif,0.0,0
63543,1024,1536,63543_x01024_y01536.png,63543_x01024_y01536.png,63543_x01024_y01536.tif,0.0,0
63543,1536,1536,63543_x01536_y01536.png,63543_x01536_y01536.png,63543_x01536_y01536.tif,0.0,0
63543,2048,1536,63543_x02048_y01536.png,63543_x02048_y01536.png,63543_x02048_y01536.tif,0.0,0
63543,2560,1536,63543_x02560_y01536.png,63543_x02560_y01536.png,63543_x02560_y01536.tif,0.0,0
63543,3072,1536,63543_x03072_y01536.png,63543_x03072_y01536.png,63543_x03072_y01536.tif,0.0,0
63543,3584,1536,63543_x03584_y01536.png,63543_x03584_y01536.png,63543_x03584_y01536.tif,0.0,0
63543,4096,1536,63543_x04096_y01536.png,63543_x04096_y01536.png,63543_x04096_y01536.tif,0.0,0
63543,0,2048,63543_x00000_y02048.png,63543_x00000_y02048.png,63543_x00000_y02048.tif,0.0,0
63543,512,2048,63543_x00512_y02048.png,63543_x00512_y02048.png,63543_x00512_y02048.tif,0.0,0
63543,1024,2048,63543_x01024_y02048.png,63543_x01024_y02048.png,63543_x01024_y02048.tif,0.0,0
63543,1536,2048,63543_x01536_y02048.png,63543_x01536_y02048.png,63543_x01536_y02048.tif,0.0,0
63543,2048,2048,63543_x02048_y02048.png,63543_x02048_y02048.png,63543_x02048_y02048.tif,0.0,0
63543,2560,2048,63543_x02560_y02048.png,63543_x02560_y02048.png,63543_x02560_y02048.tif,0.0,0
63543,3072,2048,63543_x03072_y02048.png,63543_x03072_y02048.png,63543_x03072_y02048.tif,0.0,0
63543,3584,2048,63543_x03584_y02048.png,63543_x03584_y02048.png,63543_x03584_y02048.tif,0.0,0
63543,4096,2048,63543_x04096_y02048.png,63543_x04096_y02048.png,63543_x04096_y02048.tif,0.0,0
63543,0,2560,63543_x00000_y02560.png,63543_x00000_y02560.png,63543_x00000_y02560.tif,0.0,0
63543,512,2560,63543_x00512_y02560.png,63543_x00512_y02560.png,63543_x00512_y02560.tif,0.0,0
63543,1024,2560,63543_x01024_y02560.png,63543_x01024_y02560.png,63543_x01024_y02560.tif,0.0,0
63543,1536,2560,63543_x01536_y02560.png,63543_x01536_y02560.png,63543_x01536_y02560.tif,0.0,0
63543,2048,2560,63543_x02048_y02560.png,63543_x02048_y02560.png,63543_x02048_y02560.tif,0.0,0
63543,2560,2560,63543_x02560_y02560.png,63543_x02560_y02560.png,63543_x02560_y02560.tif,0.0,0
63543,3072,2560,63543_x03072_y02560.png,63543_x03072_y02560.png,63543_x03072_y02560.tif,0.0,0
63543,3584,2560,63543_x03584_y02560.png,63543_x03584_y02560.png,63543_x03584_y02560.tif,0.0,0
63543,4096,2560,63543_x04096_y02560.png,63543_x04096_y02560.png,63543_x04096_y02560.tif,0.0,0
63543,0,3072,63543_x00000_y03072.png,63543_x00000_y03072.png,63543_x00000_y03072.tif,0.0,0
63543,512,3072,63543_x00512_y03072.png,63543_x00512_y03072.png,63543_x00512_y03072.tif,0.0,0
63543,1024,3072,63543_x01024_y03072.png,63543_x01024_y03072.png,63543_x01024_y03072.tif,0.0,0
63543,1536,3072,63543_x01536_y03072.png,63543_x01536_y03072.png,63543_x01536_y03072.tif,0.0,0
63543,2048,3072,63543_x02048_y03072.png,63543_x02048_y03072.png,63543_x02048_y03072.tif,0.0,0
63543,2560,3072,63543_x02560_y03072.png,63543_x02560_y03072.png,63543_x02560_y03072.tif,0.0,0
63543,3072,3072,63543_x03072_y03072.png,63543_x03072_y03072.png,63543_x03072_y03072.tif,0.0,0
63543,3584,3072,63543_x03584_y03072.png,63543_x03584_y03072.png,63543_x03584_y03072.tif,0.0,0
63543,4096,3072,63543_x04096_y03072.png,63543_x04096_y03072.png,63543_x04096_y03072.tif,0.0,0
63543,0,3584,63543_x00000_y03584.png,63543_x00000_y03584.png,63543_x00000_y03584.tif,0.0,0
63543,512,3584,63543_x00512_y03584.png,63543_x00512_y03584.png,63543_x00512_y03584.tif,0.0,0
63543,1024,3584,63543_x01024_y03584.png,63543_x01024_y03584.png,63543_x01024_y03584.tif,0.0,0
63543,1536,3584,63543_x01536_y03584.png,63543_x01536_y03584.png,63543_x01536_y03584.tif,0.0,0
63543,2048,3584,63543_x02048_y03584.png,63543_x02048_y03584.png,63543_x02048_y03584.tif,0.0,0
63543,2560,3584,63543_x02560_y03584.png,63543_x02560_y03584.png,63543_x02560_y03584.tif,0.0,0
63543,3072,3584,63543_x03072_y03584.png,63543_x03072_y03584.png,63543_x03072_y03584.tif,0.0,0
63543,3584,3584,63543_x03584_y03584.png,63543_x03584_y03584.png,63543_x03584_y03584.tif,0.0,0
63543,4096,3584,63543_x04096_y03584.png,63543_x04096_y03584.png,63543_x04096_y03584.tif,0.0,0
63543,0,4096,63543_x00000_y04096.png,63543_x00000_y04096.png,63543_x00000_y04096.tif,0.0,0
63543,512,4096,63543_x00512_y04096.png,63543_x00512_y04096.png,63543_x00512_y04096.tif,0.0,0
63543,1024,4096,63543_x01024_y04096.png,63543_x01024_y04096.png,63543_x01024_y04096.tif,0.0,0
63543,1536,4096,63543_x01536_y04096.png,63543_x01536_y04096.png,63543_x01536_y04096.tif,0.0,0
63543,2048,4096,63543_x02048_y04096.png,63543_x02048_y04096.png,63543_x02048_y04096.tif,0.0,0
63543,2560,4096,63543_x02560_y04096.png,63543_x02560_y04096.png,63543_x02560_y04096.tif,0.0,0
63543,3072,4096,63543_x03072_y04096.png,63543_x03072_y04096.png,63543_x03072_y04096.tif,0.0,0
63543,3584,4096,63543_x03584_y04096.png,63543_x03584_y04096.png,63543_x03584_y04096.tif,0.0,0
63543,4096,4096,63543_x04096_y04096.png,63543_x04096_y04096.png,63543_x04096_y04096.tif,0.0,0
54681,0,0,54681_x00000_y00000.png,54681_x00000_y00000.png,54681_x00000_y00000.tif,0.0,0
54681,512,0,54681_x00512_y00000.png,54681_x00512_y00000.png,54681_x00512_y00000.tif,0.0,0
54681,1024,0,54681_x01024_y00000.png,54681_x01024_y00000.png,54681_x01024_y00000.tif,0.0,0
54681,1536,0,54681_x01536_y00000.png,54681_x01536_y00000.png,54681_x01536_y00000.tif,0.0,0
54681,2048,0,54681_x02048_y00000.png,54681_x02048_y00000.png,54681_x02048_y00000.tif,0.0,0
54681,2560,0,54681_x02560_y00000.png,54681_x02560_y00000.png,54681_x02560_y00000.tif,0.0,0
54681,3072,0,54681_x03072_y00000.png,54681_x03072_y00000.png,54681_x03072_y00000.tif,0.0,0
54681,3584,0,54681_x03584_y00000.png,54681_x03584_y00000.png,54681_x03584_y00000.tif,0.0,0
54681,4096,0,54681_x04096_y00000.png,54681_x04096_y00000.png,54681_x04096_y00000.tif,0.0,0
54681,0,512,54681_x00000_y00512.png,54681_x00000_y00512.png,54681_x00000_y00512.tif,0.0,0
54681,512,512,54681_x00512_y00512.png,54681_x00512_y00512.png,54681_x00512_y00512.tif,0.0,0
54681,1024,512,54681_x01024_y00512.png,54681_x01024_y00512.png,54681_x01024_y00512.tif,0.0,0
54681,1536,512,54681_x01536_y00512.png,54681_x01536_y00512.png,54681_x01536_y00512.tif,0.0,0
54681,2048,512,54681_x02048_y00512.png,54681_x02048_y00512.png,54681_x02048_y00512.tif,0.0,0
54681,2560,512,54681_x02560_y00512.png,54681_x02560_y00512.png,54681_x02560_y00512.tif,0.0,0
54681,3072,512,54681_x03072_y00512.png,54681_x03072_y00512.png,54681_x03072_y00512.tif,0.0,0
54681,3584,512,54681_x03584_y00512.png,54681_x03584_y00512.png,54681_x03584_y00512.tif,0.0,0
54681,4096,512,54681_x04096_y00512.png,54681_x04096_y00512.png,54681_x04096_y00512.tif,0.0,0
54681,0,1024,54681_x00000_y01024.png,54681_x00000_y01024.png,54681_x00000_y01024.tif,0.0,0
54681,512,1024,54681_x00512_y01024.png,54681_x00512_y01024.png,54681_x00512_y01024.tif,0.0,0
54681,1024,1024,54681_x01024_y01024.png,54681_x01024_y01024.png,54681_x01024_y01024.tif,0.0,0
54681,1536,1024,54681_x01536_y01024.png,54681_x01536_y01024.png,54681_x01536_y01024.tif,0.0,0
54681,2048,1024,54681_x02048_y01024.png,54681_x02048_y01024.png,54681_x02048_y01024.tif,0.0,0
54681,2560,1024,54681_x02560_y01024.png,54681_x02560_y01024.png,54681_x02560_y01024.tif,0.0,0
54681,3072,1024,54681_x03072_y01024.png,54681_x03072_y01024.png,54681_x03072_y01024.tif,0.0,0
54681,3584,1024,54681_x03584_y01024.png,54681_x03584_y01024.png,54681_x03584_y01024.tif,0.0,0
54681,4096,1024,54681_x04096_y01024.png,54681_x04096_y01024.png,54681_x04096_y01024.tif,0.0,0
54681,0,1536,54681_x00000_y01536.png,54681_x00000_y01536.png,54681_x00000_y01536.tif,0.0,0
54681,512,1536,54681_x00512_y01536.png,54681_x00512_y01536.png,54681_x00512_y01536.tif,0.0,0
54681,1024,1536,54681_x01024_y01536.png,54681_x01024_y01536.png,54681_x01024_y01536.tif,0.0,0
54681,1536,1536,54681_x01536_y01536.png,54681_x01536_y01536.png,54681_x01536_y01536.tif,0.0,0
54681,2048,1536,54681_x02048_y01536.png,54681_x02048_y01536.png,54681_x02048_y01536.tif,0.0,0
54681,2560,1536,54681_x02560_y01536.png,54681_x02560_y01536.png,54681_x02560_y01536.tif,0.0,0
54681,3072,1536,54681_x03072_y01536.png,54681_x03072_y01536.png,54681_x03072_y01536.tif,0.0,0
54681,3584,1536,54681_x03584_y01536.png,54681_x03584_y01536.png,54681_x03584_y01536.tif,0.0,0
54681,4096,1536,54681_x04096_y01536.png,54681_x04096_y01536.png,54681_x04096_y01536.tif,0.0,0
54681,0,2048,54681_x00000_y02048.png,54681_x00000_y02048.png,54681_x00000_y02048.tif,0.0,0
54681,512,2048,54681_x00512_y02048.png,54681_x00512_y02048.png,54681_x00512_y02048.tif,0.0,0
54681,1024,2048,54681_x01024_y02048.png,54681_x01024_y02048.png,54681_x01024_y02048.tif,0.0,0
54681,1536,2048,54681_x01536_y02048.png,54681_x01536_y02048.png,54681_x01536_y02048.tif,0.0,0
54681,2048,2048,54681_x02048_y02048.png,54681_x02048_y02048.png,54681_x02048_y02048.tif,0.0,0
54681,2560,2048,54681_x02560_y02048.png,54681_x02560_y02048.png,54681_x02560_y02048.tif,0.0,0
54681,3072,2048,54681_x03072_y02048.png,54681_x03072_y02048.png,54681_x03072_y02048.tif,0.024425506591796875,6403
54681,3584,2048,54681_x03584_y02048.png,54681_x03584_y02048.png,54681_x03584_y02048.tif,0.0,0
54681,4096,2048,54681_x04096_y02048.png,54681_x04096_y02048.png,54681_x04096_y02048.tif,0.0,0
54681,0,2560,54681_x00000_y02560.png,54681_x00000_y02560.png,54681_x00000_y02560.tif,0.0,0
54681,512,2560,54681_x00512_y02560.png,54681_x00512_y02560.png,54681_x00512_y02560.tif,0.0,0
54681,1024,2560,54681_x01024_y02560.png,54681_x01024_y02560.png,54681_x01024_y02560.tif,0.0,0
54681,1536,2560,54681_x01536_y02560.png,54681_x01536_y02560.png,54681_x01536_y02560.tif,0.0,0
54681,2048,2560,54681_x02048_y02560.png,54681_x02048_y02560.png,54681_x02048_y02560.tif,0.0,0
54681,2560,2560,54681_x02560_y02560.png,54681_x02560_y02560.png,54681_x02560_y02560.tif,0.0,0
54681,3072,2560,54681_x03072_y02560.png,54681_x03072_y02560.png,54681_x03072_y02560.tif,0.0,0
54681,3584,2560,54681_x03584_y02560.png,54681_x03584_y02560.png,54681_x03584_y02560.tif,0.0,0
54681,4096,2560,54681_x04096_y02560.png,54681_x04096_y02560.png,54681_x04096_y02560.tif,0.0,0
54681,0,3072,54681_x00000_y03072.png,54681_x00000_y03072.png,54681_x00000_y03072.tif,0.0,0
54681,512,3072,54681_x00512_y03072.png,54681_x00512_y03072.png,54681_x00512_y03072.tif,0.0,0
54681,1024,3072,54681_x01024_y03072.png,54681_x01024_y03072.png,54681_x01024_y03072.tif,0.0,0
54681,1536,3072,54681_x01536_y03072.png,54681_x01536_y03072.png,54681_x01536_y03072.tif,0.0,0
54681,2048,3072,54681_x02048_y03072.png,54681_x02048_y03072.png,54681_x02048_y03072.tif,0.0,0
54681,2560,3072,54681_x02560_y03072.png,54681_x02560_y03072.png,54681_x02560_y03072.tif,0.0,0
54681,3072,3072,54681_x03072_y03072.png,54681_x03072_y03072.png,54681_x03072_y03072.tif,0.0,0
54681,3584,3072,54681_x03584_y03072.png,54681_x03584_y03072.png,54681_x03584_y03072.tif,0.0,0
54681,4096,3072,54681_x04096_y03072.png,54681_x04096_y03072.png,54681_x04096_y03072.tif,0.0,0
54681,0,3584,54681_x00000_y03584.png,54681_x00000_y03584.png,54681_x00000_y03584.tif,0.0,0
54681,512,3584,54681_x00512_y03584.png,54681_x00512_y03584.png,54681_x00512_y03584.tif,0.0,0
54681,1024,3584,54681_x01024_y03584.png,54681_x01024_y03584.png,54681_x01024_y03584.tif,0.0,0
54681,1536,3584,54681_x01536_y03584.png,54681_x01536_y03584.png,54681_x01536_y03584.tif,0.0,0
54681,2048,3584,54681_x02048_y03584.png,54681_x02048_y03584.png,54681_x02048_y03584.tif,0.0,0
54681,2560,3584,54681_x02560_y03584.png,54681_x02560_y03584.png,54681_x02560_y03584.tif,0.0,0
54681,3072,3584,54681_x03072_y03584.png,54681_x03072_y03584.png,54681_x03072_y03584.tif,0.0,0
54681,3584,3584,54681_x03584_y03584.png,54681_x03584_y03584.png,54681_x03584_y03584.tif,0.0,0
54681,4096,3584,54681_x04096_y03584.png,54681_x04096_y03584.png,54681_x04096_y03584.tif,0.0,0
54681,0,4096,54681_x00000_y04096.png,54681_x00000_y04096.png,54681_x00000_y04096.tif,0.0,0
54681,512,4096,54681_x00512_y04096.png,54681_x00512_y04096.png,54681_x00512_y04096.tif,0.0,0
54681,1024,4096,54681_x01024_y04096.png,54681_x01024_y04096.png,54681_x01024_y04096.tif,0.0,0
54681,1536,4096,54681_x01536_y04096.png,54681_x01536_y04096.png,54681_x01536_y04096.tif,0.0,0
54681,2048,4096,54681_x02048_y04096.png,54681_x02048_y04096.png,54681_x02048_y04096.tif,0.0,0
54681,2560,4096,54681_x02560_y04096.png,54681_x02560_y04096.png,54681_x02560_y04096.tif,0.0,0
54681,3072,4096,54681_x03072_y04096.png,54681_x03072_y04096.png,54681_x03072_y04096.tif,0.0,0
54681,3584,4096,54681_x03584_y04096.png,54681_x03584_y04096.png,54681_x03584_y04096.tif,0.0,0
54681,4096,4096,54681_x04096_y04096.png,54681_x04096_y04096.png,54681_x04096_y04096.tif,0.0,0
54041,0,0,54041_x00000_y00000.png,54041_x00000_y00000.png,54041_x00000_y00000.tif,0.0,0
54041,512,0,54041_x00512_y00000.png,54041_x00512_y00000.png,54041_x00512_y00000.tif,0.0,0
54041,1024,0,54041_x01024_y00000.png,54041_x01024_y00000.png,54041_x01024_y00000.tif,0.0,0
54041,1536,0,54041_x01536_y00000.png,54041_x01536_y00000.png,54041_x01536_y00000.tif,0.0,0
54041,2048,0,54041_x02048_y00000.png,54041_x02048_y00000.png,54041_x02048_y00000.tif,0.0,0
54041,2560,0,54041_x02560_y00000.png,54041_x02560_y00000.png,54041_x02560_y00000.tif,0.0,0
54041,3072,0,54041_x03072_y00000.png,54041_x03072_y00000.png,54041_x03072_y00000.tif,0.0,0
54041,3584,0,54041_x03584_y00000.png,54041_x03584_y00000.png,54041_x03584_y00000.tif,0.0,0
54041,4096,0,54041_x04096_y00000.png,54041_x04096_y00000.png,54041_x04096_y00000.tif,0.0,0
54041,0,512,54041_x00000_y00512.png,54041_x00000_y00512.png,54041_x00000_y00512.tif,0.0,0
54041,512,512,54041_x00512_y00512.png,54041_x00512_y00512.png,54041_x00512_y00512.tif,0.0,0
54041,1024,512,54041_x01024_y00512.png,54041_x01024_y00512.png,54041_x01024_y00512.tif,0.0,0
54041,1536,512,54041_x01536_y00512.png,54041_x01536_y00512.png,54041_x01536_y00512.tif,0.0,0
54041,2048,512,54041_x02048_y00512.png,54041_x02048_y00512.png,54041_x02048_y00512.tif,0.0,0
54041,2560,512,54041_x02560_y00512.png,54041_x02560_y00512.png,54041_x02560_y00512.tif,0.0,0
54041,3072,512,54041_x03072_y00512.png,54041_x03072_y00512.png,54041_x03072_y00512.tif,0.0,0
54041,3584,512,54041_x03584_y00512.png,54041_x03584_y00512.png,54041_x03584_y00512.tif,0.0,0
54041,4096,512,54041_x04096_y00512.png,54041_x04096_y00512.png,54041_x04096_y00512.tif,0.0,0
54041,0,1024,54041_x00000_y01024.png,54041_x00000_y01024.png,54041_x00000_y01024.tif,0.0,0
54041,512,1024,54041_x00512_y01024.png,54041_x00512_y01024.png,54041_x00512_y01024.tif,0.0,0
54041,1024,1024,54041_x01024_y01024.png,54041_x01024_y01024.png,54041_x01024_y01024.tif,0.0,0
54041,1536,1024,54041_x01536_y01024.png,54041_x01536_y01024.png,54041_x01536_y01024.tif,0.0,0
54041,2048,1024,54041_x02048_y01024.png,54041_x02048_y01024.png,54041_x02048_y01024.tif,0.0,0
54041,2560,1024,54041_x02560_y01024.png,54041_x02560_y01024.png,54041_x02560_y01024.tif,0.0,0
54041,3072,1024,54041_x03072_y01024.png,54041_x03072_y01024.png,54041_x03072_y01024.tif,0.0,0
54041,3584,1024,54041_x03584_y01024.png,54041_x03584_y01024.png,54041_x03584_y01024.tif,0.0,0
54041,4096,1024,54041_x04096_y01024.png,54041_x04096_y01024.png,54041_x04096_y01024.tif,0.0,0
54041,0,1536,54041_x00000_y01536.png,54041_x00000_y01536.png,54041_x00000_y01536.tif,0.0,0
54041,512,1536,54041_x00512_y01536.png,54041_x00512_y01536.png,54041_x00512_y01536.tif,0.0,0
54041,1024,1536,54041_x01024_y01536.png,54041_x01024_y01536.png,54041_x01024_y01536.tif,0.0,0
54041,1536,1536,54041_x01536_y01536.png,54041_x01536_y01536.png,54041_x01536_y01536.tif,0.0,0
54041,2048,1536,54041_x02048_y01536.png,54041_x02048_y01536.png,54041_x02048_y01536.tif,0.0,0
54041,2560,1536,54041_x02560_y01536.png,54041_x02560_y01536.png,54041_x02560_y01536.tif,0.0,0
54041,3072,1536,54041_x03072_y01536.png,54041_x03072_y01536.png,54041_x03072_y01536.tif,0.0,0
54041,3584,1536,54041_x03584_y01536.png,54041_x03584_y01536.png,54041_x03584_y01536.tif,0.0,0
54041,4096,1536,54041_x04096_y01536.png,54041_x04096_y01536.png,54041_x04096_y01536.tif,0.0,0
54041,0,2048,54041_x00000_y02048.png,54041_x00000_y02048.png,54041_x00000_y02048.tif,0.0,0
54041,512,2048,54041_x00512_y02048.png,54041_x00512_y02048.png,54041_x00512_y02048.tif,0.0,0
54041,1024,2048,54041_x01024_y02048.png,54041_x01024_y02048.png,54041_x01024_y02048.tif,0.0,0
54041,1536,2048,54041_x01536_y02048.png,54041_x01536_y02048.png,54041_x01536_y02048.tif,0.0,0
54041,2048,2048,54041_x02048_y02048.png,54041_x02048_y02048.png,54041_x02048_y02048.tif,0.01532745361328125,4018
54041,2560,2048,54041_x02560_y02048.png,54041_x02560_y02048.png,54041_x02560_y02048.tif,0.0847930908203125,22228
54041,3072,2048,54041_x03072_y02048.png,54041_x03072_y02048.png,54041_x03072_y02048.tif,0.0,0
54041,3584,2048,54041_x03584_y02048.png,54041_x03584_y02048.png,54041_x03584_y02048.tif,0.0,0
54041,4096,2048,54041_x04096_y02048.png,54041_x04096_y02048.png,54041_x04096_y02048.tif,0.0,0
54041,0,2560,54041_x00000_y02560.png,54041_x00000_y02560.png,54041_x00000_y02560.tif,0.0,0
54041,512,2560,54041_x00512_y02560.png,54041_x00512_y02560.png,54041_x00512_y02560.tif,0.0,0
54041,1024,2560,54041_x01024_y02560.png,54041_x01024_y02560.png,54041_x01024_y02560.tif,0.0,0
54041,1536,2560,54041_x01536_y02560.png,54041_x01536_y02560.png,54041_x01536_y02560.tif,0.0,0
54041,2048,2560,54041_x02048_y02560.png,54041_x02048_y02560.png,54041_x02048_y02560.tif,0.0,0
54041,2560,2560,54041_x02560_y02560.png,54041_x02560_y02560.png,54041_x02560_y02560.tif,0.0,0
54041,3072,2560,54041_x03072_y02560.png,54041_x03072_y02560.png,54041_x03072_y02560.tif,0.0,0
54041,3584,2560,54041_x03584_y02560.png,54041_x03584_y02560.png,54041_x03584_y02560.tif,0.0,0
54041,4096,2560,54041_x04096_y02560.png,54041_x04096_y02560.png,54041_x04096_y02560.tif,0.0,0
54041,0,3072,54041_x00000_y03072.png,54041_x00000_y03072.png,54041_x00000_y03072.tif,0.0,0
54041,512,3072,54041_x00512_y03072.png,54041_x00512_y03072.png,54041_x00512_y03072.tif,0.0,0
54041,1024,3072,54041_x01024_y03072.png,54041_x01024_y03072.png,54041_x01024_y03072.tif,0.0,0
54041,1536,3072,54041_x01536_y03072.png,54041_x01536_y03072.png,54041_x01536_y03072.tif,0.0,0
54041,2048,3072,54041_x02048_y03072.png,54041_x02048_y03072.png,54041_x02048_y03072.tif,0.0,0
54041,2560,3072,54041_x02560_y03072.png,54041_x02560_y03072.png,54041_x02560_y03072.tif,0.0,0
54041,3072,3072,54041_x03072_y03072.png,54041_x03072_y03072.png,54041_x03072_y03072.tif,0.0,0
54041,3584,3072,54041_x03584_y03072.png,54041_x03584_y03072.png,54041_x03584_y03072.tif,0.0,0
54041,4096,3072,54041_x04096_y03072.png,54041_x04096_y03072.png,54041_x04096_y03072.tif,0.0,0
54041,0,3584,54041_x00000_y03584.png,54041_x00000_y03584.png,54041_x00000_y03584.tif,0.0,0
54041,512,3584,54041_x00512_y03584.png,54041_x00512_y03584.png,54041_x00512_y03584.tif,0.0,0
54041,1024,3584,54041_x01024_y03584.png,54041_x01024_y03584.png,54041_x01024_y03584.tif,0.0,0
54041,1536,3584,54041_x01536_y03584.png,54041_x01536_y03584.png,54041_x01536_y03584.tif,0.0,0
54041,2048,3584,54041_x02048_y03584.png,54041_x02048_y03584.png,54041_x02048_y03584.tif,0.0,0
54041,2560,3584,54041_x02560_y03584.png,54041_x02560_y03584.png,54041_x02560_y03584.tif,0.0,0
54041,3072,3584,54041_x03072_y03584.png,54041_x03072_y03584.png,54041_x03072_y03584.tif,0.0,0
54041,3584,3584,54041_x03584_y03584.png,54041_x03584_y03584.png,54041_x03584_y03584.tif,0.0,0
54041,4096,3584,54041_x04096_y03584.png,54041_x04096_y03584.png,54041_x04096_y03584.tif,0.0,0
54041,0,4096,54041_x00000_y04096.png,54041_x00000_y04096.png,54041_x00000_y04096.tif,0.0,0
54041,512,4096,54041_x00512_y04096.png,54041_x00512_y04096.png,54041_x00512_y04096.tif,0.0,0
54041,1024,4096,54041_x01024_y04096.png,54041_x01024_y04096.png,54041_x01024_y04096.tif,0.0,0
54041,1536,4096,54041_x01536_y04096.png,54041_x01536_y04096.png,54041_x01536_y04096.tif,0.0,0
54041,2048,4096,54041_x02048_y04096.png,54041_x02048_y04096.png,54041_x02048_y04096.tif,0.0,0
54041,2560,4096,54041_x02560_y04096.png,54041_x02560_y04096.png,54041_x02560_y04096.tif,0.0,0
54041,3072,4096,54041_x03072_y04096.png,54041_x03072_y04096.png,54041_x03072_y04096.tif,0.0,0
54041,3584,4096,54041_x03584_y04096.png,54041_x03584_y04096.png,54041_x03584_y04096.tif,0.0,0
54041,4096,4096,54041_x04096_y04096.png,54041_x04096_y04096.png,54041_x04096_y04096.tif,0.0,0
53982,0,0,53982_x00000_y00000.png,53982_x00000_y00000.png,53982_x00000_y00000.tif,0.0,0
53982,512,0,53982_x00512_y00000.png,53982_x00512_y00000.png,53982_x00512_y00000.tif,0.0,0
53982,1024,0,53982_x01024_y00000.png,53982_x01024_y00000.png,53982_x01024_y00000.tif,0.0,0
53982,1536,0,53982_x01536_y00000.png,53982_x01536_y00000.png,53982_x01536_y00000.tif,0.0,0
53982,2048,0,53982_x02048_y00000.png,53982_x02048_y00000.png,53982_x02048_y00000.tif,0.0,0
53982,2560,0,53982_x02560_y00000.png,53982_x02560_y00000.png,53982_x02560_y00000.tif,0.0,0
53982,3072,0,53982_x03072_y00000.png,53982_x03072_y00000.png,53982_x03072_y00000.tif,0.0,0
53982,3584,0,53982_x03584_y00000.png,53982_x03584_y00000.png,53982_x03584_y00000.tif,0.0,0
53982,4096,0,53982_x04096_y00000.png,53982_x04096_y00000.png,53982_x04096_y00000.tif,0.0,0
53982,0,512,53982_x00000_y00512.png,53982_x00000_y00512.png,53982_x00000_y00512.tif,0.0,0
53982,512,512,53982_x00512_y00512.png,53982_x00512_y00512.png,53982_x00512_y00512.tif,0.0,0
53982,1024,512,53982_x01024_y00512.png,53982_x01024_y00512.png,53982_x01024_y00512.tif,0.0,0
53982,1536,512,53982_x01536_y00512.png,53982_x01536_y00512.png,53982_x01536_y00512.tif,0.0,0
53982,2048,512,53982_x02048_y00512.png,53982_x02048_y00512.png,53982_x02048_y00512.tif,0.0,0
53982,2560,512,53982_x02560_y00512.png,53982_x02560_y00512.png,53982_x02560_y00512.tif,0.0,0
53982,3072,512,53982_x03072_y00512.png,53982_x03072_y00512.png,53982_x03072_y00512.tif,0.0,0
53982,3584,512,53982_x03584_y00512.png,53982_x03584_y00512.png,53982_x03584_y00512.tif,0.0,0
53982,4096,512,53982_x04096_y00512.png,53982_x04096_y00512.png,53982_x04096_y00512.tif,0.0,0
53982,0,1024,53982_x00000_y01024.png,53982_x00000_y01024.png,53982_x00000_y01024.tif,0.0,0
53982,512,1024,53982_x00512_y01024.png,53982_x00512_y01024.png,53982_x00512_y01024.tif,0.0,0
53982,1024,1024,53982_x01024_y01024.png,53982_x01024_y01024.png,53982_x01024_y01024.tif,0.0,0
53982,1536,1024,53982_x01536_y01024.png,53982_x01536_y01024.png,53982_x01536_y01024.tif,0.0,0
53982,2048,1024,53982_x02048_y01024.png,53982_x02048_y01024.png,53982_x02048_y01024.tif,0.0,0
53982,2560,1024,53982_x02560_y01024.png,53982_x02560_y01024.png,53982_x02560_y01024.tif,0.0,0
53982,3072,1024,53982_x03072_y01024.png,53982_x03072_y01024.png,53982_x03072_y01024.tif,0.0,0
53982,3584,1024,53982_x03584_y01024.png,53982_x03584_y01024.png,53982_x03584_y01024.tif,0.0,0
53982,4096,1024,53982_x04096_y01024.png,53982_x04096_y01024.png,53982_x04096_y01024.tif,0.0,0
53982,0,1536,53982_x00000_y01536.png,53982_x00000_y01536.png,53982_x00000_y01536.tif,0.0,0
53982,512,1536,53982_x00512_y01536.png,53982_x00512_y01536.png,53982_x00512_y01536.tif,0.0,0
53982,1024,1536,53982_x01024_y01536.png,53982_x01024_y01536.png,53982_x01024_y01536.tif,0.0,0
53982,1536,1536,53982_x01536_y01536.png,53982_x01536_y01536.png,53982_x01536_y01536.tif,0.0,0
53982,2048,1536,53982_x02048_y01536.png,53982_x02048_y01536.png,53982_x02048_y01536.tif,0.0,0
53982,2560,1536,53982_x02560_y01536.png,53982_x02560_y01536.png,53982_x02560_y01536.tif,0.0,0
53982,3072,1536,53982_x03072_y01536.png,53982_x03072_y01536.png,53982_x03072_y01536.tif,0.0,0
53982,3584,1536,53982_x03584_y01536.png,53982_x03584_y01536.png,53982_x03584_y01536.tif,0.0,0
53982,4096,1536,53982_x04096_y01536.png,53982_x04096_y01536.png,53982_x04096_y01536.tif,0.0,0
53982,0,2048,53982_x00000_y02048.png,53982_x00000_y02048.png,53982_x00000_y02048.tif,0.0,0
53982,512,2048,53982_x00512_y02048.png,53982_x00512_y02048.png,53982_x00512_y02048.tif,0.0,0
53982,1024,2048,53982_x01024_y02048.png,53982_x01024_y02048.png,53982_x01024_y02048.tif,0.0,0
53982,1536,2048,53982_x01536_y02048.png,53982_x01536_y02048.png,53982_x01536_y02048.tif,0.0,0
53982,2048,2048,53982_x02048_y02048.png,53982_x02048_y02048.png,53982_x02048_y02048.tif,0.0,0
53982,2560,2048,53982_x02560_y02048.png,53982_x02560_y02048.png,53982_x02560_y02048.tif,0.0,0
53982,3072,2048,53982_x03072_y02048.png,53982_x03072_y02048.png,53982_x03072_y02048.tif,0.0,0
53982,3584,2048,53982_x03584_y02048.png,53982_x03584_y02048.png,53982_x03584_y02048.tif,0.0,0
53982,4096,2048,53982_x04096_y02048.png,53982_x04096_y02048.png,53982_x04096_y02048.tif,0.0,0
53982,0,2560,53982_x00000_y02560.png,53982_x00000_y02560.png,53982_x00000_y02560.tif,0.0,0
53982,512,2560,53982_x00512_y02560.png,53982_x00512_y02560.png,53982_x00512_y02560.tif,0.0,0
53982,1024,2560,53982_x01024_y02560.png,53982_x01024_y02560.png,53982_x01024_y02560.tif,0.0,0
53982,1536,2560,53982_x01536_y02560.png,53982_x01536_y02560.png,53982_x01536_y02560.tif,0.0,0
53982,2048,2560,53982_x02048_y02560.png,53982_x02048_y02560.png,53982_x02048_y02560.tif,0.0,0
53982,2560,2560,53982_x02560_y02560.png,53982_x02560_y02560.png,53982_x02560_y02560.tif,0.0,0
53982,3072,2560,53982_x03072_y02560.png,53982_x03072_y02560.png,53982_x03072_y02560.tif,0.0,0
53982,3584,2560,53982_x03584_y02560.png,53982_x03584_y02560.png,53982_x03584_y02560.tif,0.0,0
53982,4096,2560,53982_x04096_y02560.png,53982_x04096_y02560.png,53982_x04096_y02560.tif,0.0,0
53982,0,3072,53982_x00000_y03072.png,53982_x00000_y03072.png,53982_x00000_y03072.tif,0.0,0
53982,512,3072,53982_x00512_y03072.png,53982_x00512_y03072.png,53982_x00512_y03072.tif,0.0,0
53982,1024,3072,53982_x01024_y03072.png,53982_x01024_y03072.png,53982_x01024_y03072.tif,0.0,0
53982,1536,3072,53982_x01536_y03072.png,53982_x01536_y03072.png,53982_x01536_y03072.tif,0.0,0
53982,2048,3072,53982_x02048_y03072.png,53982_x02048_y03072.png,53982_x02048_y03072.tif,0.0,0
53982,2560,3072,53982_x02560_y03072.png,53982_x02560_y03072.png,53982_x02560_y03072.tif,0.0,0
53982,3072,3072,53982_x03072_y03072.png,53982_x03072_y03072.png,53982_x03072_y03072.tif,0.0,0
53982,3584,3072,53982_x03584_y03072.png,53982_x03584_y03072.png,53982_x03584_y03072.tif,0.0,0
53982,4096,3072,53982_x04096_y03072.png,53982_x04096_y03072.png,53982_x04096_y03072.tif,0.0,0
53982,0,3584,53982_x00000_y03584.png,53982_x00000_y03584.png,53982_x00000_y03584.tif,0.0,0
53982,512,3584,53982_x00512_y03584.png,53982_x00512_y03584.png,53982_x00512_y03584.tif,0.0,0
53982,1024,3584,53982_x01024_y03584.png,53982_x01024_y03584.png,53982_x01024_y03584.tif,0.0,0
53982,1536,3584,53982_x01536_y03584.png,53982_x01536_y03584.png,53982_x01536_y03584.tif,0.0,0
53982,2048,3584,53982_x02048_y03584.png,53982_x02048_y03584.png,53982_x02048_y03584.tif,0.0,0
53982,2560,3584,53982_x02560_y03584.png,53982_x02560_y03584.png,53982_x02560_y03584.tif,0.0,0
53982,3072,3584,53982_x03072_y03584.png,53982_x03072_y03584.png,53982_x03072_y03584.tif,0.033061981201171875,8667
53982,3584,3584,53982_x03584_y03584.png,53982_x03584_y03584.png,53982_x03584_y03584.tif,0.0,0
53982,4096,3584,53982_x04096_y03584.png,53982_x04096_y03584.png,53982_x04096_y03584.tif,0.0,0
53982,0,4096,53982_x00000_y04096.png,53982_x00000_y04096.png,53982_x00000_y04096.tif,0.0,0
53982,512,4096,53982_x00512_y04096.png,53982_x00512_y04096.png,53982_x00512_y04096.tif,0.0,0
53982,1024,4096,53982_x01024_y04096.png,53982_x01024_y04096.png,53982_x01024_y04096.tif,0.0,0
53982,1536,4096,53982_x01536_y04096.png,53982_x01536_y04096.png,53982_x01536_y04096.tif,0.0,0
53982,2048,4096,53982_x02048_y04096.png,53982_x02048_y04096.png,53982_x02048_y04096.tif,0.0,0
53982,2560,4096,53982_x02560_y04096.png,53982_x02560_y04096.png,53982_x02560_y04096.tif,0.0,0
53982,3072,4096,53982_x03072_y04096.png,53982_x03072_y04096.png,53982_x03072_y04096.tif,0.0,0
53982,3584,4096,53982_x03584_y04096.png,53982_x03584_y04096.png,53982_x03584_y04096.tif,0.0,0
53982,4096,4096,53982_x04096_y04096.png,53982_x04096_y04096.png,53982_x04096_y04096.tif,0.0,0
64731,0,0,64731_x00000_y00000.png,64731_x00000_y00000.png,64731_x00000_y00000.tif,0.0,0
64731,512,0,64731_x00512_y00000.png,64731_x00512_y00000.png,64731_x00512_y00000.tif,0.0,0
64731,1024,0,64731_x01024_y00000.png,64731_x01024_y00000.png,64731_x01024_y00000.tif,0.0,0
64731,1536,0,64731_x01536_y00000.png,64731_x01536_y00000.png,64731_x01536_y00000.tif,0.0,0
64731,2048,0,64731_x02048_y00000.png,64731_x02048_y00000.png,64731_x02048_y00000.tif,0.0,0
64731,2560,0,64731_x02560_y00000.png,64731_x02560_y00000.png,64731_x02560_y00000.tif,0.0,0
64731,3072,0,64731_x03072_y00000.png,64731_x03072_y00000.png,64731_x03072_y00000.tif,0.0,0
64731,3584,0,64731_x03584_y00000.png,64731_x03584_y00000.png,64731_x03584_y00000.tif,0.0,0
64731,4096,0,64731_x04096_y00000.png,64731_x04096_y00000.png,64731_x04096_y00000.tif,0.0,0
64731,0,512,64731_x00000_y00512.png,64731_x00000_y00512.png,64731_x00000_y00512.tif,0.0,0
64731,512,512,64731_x00512_y00512.png,64731_x00512_y00512.png,64731_x00512_y00512.tif,0.0,0
64731,1024,512,64731_x01024_y00512.png,64731_x01024_y00512.png,64731_x01024_y00512.tif,0.0,0
64731,1536,512,64731_x01536_y00512.png,64731_x01536_y00512.png,64731_x01536_y00512.tif,0.0,0
64731,2048,512,64731_x02048_y00512.png,64731_x02048_y00512.png,64731_x02048_y00512.tif,0.0,0
64731,2560,512,64731_x02560_y00512.png,64731_x02560_y00512.png,64731_x02560_y00512.tif,0.0,0
64731,3072,512,64731_x03072_y00512.png,64731_x03072_y00512.png,64731_x03072_y00512.tif,0.0,0
64731,3584,512,64731_x03584_y00512.png,64731_x03584_y00512.png,64731_x03584_y00512.tif,0.0,0
64731,4096,512,64731_x04096_y00512.png,64731_x04096_y00512.png,64731_x04096_y00512.tif,0.0,0
64731,0,1024,64731_x00000_y01024.png,64731_x00000_y01024.png,64731_x00000_y01024.tif,0.0,0
64731,512,1024,64731_x00512_y01024.png,64731_x00512_y01024.png,64731_x00512_y01024.tif,0.0,0
64731,1024,1024,64731_x01024_y01024.png,64731_x01024_y01024.png,64731_x01024_y01024.tif,0.0,0
64731,1536,1024,64731_x01536_y01024.png,64731_x01536_y01024.png,64731_x01536_y01024.tif,0.0,0
64731,2048,1024,64731_x02048_y01024.png,64731_x02048_y01024.png,64731_x02048_y01024.tif,0.0,0
64731,2560,1024,64731_x02560_y01024.png,64731_x02560_y01024.png,64731_x02560_y01024.tif,0.0,0
64731,3072,1024,64731_x03072_y01024.png,64731_x03072_y01024.png,64731_x03072_y01024.tif,0.0,0
64731,3584,1024,64731_x03584_y01024.png,64731_x03584_y01024.png,64731_x03584_y01024.tif,0.0,0
64731,4096,1024,64731_x04096_y01024.png,64731_x04096_y01024.png,64731_x04096_y01024.tif,0.0,0
64731,0,1536,64731_x00000_y01536.png,64731_x00000_y01536.png,64731_x00000_y01536.tif,0.0,0
64731,512,1536,64731_x00512_y01536.png,64731_x00512_y01536.png,64731_x00512_y01536.tif,0.0,0
64731,1024,1536,64731_x01024_y01536.png,64731_x01024_y01536.png,64731_x01024_y01536.tif,0.0,0
64731,1536,1536,64731_x01536_y01536.png,64731_x01536_y01536.png,64731_x01536_y01536.tif,0.0,0
64731,2048,1536,64731_x02048_y01536.png,64731_x02048_y01536.png,64731_x02048_y01536.tif,0.0,0
64731,2560,1536,64731_x02560_y01536.png,64731_x02560_y01536.png,64731_x02560_y01536.tif,0.0,0
64731,3072,1536,64731_x03072_y01536.png,64731_x03072_y01536.png,64731_x03072_y01536.tif,0.0,0
64731,3584,1536,64731_x03584_y01536.png,64731_x03584_y01536.png,64731_x03584_y01536.tif,0.0,0
64731,4096,1536,64731_x04096_y01536.png,64731_x04096_y01536.png,64731_x04096_y01536.tif,0.0,0
64731,0,2048,64731_x00000_y02048.png,64731_x00000_y02048.png,64731_x00000_y02048.tif,0.0,0
64731,512,2048,64731_x00512_y02048.png,64731_x00512_y02048.png,64731_x00512_y02048.tif,0.0,0
64731,1024,2048,64731_x01024_y02048.png,64731_x01024_y02048.png,64731_x01024_y02048.tif,0.0,0
64731,1536,2048,64731_x01536_y02048.png,64731_x01536_y02048.png,64731_x01536_y02048.tif,0.0,0
64731,2048,2048,64731_x02048_y02048.png,64731_x02048_y02048.png,64731_x02048_y02048.tif,0.0,0
64731,2560,2048,64731_x02560_y02048.png,64731_x02560_y02048.png,64731_x02560_y02048.tif,0.0,0
64731,3072,2048,64731_x03072_y02048.png,64731_x03072_y02048.png,64731_x03072_y02048.tif,0.0,0
64731,3584,2048,64731_x03584_y02048.png,64731_x03584_y02048.png,64731_x03584_y02048.tif,0.0,0
64731,4096,2048,64731_x04096_y02048.png,64731_x04096_y02048.png,64731_x04096_y02048.tif,0.07540130615234375,19766
64731,0,2560,64731_x00000_y02560.png,64731_x00000_y02560.png,64731_x00000_y02560.tif,0.0,0
64731,512,2560,64731_x00512_y02560.png,64731_x00512_y02560.png,64731_x00512_y02560.tif,0.0,0
64731,1024,2560,64731_x01024_y02560.png,64731_x01024_y02560.png,64731_x01024_y02560.tif,0.0,0
64731,1536,2560,64731_x01536_y02560.png,64731_x01536_y02560.png,64731_x01536_y02560.tif,0.0,0
64731,2048,2560,64731_x02048_y02560.png,64731_x02048_y02560.png,64731_x02048_y02560.tif,0.0,0
64731,2560,2560,64731_x02560_y02560.png,64731_x02560_y02560.png,64731_x02560_y02560.tif,0.0,0
64731,3072,2560,64731_x03072_y02560.png,64731_x03072_y02560.png,64731_x03072_y02560.tif,0.0,0
64731,3584,2560,64731_x03584_y02560.png,64731_x03584_y02560.png,64731_x03584_y02560.tif,0.0,0
64731,4096,2560,64731_x04096_y02560.png,64731_x04096_y02560.png,64731_x04096_y02560.tif,0.0,0
64731,0,3072,64731_x00000_y03072.png,64731_x00000_y03072.png,64731_x00000_y03072.tif,0.0,0
64731,512,3072,64731_x00512_y03072.png,64731_x00512_y03072.png,64731_x00512_y03072.tif,0.0,0
64731,1024,3072,64731_x01024_y03072.png,64731_x01024_y03072.png,64731_x01024_y03072.tif,0.0,0
64731,1536,3072,64731_x01536_y03072.png,64731_x01536_y03072.png,64731_x01536_y03072.tif,0.0,0
64731,2048,3072,64731_x02048_y03072.png,64731_x02048_y03072.png,64731_x02048_y03072.tif,0.0,0
64731,2560,3072,64731_x02560_y03072.png,64731_x02560_y03072.png,64731_x02560_y03072.tif,0.0,0
64731,3072,3072,64731_x03072_y03072.png,64731_x03072_y03072.png,64731_x03072_y03072.tif,0.0,0
64731,3584,3072,64731_x03584_y03072.png,64731_x03584_y03072.png,64731_x03584_y03072.tif,0.0,0
64731,4096,3072,64731_x04096_y03072.png,64731_x04096_y03072.png,64731_x04096_y03072.tif,0.0,0
64731,0,3584,64731_x00000_y03584.png,64731_x00000_y03584.png,64731_x00000_y03584.tif,0.0,0
64731,512,3584,64731_x00512_y03584.png,64731_x00512_y03584.png,64731_x00512_y03584.tif,0.0,0
64731,1024,3584,64731_x01024_y03584.png,64731_x01024_y03584.png,64731_x01024_y03584.tif,0.0,0
64731,1536,3584,64731_x01536_y03584.png,64731_x01536_y03584.png,64731_x01536_y03584.tif,0.0,0
64731,2048,3584,64731_x02048_y03584.png,64731_x02048_y03584.png,64731_x02048_y03584.tif,0.0,0
64731,2560,3584,64731_x02560_y03584.png,64731_x02560_y03584.png,64731_x02560_y03584.tif,0.0,0
64731,3072,3584,64731_x03072_y03584.png,64731_x03072_y03584.png,64731_x03072_y03584.tif,0.0,0
64731,3584,3584,64731_x03584_y03584.png,64731_x03584_y03584.png,64731_x03584_y03584.tif,0.0,0
64731,4096,3584,64731_x04096_y03584.png,64731_x04096_y03584.png,64731_x04096_y03584.tif,0.0,0
64731,0,4096,64731_x00000_y04096.png,64731_x00000_y04096.png,64731_x00000_y04096.tif,0.0,0
64731,512,4096,64731_x00512_y04096.png,64731_x00512_y04096.png,64731_x00512_y04096.tif,0.0,0
64731,1024,4096,64731_x01024_y04096.png,64731_x01024_y04096.png,64731_x01024_y04096.tif,0.0,0
64731,1536,4096,64731_x01536_y04096.png,64731_x01536_y04096.png,64731_x01536_y04096.tif,0.0,0
64731,2048,4096,64731_x02048_y04096.png,64731_x02048_y04096.png,64731_x02048_y04096.tif,0.0,0
64731,2560,4096,64731_x02560_y04096.png,64731_x02560_y04096.png,64731_x02560_y04096.tif,0.0,0
64731,3072,4096,64731_x03072_y04096.png,64731_x03072_y04096.png,64731_x03072_y04096.tif,0.0,0
64731,3584,4096,64731_x03584_y04096.png,64731_x03584_y04096.png,64731_x03584_y04096.tif,0.0,0
64731,4096,4096,64731_x04096_y04096.png,64731_x04096_y04096.png,64731_x04096_y04096.tif,0.0,0
62274,0,0,62274_x00000_y00000.png,62274_x00000_y00000.png,62274_x00000_y00000.tif,0.0,0
62274,512,0,62274_x00512_y00000.png,62274_x00512_y00000.png,62274_x00512_y00000.tif,0.0,0
62274,1024,0,62274_x01024_y00000.png,62274_x01024_y00000.png,62274_x01024_y00000.tif,0.0,0
62274,1536,0,62274_x01536_y00000.png,62274_x01536_y00000.png,62274_x01536_y00000.tif,0.0,0
62274,2048,0,62274_x02048_y00000.png,62274_x02048_y00000.png,62274_x02048_y00000.tif,0.0,0
62274,2560,0,62274_x02560_y00000.png,62274_x02560_y00000.png,62274_x02560_y00000.tif,0.0,0
62274,3072,0,62274_x03072_y00000.png,62274_x03072_y00000.png,62274_x03072_y00000.tif,0.0,0
62274,3584,0,62274_x03584_y00000.png,62274_x03584_y00000.png,62274_x03584_y00000.tif,0.0,0
62274,4096,0,62274_x04096_y00000.png,62274_x04096_y00000.png,62274_x04096_y00000.tif,0.0,0
62274,0,512,62274_x00000_y00512.png,62274_x00000_y00512.png,62274_x00000_y00512.tif,0.0,0
62274,512,512,62274_x00512_y00512.png,62274_x00512_y00512.png,62274_x00512_y00512.tif,0.0,0
62274,1024,512,62274_x01024_y00512.png,62274_x01024_y00512.png,62274_x01024_y00512.tif,0.0,0
62274,1536,512,62274_x01536_y00512.png,62274_x01536_y00512.png,62274_x01536_y00512.tif,0.0,0
62274,2048,512,62274_x02048_y00512.png,62274_x02048_y00512.png,62274_x02048_y00512.tif,0.0,0
62274,2560,512,62274_x02560_y00512.png,62274_x02560_y00512.png,62274_x02560_y00512.tif,0.0,0
62274,3072,512,62274_x03072_y00512.png,62274_x03072_y00512.png,62274_x03072_y00512.tif,0.0,0
62274,3584,512,62274_x03584_y00512.png,62274_x03584_y00512.png,62274_x03584_y00512.tif,0.0,0
62274,4096,512,62274_x04096_y00512.png,62274_x04096_y00512.png,62274_x04096_y00512.tif,0.0,0
62274,0,1024,62274_x00000_y01024.png,62274_x00000_y01024.png,62274_x00000_y01024.tif,0.0,0
62274,512,1024,62274_x00512_y01024.png,62274_x00512_y01024.png,62274_x00512_y01024.tif,0.0,0
62274,1024,1024,62274_x01024_y01024.png,62274_x01024_y01024.png,62274_x01024_y01024.tif,0.0,0
62274,1536,1024,62274_x01536_y01024.png,62274_x01536_y01024.png,62274_x01536_y01024.tif,0.0,0
62274,2048,1024,62274_x02048_y01024.png,62274_x02048_y01024.png,62274_x02048_y01024.tif,0.0,0
62274,2560,1024,62274_x02560_y01024.png,62274_x02560_y01024.png,62274_x02560_y01024.tif,0.0,0
62274,3072,1024,62274_x03072_y01024.png,62274_x03072_y01024.png,62274_x03072_y01024.tif,0.0,0
62274,3584,1024,62274_x03584_y01024.png,62274_x03584_y01024.png,62274_x03584_y01024.tif,0.0,0
62274,4096,1024,62274_x04096_y01024.png,62274_x04096_y01024.png,62274_x04096_y01024.tif,0.0,0
62274,0,1536,62274_x00000_y01536.png,62274_x00000_y01536.png,62274_x00000_y01536.tif,0.0,0
62274,512,1536,62274_x00512_y01536.png,62274_x00512_y01536.png,62274_x00512_y01536.tif,0.0,0
62274,1024,1536,62274_x01024_y01536.png,62274_x01024_y01536.png,62274_x01024_y01536.tif,0.0,0
62274,1536,1536,62274_x01536_y01536.png,62274_x01536_y01536.png,62274_x01536_y01536.tif,0.0,0
62274,2048,1536,62274_x02048_y01536.png,62274_x02048_y01536.png,62274_x02048_y01536.tif,0.0,0
62274,2560,1536,62274_x02560_y01536.png,62274_x02560_y01536.png,62274_x02560_y01536.tif,0.0,0
62274,3072,1536,62274_x03072_y01536.png,62274_x03072_y01536.png,62274_x03072_y01536.tif,0.0,0
62274,3584,1536,62274_x03584_y01536.png,62274_x03584_y01536.png,62274_x03584_y01536.tif,0.0,0
62274,4096,1536,62274_x04096_y01536.png,62274_x04096_y01536.png,62274_x04096_y01536.tif,0.0,0
62274,0,2048,62274_x00000_y02048.png,62274_x00000_y02048.png,62274_x00000_y02048.tif,0.0,0
62274,512,2048,62274_x00512_y02048.png,62274_x00512_y02048.png,62274_x00512_y02048.tif,0.0,0
62274,1024,2048,62274_x01024_y02048.png,62274_x01024_y02048.png,62274_x01024_y02048.tif,0.0,0
62274,1536,2048,62274_x01536_y02048.png,62274_x01536_y02048.png,62274_x01536_y02048.tif,0.0,0
62274,2048,2048,62274_x02048_y02048.png,62274_x02048_y02048.png,62274_x02048_y02048.tif,0.0,0
62274,2560,2048,62274_x02560_y02048.png,62274_x02560_y02048.png,62274_x02560_y02048.tif,0.0,0
62274,3072,2048,62274_x03072_y02048.png,62274_x03072_y02048.png,62274_x03072_y02048.tif,0.0,0
62274,3584,2048,62274_x03584_y02048.png,62274_x03584_y02048.png,62274_x03584_y02048.tif,0.0,0
62274,4096,2048,62274_x04096_y02048.png,62274_x04096_y02048.png,62274_x04096_y02048.tif,0.0,0
62274,0,2560,62274_x00000_y02560.png,62274_x00000_y02560.png,62274_x00000_y02560.tif,0.0,0
62274,512,2560,62274_x00512_y02560.png,62274_x00512_y02560.png,62274_x00512_y02560.tif,0.0,0
62274,1024,2560,62274_x01024_y02560.png,62274_x01024_y02560.png,62274_x01024_y02560.tif,0.0,0
62274,1536,2560,62274_x01536_y02560.png,62274_x01536_y02560.png,62274_x01536_y02560.tif,0.0,0
62274,2048,2560,62274_x02048_y02560.png,62274_x02048_y02560.png,62274_x02048_y02560.tif,0.0,0
62274,2560,2560,62274_x02560_y02560.png,62274_x02560_y02560.png,62274_x02560_y02560.tif,0.0,0
62274,3072,2560,62274_x03072_y02560.png,62274_x03072_y02560.png,62274_x03072_y02560.tif,0.0,0
62274,3584,2560,62274_x03584_y02560.png,62274_x03584_y02560.png,62274_x03584_y02560.tif,0.0,0
62274,4096,2560,62274_x04096_y02560.png,62274_x04096_y02560.png,62274_x04096_y02560.tif,0.0,0
62274,0,3072,62274_x00000_y03072.png,62274_x00000_y03072.png,62274_x00000_y03072.tif,0.0,0
62274,512,3072,62274_x00512_y03072.png,62274_x00512_y03072.png,62274_x00512_y03072.tif,0.0,0
62274,1024,3072,62274_x01024_y03072.png,62274_x01024_y03072.png,62274_x01024_y03072.tif,0.0,0
62274,1536,3072,62274_x01536_y03072.png,62274_x01536_y03072.png,62274_x01536_y03072.tif,0.0,0
62274,2048,3072,62274_x02048_y03072.png,62274_x02048_y03072.png,62274_x02048_y03072.tif,0.0,0
62274,2560,3072,62274_x02560_y03072.png,62274_x02560_y03072.png,62274_x02560_y03072.tif,0.0,0
62274,3072,3072,62274_x03072_y03072.png,62274_x03072_y03072.png,62274_x03072_y03072.tif,0.0,0
62274,3584,3072,62274_x03584_y03072.png,62274_x03584_y03072.png,62274_x03584_y03072.tif,0.0,0
62274,4096,3072,62274_x04096_y03072.png,62274_x04096_y03072.png,62274_x04096_y03072.tif,0.0,0
62274,0,3584,62274_x00000_y03584.png,62274_x00000_y03584.png,62274_x00000_y03584.tif,0.0,0
62274,512,3584,62274_x00512_y03584.png,62274_x00512_y03584.png,62274_x00512_y03584.tif,0.0,0
62274,1024,3584,62274_x01024_y03584.png,62274_x01024_y03584.png,62274_x01024_y03584.tif,0.0,0
62274,1536,3584,62274_x01536_y03584.png,62274_x01536_y03584.png,62274_x01536_y03584.tif,0.0,0
62274,2048,3584,62274_x02048_y03584.png,62274_x02048_y03584.png,62274_x02048_y03584.tif,0.0,0
62274,2560,3584,62274_x02560_y03584.png,62274_x02560_y03584.png,62274_x02560_y03584.tif,0.0,0
62274,3072,3584,62274_x03072_y03584.png,62274_x03072_y03584.png,62274_x03072_y03584.tif,0.0,0
62274,3584,3584,62274_x03584_y03584.png,62274_x03584_y03584.png,62274_x03584_y03584.tif,0.015560150146484375,4079
62274,4096,3584,62274_x04096_y03584.png,62274_x04096_y03584.png,62274_x04096_y03584.tif,0.0,0
62274,0,4096,62274_x00000_y04096.png,62274_x00000_y04096.png,62274_x00000_y04096.tif,0.0,0
62274,512,4096,62274_x00512_y04096.png,62274_x00512_y04096.png,62274_x00512_y04096.tif,0.0,0
62274,1024,4096,62274_x01024_y04096.png,62274_x01024_y04096.png,62274_x01024_y04096.tif,0.0,0
62274,1536,4096,62274_x01536_y04096.png,62274_x01536_y04096.png,62274_x01536_y04096.tif,0.0,0
62274,2048,4096,62274_x02048_y04096.png,62274_x02048_y04096.png,62274_x02048_y04096.tif,0.0,0
62274,2560,4096,62274_x02560_y04096.png,62274_x02560_y04096.png,62274_x02560_y04096.tif,0.0,0
62274,3072,4096,62274_x03072_y04096.png,62274_x03072_y04096.png,62274_x03072_y04096.tif,0.0,0
62274,3584,4096,62274_x03584_y04096.png,62274_x03584_y04096.png,62274_x03584_y04096.tif,0.0,0
62274,4096,4096,62274_x04096_y04096.png,62274_x04096_y04096.png,62274_x04096_y04096.tif,0.0,0
54482,0,0,54482_x00000_y00000.png,54482_x00000_y00000.png,54482_x00000_y00000.tif,0.0,0
54482,512,0,54482_x00512_y00000.png,54482_x00512_y00000.png,54482_x00512_y00000.tif,0.0,0
54482,1024,0,54482_x01024_y00000.png,54482_x01024_y00000.png,54482_x01024_y00000.tif,0.0,0
54482,1536,0,54482_x01536_y00000.png,54482_x01536_y00000.png,54482_x01536_y00000.tif,0.0,0
54482,2048,0,54482_x02048_y00000.png,54482_x02048_y00000.png,54482_x02048_y00000.tif,0.0,0
54482,2560,0,54482_x02560_y00000.png,54482_x02560_y00000.png,54482_x02560_y00000.tif,0.0,0
54482,3072,0,54482_x03072_y00000.png,54482_x03072_y00000.png,54482_x03072_y00000.tif,0.0,0
54482,3584,0,54482_x03584_y00000.png,54482_x03584_y00000.png,54482_x03584_y00000.tif,0.0,0
54482,4096,0,54482_x04096_y00000.png,54482_x04096_y00000.png,54482_x04096_y00000.tif,0.0,0
54482,0,512,54482_x00000_y00512.png,54482_x00000_y00512.png,54482_x00000_y00512.tif,0.0,0
54482,512,512,54482_x00512_y00512.png,54482_x00512_y00512.png,54482_x00512_y00512.tif,0.0,0
54482,1024,512,54482_x01024_y00512.png,54482_x01024_y00512.png,54482_x01024_y00512.tif,0.0,0
54482,1536,512,54482_x01536_y00512.png,54482_x01536_y00512.png,54482_x01536_y00512.tif,0.0,0
54482,2048,512,54482_x02048_y00512.png,54482_x02048_y00512.png,54482_x02048_y00512.tif,0.0,0
54482,2560,512,54482_x02560_y00512.png,54482_x02560_y00512.png,54482_x02560_y00512.tif,0.0,0
54482,3072,512,54482_x03072_y00512.png,54482_x03072_y00512.png,54482_x03072_y00512.tif,0.0,0
54482,3584,512,54482_x03584_y00512.png,54482_x03584_y00512.png,54482_x03584_y00512.tif,0.0,0
54482,4096,512,54482_x04096_y00512.png,54482_x04096_y00512.png,54482_x04096_y00512.tif,0.0,0
54482,0,1024,54482_x00000_y01024.png,54482_x00000_y01024.png,54482_x00000_y01024.tif,0.0,0
54482,512,1024,54482_x00512_y01024.png,54482_x00512_y01024.png,54482_x00512_y01024.tif,0.0,0
54482,1024,1024,54482_x01024_y01024.png,54482_x01024_y01024.png,54482_x01024_y01024.tif,0.0,0
54482,1536,1024,54482_x01536_y01024.png,54482_x01536_y01024.png,54482_x01536_y01024.tif,0.0,0
54482,2048,1024,54482_x02048_y01024.png,54482_x02048_y01024.png,54482_x02048_y01024.tif,0.0,0
54482,2560,1024,54482_x02560_y01024.png,54482_x02560_y01024.png,54482_x02560_y01024.tif,0.0,0
54482,3072,1024,54482_x03072_y01024.png,54482_x03072_y01024.png,54482_x03072_y01024.tif,0.0,0
54482,3584,1024,54482_x03584_y01024.png,54482_x03584_y01024.png,54482_x03584_y01024.tif,0.0,0
54482,4096,1024,54482_x04096_y01024.png,54482_x04096_y01024.png,54482_x04096_y01024.tif,0.0,0
54482,0,1536,54482_x00000_y01536.png,54482_x00000_y01536.png,54482_x00000_y01536.tif,0.0,0
54482,512,1536,54482_x00512_y01536.png,54482_x00512_y01536.png,54482_x00512_y01536.tif,0.0,0
54482,1024,1536,54482_x01024_y01536.png,54482_x01024_y01536.png,54482_x01024_y01536.tif,0.0,0
54482,1536,1536,54482_x01536_y01536.png,54482_x01536_y01536.png,54482_x01536_y01536.tif,0.0,0
54482,2048,1536,54482_x02048_y01536.png,54482_x02048_y01536.png,54482_x02048_y01536.tif,0.0,0
54482,2560,1536,54482_x02560_y01536.png,54482_x02560_y01536.png,54482_x02560_y01536.tif,0.0,0
54482,3072,1536,54482_x03072_y01536.png,54482_x03072_y01536.png,54482_x03072_y01536.tif,0.0,0
54482,3584,1536,54482_x03584_y01536.png,54482_x03584_y01536.png,54482_x03584_y01536.tif,0.0,0
54482,4096,1536,54482_x04096_y01536.png,54482_x04096_y01536.png,54482_x04096_y01536.tif,0.041717529296875,10936
54482,0,2048,54482_x00000_y02048.png,54482_x00000_y02048.png,54482_x00000_y02048.tif,0.0,0
54482,512,2048,54482_x00512_y02048.png,54482_x00512_y02048.png,54482_x00512_y02048.tif,0.0,0
54482,1024,2048,54482_x01024_y02048.png,54482_x01024_y02048.png,54482_x01024_y02048.tif,0.0,0
54482,1536,2048,54482_x01536_y02048.png,54482_x01536_y02048.png,54482_x01536_y02048.tif,0.0,0
54482,2048,2048,54482_x02048_y02048.png,54482_x02048_y02048.png,54482_x02048_y02048.tif,0.0,0
54482,2560,2048,54482_x02560_y02048.png,54482_x02560_y02048.png,54482_x02560_y02048.tif,0.0,0
54482,3072,2048,54482_x03072_y02048.png,54482_x03072_y02048.png,54482_x03072_y02048.tif,0.0,0
54482,3584,2048,54482_x03584_y02048.png,54482_x03584_y02048.png,54482_x03584_y02048.tif,0.0,0
54482,4096,2048,54482_x04096_y02048.png,54482_x04096_y02048.png,54482_x04096_y02048.tif,0.0,0
54482,0,2560,54482_x00000_y02560.png,54482_x00000_y02560.png,54482_x00000_y02560.tif,0.0,0
54482,512,2560,54482_x00512_y02560.png,54482_x00512_y02560.png,54482_x00512_y02560.tif,0.0,0
54482,1024,2560,54482_x01024_y02560.png,54482_x01024_y02560.png,54482_x01024_y02560.tif,0.0,0
54482,1536,2560,54482_x01536_y02560.png,54482_x01536_y02560.png,54482_x01536_y02560.tif,0.0,0
54482,2048,2560,54482_x02048_y02560.png,54482_x02048_y02560.png,54482_x02048_y02560.tif,0.0,0
54482,2560,2560,54482_x02560_y02560.png,54482_x02560_y02560.png,54482_x02560_y02560.tif,0.0,0
54482,3072,2560,54482_x03072_y02560.png,54482_x03072_y02560.png,54482_x03072_y02560.tif,0.0,0
54482,3584,2560,54482_x03584_y02560.png,54482_x03584_y02560.png,54482_x03584_y02560.tif,0.0,0
54482,4096,2560,54482_x04096_y02560.png,54482_x04096_y02560.png,54482_x04096_y02560.tif,0.0,0
54482,0,3072,54482_x00000_y03072.png,54482_x00000_y03072.png,54482_x00000_y03072.tif,0.0,0
54482,512,3072,54482_x00512_y03072.png,54482_x00512_y03072.png,54482_x00512_y03072.tif,0.0,0
54482,1024,3072,54482_x01024_y03072.png,54482_x01024_y03072.png,54482_x01024_y03072.tif,0.0,0
54482,1536,3072,54482_x01536_y03072.png,54482_x01536_y03072.png,54482_x01536_y03072.tif,0.0,0
54482,2048,3072,54482_x02048_y03072.png,54482_x02048_y03072.png,54482_x02048_y03072.tif,0.0,0
54482,2560,3072,54482_x02560_y03072.png,54482_x02560_y03072.png,54482_x02560_y03072.tif,0.0,0
54482,3072,3072,54482_x03072_y03072.png,54482_x03072_y03072.png,54482_x03072_y03072.tif,0.0,0
54482,3584,3072,54482_x03584_y03072.png,54482_x03584_y03072.png,54482_x03584_y03072.tif,0.0,0
54482,4096,3072,54482_x04096_y03072.png,54482_x04096_y03072.png,54482_x04096_y03072.tif,0.0,0
54482,0,3584,54482_x00000_y03584.png,54482_x00000_y03584.png,54482_x00000_y03584.tif,0.0,0
54482,512,3584,54482_x00512_y03584.png,54482_x00512_y03584.png,54482_x00512_y03584.tif,0.0,0
54482,1024,3584,54482_x01024_y03584.png,54482_x01024_y03584.png,54482_x01024_y03584.tif,0.0,0
54482,1536,3584,54482_x01536_y03584.png,54482_x01536_y03584.png,54482_x01536_y03584.tif,0.0,0
54482,2048,3584,54482_x02048_y03584.png,54482_x02048_y03584.png,54482_x02048_y03584.tif,0.0,0
54482,2560,3584,54482_x02560_y03584.png,54482_x02560_y03584.png,54482_x02560_y03584.tif,0.0,0
54482,3072,3584,54482_x03072_y03584.png,54482_x03072_y03584.png,54482_x03072_y03584.tif,0.0,0
54482,3584,3584,54482_x03584_y03584.png,54482_x03584_y03584.png,54482_x03584_y03584.tif,0.0,0
54482,4096,3584,54482_x04096_y03584.png,54482_x04096_y03584.png,54482_x04096_y03584.tif,0.0,0
54482,0,4096,54482_x00000_y04096.png,54482_x00000_y04096.png,54482_x00000_y04096.tif,0.0,0
54482,512,4096,54482_x00512_y04096.png,54482_x00512_y04096.png,54482_x00512_y04096.tif,0.0,0
54482,1024,4096,54482_x01024_y04096.png,54482_x01024_y04096.png,54482_x01024_y04096.tif,0.0,0
54482,1536,4096,54482_x01536_y04096.png,54482_x01536_y04096.png,54482_x01536_y04096.tif,0.0,0
54482,2048,4096,54482_x02048_y04096.png,54482_x02048_y04096.png,54482_x02048_y04096.tif,0.0,0
54482,2560,4096,54482_x02560_y04096.png,54482_x02560_y04096.png,54482_x02560_y04096.tif,0.0,0
54482,3072,4096,54482_x03072_y04096.png,54482_x03072_y04096.png,54482_x03072_y04096.tif,0.0,0
54482,3584,4096,54482_x03584_y04096.png,54482_x03584_y04096.png,54482_x03584_y04096.tif,0.0,0
54482,4096,4096,54482_x04096_y04096.png,54482_x04096_y04096.png,54482_x04096_y04096.tif,0.0,0
54553,0,0,54553_x00000_y00000.png,54553_x00000_y00000.png,54553_x00000_y00000.tif,0.0,0
54553,512,0,54553_x00512_y00000.png,54553_x00512_y00000.png,54553_x00512_y00000.tif,0.0,0
54553,1024,0,54553_x01024_y00000.png,54553_x01024_y00000.png,54553_x01024_y00000.tif,0.0,0
54553,1536,0,54553_x01536_y00000.png,54553_x01536_y00000.png,54553_x01536_y00000.tif,0.0,0
54553,2048,0,54553_x02048_y00000.png,54553_x02048_y00000.png,54553_x02048_y00000.tif,0.0,0
54553,2560,0,54553_x02560_y00000.png,54553_x02560_y00000.png,54553_x02560_y00000.tif,0.0,0
54553,3072,0,54553_x03072_y00000.png,54553_x03072_y00000.png,54553_x03072_y00000.tif,0.0,0
54553,3584,0,54553_x03584_y00000.png,54553_x03584_y00000.png,54553_x03584_y00000.tif,0.0,0
54553,4096,0,54553_x04096_y00000.png,54553_x04096_y00000.png,54553_x04096_y00000.tif,0.0,0
54553,0,512,54553_x00000_y00512.png,54553_x00000_y00512.png,54553_x00000_y00512.tif,0.0,0
54553,512,512,54553_x00512_y00512.png,54553_x00512_y00512.png,54553_x00512_y00512.tif,0.0,0
54553,1024,512,54553_x01024_y00512.png,54553_x01024_y00512.png,54553_x01024_y00512.tif,0.0,0
54553,1536,512,54553_x01536_y00512.png,54553_x01536_y00512.png,54553_x01536_y00512.tif,0.0,0
54553,2048,512,54553_x02048_y00512.png,54553_x02048_y00512.png,54553_x02048_y00512.tif,0.0,0
54553,2560,512,54553_x02560_y00512.png,54553_x02560_y00512.png,54553_x02560_y00512.tif,0.0,0
54553,3072,512,54553_x03072_y00512.png,54553_x03072_y00512.png,54553_x03072_y00512.tif,0.0,0
54553,3584,512,54553_x03584_y00512.png,54553_x03584_y00512.png,54553_x03584_y00512.tif,0.0,0
54553,4096,512,54553_x04096_y00512.png,54553_x04096_y00512.png,54553_x04096_y00512.tif,0.0,0
54553,0,1024,54553_x00000_y01024.png,54553_x00000_y01024.png,54553_x00000_y01024.tif,0.0,0
54553,512,1024,54553_x00512_y01024.png,54553_x00512_y01024.png,54553_x00512_y01024.tif,0.0,0
54553,1024,1024,54553_x01024_y01024.png,54553_x01024_y01024.png,54553_x01024_y01024.tif,0.0,0
54553,1536,1024,54553_x01536_y01024.png,54553_x01536_y01024.png,54553_x01536_y01024.tif,0.0,0
54553,2048,1024,54553_x02048_y01024.png,54553_x02048_y01024.png,54553_x02048_y01024.tif,0.0,0
54553,2560,1024,54553_x02560_y01024.png,54553_x02560_y01024.png,54553_x02560_y01024.tif,0.0,0
54553,3072,1024,54553_x03072_y01024.png,54553_x03072_y01024.png,54553_x03072_y01024.tif,0.0,0
54553,3584,1024,54553_x03584_y01024.png,54553_x03584_y01024.png,54553_x03584_y01024.tif,0.0,0
54553,4096,1024,54553_x04096_y01024.png,54553_x04096_y01024.png,54553_x04096_y01024.tif,0.0,0
54553,0,1536,54553_x00000_y01536.png,54553_x00000_y01536.png,54553_x00000_y01536.tif,0.0,0
54553,512,1536,54553_x00512_y01536.png,54553_x00512_y01536.png,54553_x00512_y01536.tif,0.0,0
54553,1024,1536,54553_x01024_y01536.png,54553_x01024_y01536.png,54553_x01024_y01536.tif,0.0,0
54553,1536,1536,54553_x01536_y01536.png,54553_x01536_y01536.png,54553_x01536_y01536.tif,0.0,0
54553,2048,1536,54553_x02048_y01536.png,54553_x02048_y01536.png,54553_x02048_y01536.tif,0.0,0
54553,2560,1536,54553_x02560_y01536.png,54553_x02560_y01536.png,54553_x02560_y01536.tif,0.0,0
54553,3072,1536,54553_x03072_y01536.png,54553_x03072_y01536.png,54553_x03072_y01536.tif,0.0,0
54553,3584,1536,54553_x03584_y01536.png,54553_x03584_y01536.png,54553_x03584_y01536.tif,0.0,0
54553,4096,1536,54553_x04096_y01536.png,54553_x04096_y01536.png,54553_x04096_y01536.tif,0.0,0
54553,0,2048,54553_x00000_y02048.png,54553_x00000_y02048.png,54553_x00000_y02048.tif,0.0,0
54553,512,2048,54553_x00512_y02048.png,54553_x00512_y02048.png,54553_x00512_y02048.tif,0.0,0
54553,1024,2048,54553_x01024_y02048.png,54553_x01024_y02048.png,54553_x01024_y02048.tif,0.0,0
54553,1536,2048,54553_x01536_y02048.png,54553_x01536_y02048.png,54553_x01536_y02048.tif,0.0,0
54553,2048,2048,54553_x02048_y02048.png,54553_x02048_y02048.png,54553_x02048_y02048.tif,0.0,0
54553,2560,2048,54553_x02560_y02048.png,54553_x02560_y02048.png,54553_x02560_y02048.tif,0.0,0
54553,3072,2048,54553_x03072_y02048.png,54553_x03072_y02048.png,54553_x03072_y02048.tif,0.0,0
54553,3584,2048,54553_x03584_y02048.png,54553_x03584_y02048.png,54553_x03584_y02048.tif,0.0,0
54553,4096,2048,54553_x04096_y02048.png,54553_x04096_y02048.png,54553_x04096_y02048.tif,0.0,0
54553,0,2560,54553_x00000_y02560.png,54553_x00000_y02560.png,54553_x00000_y02560.tif,0.0,0
54553,512,2560,54553_x00512_y02560.png,54553_x00512_y02560.png,54553_x00512_y02560.tif,0.0,0
54553,1024,2560,54553_x01024_y02560.png,54553_x01024_y02560.png,54553_x01024_y02560.tif,0.0,0
54553,1536,2560,54553_x01536_y02560.png,54553_x01536_y02560.png,54553_x01536_y02560.tif,0.0,0
54553,2048,2560,54553_x02048_y02560.png,54553_x02048_y02560.png,54553_x02048_y02560.tif,0.0,0
54553,2560,2560,54553_x02560_y02560.png,54553_x02560_y02560.png,54553_x02560_y02560.tif,0.0,0
54553,3072,2560,54553_x03072_y02560.png,54553_x03072_y02560.png,54553_x03072_y02560.tif,0.0,0
54553,3584,2560,54553_x03584_y02560.png,54553_x03584_y02560.png,54553_x03584_y02560.tif,0.0,0
54553,4096,2560,54553_x04096_y02560.png,54553_x04096_y02560.png,54553_x04096_y02560.tif,0.0,0
54553,0,3072,54553_x00000_y03072.png,54553_x00000_y03072.png,54553_x00000_y03072.tif,0.0,0
54553,512,3072,54553_x00512_y03072.png,54553_x00512_y03072.png,54553_x00512_y03072.tif,0.0,0
54553,1024,3072,54553_x01024_y03072.png,54553_x01024_y03072.png,54553_x01024_y03072.tif,0.0,0
54553,1536,3072,54553_x01536_y03072.png,54553_x01536_y03072.png,54553_x01536_y03072.tif,0.0,0
54553,2048,3072,54553_x02048_y03072.png,54553_x02048_y03072.png,54553_x02048_y03072.tif,0.0,0
54553,2560,3072,54553_x02560_y03072.png,54553_x02560_y03072.png,54553_x02560_y03072.tif,0.0,0
54553,3072,3072,54553_x03072_y03072.png,54553_x03072_y03072.png,54553_x03072_y03072.tif,0.0,0
54553,3584,3072,54553_x03584_y03072.png,54553_x03584_y03072.png,54553_x03584_y03072.tif,0.0,0
54553,4096,3072,54553_x04096_y03072.png,54553_x04096_y03072.png,54553_x04096_y03072.tif,0.0,0
54553,0,3584,54553_x00000_y03584.png,54553_x00000_y03584.png,54553_x00000_y03584.tif,0.0,0
54553,512,3584,54553_x00512_y03584.png,54553_x00512_y03584.png,54553_x00512_y03584.tif,0.0,0
54553,1024,3584,54553_x01024_y03584.png,54553_x01024_y03584.png,54553_x01024_y03584.tif,0.0,0
54553,1536,3584,54553_x01536_y03584.png,54553_x01536_y03584.png,54553_x01536_y03584.tif,0.0,0
54553,2048,3584,54553_x02048_y03584.png,54553_x02048_y03584.png,54553_x02048_y03584.tif,0.0,0
54553,2560,3584,54553_x02560_y03584.png,54553_x02560_y03584.png,54553_x02560_y03584.tif,0.0,0
54553,3072,3584,54553_x03072_y03584.png,54553_x03072_y03584.png,54553_x03072_y03584.tif,0.0,0
54553,3584,3584,54553_x03584_y03584.png,54553_x03584_y03584.png,54553_x03584_y03584.tif,0.0,0
54553,4096,3584,54553_x04096_y03584.png,54553_x04096_y03584.png,54553_x04096_y03584.tif,0.0,0
54553,0,4096,54553_x00000_y04096.png,54553_x00000_y04096.png,54553_x00000_y04096.tif,0.0,0
54553,512,4096,54553_x00512_y04096.png,54553_x00512_y04096.png,54553_x00512_y04096.tif,0.0,0
54553,1024,4096,54553_x01024_y04096.png,54553_x01024_y04096.png,54553_x01024_y04096.tif,0.0,0
54553,1536,4096,54553_x01536_y04096.png,54553_x01536_y04096.png,54553_x01536_y04096.tif,0.0,0
54553,2048,4096,54553_x02048_y04096.png,54553_x02048_y04096.png,54553_x02048_y04096.tif,0.0,0
54553,2560,4096,54553_x02560_y04096.png,54553_x02560_y04096.png,54553_x02560_y04096.tif,0.0,0
54553,3072,4096,54553_x03072_y04096.png,54553_x03072_y04096.png,54553_x03072_y04096.tif,0.0,0
54553,3584,4096,54553_x03584_y04096.png,54553_x03584_y04096.png,54553_x03584_y04096.tif,0.0,0
54553,4096,4096,54553_x04096_y04096.png,54553_x04096_y04096.png,54553_x04096_y04096.tif,0.0,0
52744,0,0,52744_x00000_y00000.png,52744_x00000_y00000.png,52744_x00000_y00000.tif,0.0,0
52744,512,0,52744_x00512_y00000.png,52744_x00512_y00000.png,52744_x00512_y00000.tif,0.0,0
52744,1024,0,52744_x01024_y00000.png,52744_x01024_y00000.png,52744_x01024_y00000.tif,0.0,0
52744,1536,0,52744_x01536_y00000.png,52744_x01536_y00000.png,52744_x01536_y00000.tif,0.0,0
52744,2048,0,52744_x02048_y00000.png,52744_x02048_y00000.png,52744_x02048_y00000.tif,0.0,0
52744,2560,0,52744_x02560_y00000.png,52744_x02560_y00000.png,52744_x02560_y00000.tif,0.0,0
52744,3072,0,52744_x03072_y00000.png,52744_x03072_y00000.png,52744_x03072_y00000.tif,0.0,0
52744,3584,0,52744_x03584_y00000.png,52744_x03584_y00000.png,52744_x03584_y00000.tif,0.0,0
52744,4096,0,52744_x04096_y00000.png,52744_x04096_y00000.png,52744_x04096_y00000.tif,0.0,0
52744,0,512,52744_x00000_y00512.png,52744_x00000_y00512.png,52744_x00000_y00512.tif,0.0,0
52744,512,512,52744_x00512_y00512.png,52744_x00512_y00512.png,52744_x00512_y00512.tif,0.0,0
52744,1024,512,52744_x01024_y00512.png,52744_x01024_y00512.png,52744_x01024_y00512.tif,0.0,0
52744,1536,512,52744_x01536_y00512.png,52744_x01536_y00512.png,52744_x01536_y00512.tif,0.0,0
52744,2048,512,52744_x02048_y00512.png,52744_x02048_y00512.png,52744_x02048_y00512.tif,0.0,0
52744,2560,512,52744_x02560_y00512.png,52744_x02560_y00512.png,52744_x02560_y00512.tif,0.0,0
52744,3072,512,52744_x03072_y00512.png,52744_x03072_y00512.png,52744_x03072_y00512.tif,0.0,0
52744,3584,512,52744_x03584_y00512.png,52744_x03584_y00512.png,52744_x03584_y00512.tif,0.0,0
52744,4096,512,52744_x04096_y00512.png,52744_x04096_y00512.png,52744_x04096_y00512.tif,0.0,0
52744,0,1024,52744_x00000_y01024.png,52744_x00000_y01024.png,52744_x00000_y01024.tif,0.0,0
52744,512,1024,52744_x00512_y01024.png,52744_x00512_y01024.png,52744_x00512_y01024.tif,0.0,0
52744,1024,1024,52744_x01024_y01024.png,52744_x01024_y01024.png,52744_x01024_y01024.tif,0.0,0
52744,1536,1024,52744_x01536_y01024.png,52744_x01536_y01024.png,52744_x01536_y01024.tif,0.0,0
52744,2048,1024,52744_x02048_y01024.png,52744_x02048_y01024.png,52744_x02048_y01024.tif,0.0,0
52744,2560,1024,52744_x02560_y01024.png,52744_x02560_y01024.png,52744_x02560_y01024.tif,0.0,0
52744,3072,1024,52744_x03072_y01024.png,52744_x03072_y01024.png,52744_x03072_y01024.tif,0.0,0
52744,3584,1024,52744_x03584_y01024.png,52744_x03584_y01024.png,52744_x03584_y01024.tif,0.0,0
52744,4096,1024,52744_x04096_y01024.png,52744_x04096_y01024.png,52744_x04096_y01024.tif,0.0,0
52744,0,1536,52744_x00000_y01536.png,52744_x00000_y01536.png,52744_x00000_y01536.tif,0.0,0
52744,512,1536,52744_x00512_y01536.png,52744_x00512_y01536.png,52744_x00512_y01536.tif,0.0,0
52744,1024,1536,52744_x01024_y01536.png,52744_x01024_y01536.png,52744_x01024_y01536.tif,0.0,0
52744,1536,1536,52744_x01536_y01536.png,52744_x01536_y01536.png,52744_x01536_y01536.tif,0.0,0
52744,2048,1536,52744_x02048_y01536.png,52744_x02048_y01536.png,52744_x02048_y01536.tif,0.0,0
52744,2560,1536,52744_x02560_y01536.png,52744_x02560_y01536.png,52744_x02560_y01536.tif,0.0,0
52744,3072,1536,52744_x03072_y01536.png,52744_x03072_y01536.png,52744_x03072_y01536.tif,0.0,0
52744,3584,1536,52744_x03584_y01536.png,52744_x03584_y01536.png,52744_x03584_y01536.tif,0.0,0
52744,4096,1536,52744_x04096_y01536.png,52744_x04096_y01536.png,52744_x04096_y01536.tif,0.0,0
52744,0,2048,52744_x00000_y02048.png,52744_x00000_y02048.png,52744_x00000_y02048.tif,0.0,0
52744,512,2048,52744_x00512_y02048.png,52744_x00512_y02048.png,52744_x00512_y02048.tif,0.0,0
52744,1024,2048,52744_x01024_y02048.png,52744_x01024_y02048.png,52744_x01024_y02048.tif,0.0,0
52744,1536,2048,52744_x01536_y02048.png,52744_x01536_y02048.png,52744_x01536_y02048.tif,0.0,0
52744,2048,2048,52744_x02048_y02048.png,52744_x02048_y02048.png,52744_x02048_y02048.tif,0.0,0
52744,2560,2048,52744_x02560_y02048.png,52744_x02560_y02048.png,52744_x02560_y02048.tif,0.0,0
52744,3072,2048,52744_x03072_y02048.png,52744_x03072_y02048.png,52744_x03072_y02048.tif,0.0,0
52744,3584,2048,52744_x03584_y02048.png,52744_x03584_y02048.png,52744_x03584_y02048.tif,0.0,0
52744,4096,2048,52744_x04096_y02048.png,52744_x04096_y02048.png,52744_x04096_y02048.tif,0.0,0
52744,0,2560,52744_x00000_y02560.png,52744_x00000_y02560.png,52744_x00000_y02560.tif,0.0,0
52744,512,2560,52744_x00512_y02560.png,52744_x00512_y02560.png,52744_x00512_y02560.tif,0.0,0
52744,1024,2560,52744_x01024_y02560.png,52744_x01024_y02560.png,52744_x01024_y02560.tif,0.0,0
52744,1536,2560,52744_x01536_y02560.png,52744_x01536_y02560.png,52744_x01536_y02560.tif,0.0,0
52744,2048,2560,52744_x02048_y02560.png,52744_x02048_y02560.png,52744_x02048_y02560.tif,0.0,0
52744,2560,2560,52744_x02560_y02560.png,52744_x02560_y02560.png,52744_x02560_y02560.tif,0.0,0
52744,3072,2560,52744_x03072_y02560.png,52744_x03072_y02560.png,52744_x03072_y02560.tif,0.0,0
52744,3584,2560,52744_x03584_y02560.png,52744_x03584_y02560.png,52744_x03584_y02560.tif,0.0,0
52744,4096,2560,52744_x04096_y02560.png,52744_x04096_y02560.png,52744_x04096_y02560.tif,0.0,0
52744,0,3072,52744_x00000_y03072.png,52744_x00000_y03072.png,52744_x00000_y03072.tif,0.0,0
52744,512,3072,52744_x00512_y03072.png,52744_x00512_y03072.png,52744_x00512_y03072.tif,0.0,0
52744,1024,3072,52744_x01024_y03072.png,52744_x01024_y03072.png,52744_x01024_y03072.tif,0.0,0
52744,1536,3072,52744_x01536_y03072.png,52744_x01536_y03072.png,52744_x01536_y03072.tif,0.0,0
52744,2048,3072,52744_x02048_y03072.png,52744_x02048_y03072.png,52744_x02048_y03072.tif,0.0,0
52744,2560,3072,52744_x02560_y03072.png,52744_x02560_y03072.png,52744_x02560_y03072.tif,0.0,0
52744,3072,3072,52744_x03072_y03072.png,52744_x03072_y03072.png,52744_x03072_y03072.tif,0.0,0
52744,3584,3072,52744_x03584_y03072.png,52744_x03584_y03072.png,52744_x03584_y03072.tif,0.0,0
52744,4096,3072,52744_x04096_y03072.png,52744_x04096_y03072.png,52744_x04096_y03072.tif,0.0,0
52744,0,3584,52744_x00000_y03584.png,52744_x00000_y03584.png,52744_x00000_y03584.tif,0.0,0
52744,512,3584,52744_x00512_y03584.png,52744_x00512_y03584.png,52744_x00512_y03584.tif,0.0,0
52744,1024,3584,52744_x01024_y03584.png,52744_x01024_y03584.png,52744_x01024_y03584.tif,0.0,0
52744,1536,3584,52744_x01536_y03584.png,52744_x01536_y03584.png,52744_x01536_y03584.tif,0.0,0
52744,2048,3584,52744_x02048_y03584.png,52744_x02048_y03584.png,52744_x02048_y03584.tif,0.0,0
52744,2560,3584,52744_x02560_y03584.png,52744_x02560_y03584.png,52744_x02560_y03584.tif,0.0,0
52744,3072,3584,52744_x03072_y03584.png,52744_x03072_y03584.png,52744_x03072_y03584.tif,0.0,0
52744,3584,3584,52744_x03584_y03584.png,52744_x03584_y03584.png,52744_x03584_y03584.tif,0.0,0
52744,4096,3584,52744_x04096_y03584.png,52744_x04096_y03584.png,52744_x04096_y03584.tif,0.0,0
52744,0,4096,52744_x00000_y04096.png,52744_x00000_y04096.png,52744_x00000_y04096.tif,0.0,0
52744,512,4096,52744_x00512_y04096.png,52744_x00512_y04096.png,52744_x00512_y04096.tif,0.0,0
52744,1024,4096,52744_x01024_y04096.png,52744_x01024_y04096.png,52744_x01024_y04096.tif,0.0,0
52744,1536,4096,52744_x01536_y04096.png,52744_x01536_y04096.png,52744_x01536_y04096.tif,0.0,0
52744,2048,4096,52744_x02048_y04096.png,52744_x02048_y04096.png,52744_x02048_y04096.tif,0.0,0
52744,2560,4096,52744_x02560_y04096.png,52744_x02560_y04096.png,52744_x02560_y04096.tif,0.0,0
52744,3072,4096,52744_x03072_y04096.png,52744_x03072_y04096.png,52744_x03072_y04096.tif,0.0,0
52744,3584,4096,52744_x03584_y04096.png,52744_x03584_y04096.png,52744_x03584_y04096.tif,0.0,0
52744,4096,4096,52744_x04096_y04096.png,52744_x04096_y04096.png,52744_x04096_y04096.tif,0.0,0
64101,0,0,64101_x00000_y00000.png,64101_x00000_y00000.png,64101_x00000_y00000.tif,0.0,0
64101,512,0,64101_x00512_y00000.png,64101_x00512_y00000.png,64101_x00512_y00000.tif,0.0,0
64101,1024,0,64101_x01024_y00000.png,64101_x01024_y00000.png,64101_x01024_y00000.tif,0.0,0
64101,1536,0,64101_x01536_y00000.png,64101_x01536_y00000.png,64101_x01536_y00000.tif,0.0,0
64101,2048,0,64101_x02048_y00000.png,64101_x02048_y00000.png,64101_x02048_y00000.tif,0.0,0
64101,2560,0,64101_x02560_y00000.png,64101_x02560_y00000.png,64101_x02560_y00000.tif,0.0,0
64101,3072,0,64101_x03072_y00000.png,64101_x03072_y00000.png,64101_x03072_y00000.tif,0.0,0
64101,3584,0,64101_x03584_y00000.png,64101_x03584_y00000.png,64101_x03584_y00000.tif,0.0,0
64101,4096,0,64101_x04096_y00000.png,64101_x04096_y00000.png,64101_x04096_y00000.tif,0.0,0
64101,0,512,64101_x00000_y00512.png,64101_x00000_y00512.png,64101_x00000_y00512.tif,0.0,0
64101,512,512,64101_x00512_y00512.png,64101_x00512_y00512.png,64101_x00512_y00512.tif,0.0,0
64101,1024,512,64101_x01024_y00512.png,64101_x01024_y00512.png,64101_x01024_y00512.tif,0.0,0
64101,1536,512,64101_x01536_y00512.png,64101_x01536_y00512.png,64101_x01536_y00512.tif,0.0,0
64101,2048,512,64101_x02048_y00512.png,64101_x02048_y00512.png,64101_x02048_y00512.tif,0.0,0
64101,2560,512,64101_x02560_y00512.png,64101_x02560_y00512.png,64101_x02560_y00512.tif,0.0,0
64101,3072,512,64101_x03072_y00512.png,64101_x03072_y00512.png,64101_x03072_y00512.tif,0.0,0
64101,3584,512,64101_x03584_y00512.png,64101_x03584_y00512.png,64101_x03584_y00512.tif,0.0,0
64101,4096,512,64101_x04096_y00512.png,64101_x04096_y00512.png,64101_x04096_y00512.tif,0.0,0
64101,0,1024,64101_x00000_y01024.png,64101_x00000_y01024.png,64101_x00000_y01024.tif,0.0,0
64101,512,1024,64101_x00512_y01024.png,64101_x00512_y01024.png,64101_x00512_y01024.tif,0.0,0
64101,1024,1024,64101_x01024_y01024.png,64101_x01024_y01024.png,64101_x01024_y01024.tif,0.0,0
64101,1536,1024,64101_x01536_y01024.png,64101_x01536_y01024.png,64101_x01536_y01024.tif,0.0,0
64101,2048,1024,64101_x02048_y01024.png,64101_x02048_y01024.png,64101_x02048_y01024.tif,0.0,0
64101,2560,1024,64101_x02560_y01024.png,64101_x02560_y01024.png,64101_x02560_y01024.tif,0.0,0
64101,3072,1024,64101_x03072_y01024.png,64101_x03072_y01024.png,64101_x03072_y01024.tif,0.0,0
64101,3584,1024,64101_x03584_y01024.png,64101_x03584_y01024.png,64101_x03584_y01024.tif,0.0,0
64101,4096,1024,64101_x04096_y01024.png,64101_x04096_y01024.png,64101_x04096_y01024.tif,0.0,0
64101,0,1536,64101_x00000_y01536.png,64101_x00000_y01536.png,64101_x00000_y01536.tif,0.0,0
64101,512,1536,64101_x00512_y01536.png,64101_x00512_y01536.png,64101_x00512_y01536.tif,0.0,0
64101,1024,1536,64101_x01024_y01536.png,64101_x01024_y01536.png,64101_x01024_y01536.tif,0.0,0
64101,1536,1536,64101_x01536_y01536.png,64101_x01536_y01536.png,64101_x01536_y01536.tif,0.0,0
64101,2048,1536,64101_x02048_y01536.png,64101_x02048_y01536.png,64101_x02048_y01536.tif,0.0,0
64101,2560,1536,64101_x02560_y01536.png,64101_x02560_y01536.png,64101_x02560_y01536.tif,0.0,0
64101,3072,1536,64101_x03072_y01536.png,64101_x03072_y01536.png,64101_x03072_y01536.tif,0.0,0
64101,3584,1536,64101_x03584_y01536.png,64101_x03584_y01536.png,64101_x03584_y01536.tif,0.0,0
64101,4096,1536,64101_x04096_y01536.png,64101_x04096_y01536.png,64101_x04096_y01536.tif,0.0,0
64101,0,2048,64101_x00000_y02048.png,64101_x00000_y02048.png,64101_x00000_y02048.tif,0.0,0
64101,512,2048,64101_x00512_y02048.png,64101_x00512_y02048.png,64101_x00512_y02048.tif,0.0,0
64101,1024,2048,64101_x01024_y02048.png,64101_x01024_y02048.png,64101_x01024_y02048.tif,0.0,0
64101,1536,2048,64101_x01536_y02048.png,64101_x01536_y02048.png,64101_x01536_y02048.tif,0.0,0
64101,2048,2048,64101_x02048_y02048.png,64101_x02048_y02048.png,64101_x02048_y02048.tif,0.0,0
64101,2560,2048,64101_x02560_y02048.png,64101_x02560_y02048.png,64101_x02560_y02048.tif,0.0,0
64101,3072,2048,64101_x03072_y02048.png,64101_x03072_y02048.png,64101_x03072_y02048.tif,0.0,0
64101,3584,2048,64101_x03584_y02048.png,64101_x03584_y02048.png,64101_x03584_y02048.tif,0.0,0
64101,4096,2048,64101_x04096_y02048.png,64101_x04096_y02048.png,64101_x04096_y02048.tif,0.0,0
64101,0,2560,64101_x00000_y02560.png,64101_x00000_y02560.png,64101_x00000_y02560.tif,0.0,0
64101,512,2560,64101_x00512_y02560.png,64101_x00512_y02560.png,64101_x00512_y02560.tif,0.0,0
64101,1024,2560,64101_x01024_y02560.png,64101_x01024_y02560.png,64101_x01024_y02560.tif,0.0,0
64101,1536,2560,64101_x01536_y02560.png,64101_x01536_y02560.png,64101_x01536_y02560.tif,0.0,0
64101,2048,2560,64101_x02048_y02560.png,64101_x02048_y02560.png,64101_x02048_y02560.tif,0.0,0
64101,2560,2560,64101_x02560_y02560.png,64101_x02560_y02560.png,64101_x02560_y02560.tif,0.0,0
64101,3072,2560,64101_x03072_y02560.png,64101_x03072_y02560.png,64101_x03072_y02560.tif,0.0,0
64101,3584,2560,64101_x03584_y02560.png,64101_x03584_y02560.png,64101_x03584_y02560.tif,0.0,0
64101,4096,2560,64101_x04096_y02560.png,64101_x04096_y02560.png,64101_x04096_y02560.tif,0.0,0
64101,0,3072,64101_x00000_y03072.png,64101_x00000_y03072.png,64101_x00000_y03072.tif,0.0,0
64101,512,3072,64101_x00512_y03072.png,64101_x00512_y03072.png,64101_x00512_y03072.tif,0.0,0
64101,1024,3072,64101_x01024_y03072.png,64101_x01024_y03072.png,64101_x01024_y03072.tif,0.0,0
64101,1536,3072,64101_x01536_y03072.png,64101_x01536_y03072.png,64101_x01536_y03072.tif,0.0,0
64101,2048,3072,64101_x02048_y03072.png,64101_x02048_y03072.png,64101_x02048_y03072.tif,0.0,0
64101,2560,3072,64101_x02560_y03072.png,64101_x02560_y03072.png,64101_x02560_y03072.tif,0.0,0
64101,3072,3072,64101_x03072_y03072.png,64101_x03072_y03072.png,64101_x03072_y03072.tif,0.0,0
64101,3584,3072,64101_x03584_y03072.png,64101_x03584_y03072.png,64101_x03584_y03072.tif,0.0,0
64101,4096,3072,64101_x04096_y03072.png,64101_x04096_y03072.png,64101_x04096_y03072.tif,0.0,0
64101,0,3584,64101_x00000_y03584.png,64101_x00000_y03584.png,64101_x00000_y03584.tif,0.0,0
64101,512,3584,64101_x00512_y03584.png,64101_x00512_y03584.png,64101_x00512_y03584.tif,0.0,0
64101,1024,3584,64101_x01024_y03584.png,64101_x01024_y03584.png,64101_x01024_y03584.tif,0.0,0
64101,1536,3584,64101_x01536_y03584.png,64101_x01536_y03584.png,64101_x01536_y03584.tif,0.0,0
64101,2048,3584,64101_x02048_y03584.png,64101_x02048_y03584.png,64101_x02048_y03584.tif,0.0,0
64101,2560,3584,64101_x02560_y03584.png,64101_x02560_y03584.png,64101_x02560_y03584.tif,0.0,0
64101,3072,3584,64101_x03072_y03584.png,64101_x03072_y03584.png,64101_x03072_y03584.tif,0.0,0
64101,3584,3584,64101_x03584_y03584.png,64101_x03584_y03584.png,64101_x03584_y03584.tif,0.0,0
64101,4096,3584,64101_x04096_y03584.png,64101_x04096_y03584.png,64101_x04096_y03584.tif,0.0,0
64101,0,4096,64101_x00000_y04096.png,64101_x00000_y04096.png,64101_x00000_y04096.tif,0.0,0
64101,512,4096,64101_x00512_y04096.png,64101_x00512_y04096.png,64101_x00512_y04096.tif,0.0,0
64101,1024,4096,64101_x01024_y04096.png,64101_x01024_y04096.png,64101_x01024_y04096.tif,0.0,0
64101,1536,4096,64101_x01536_y04096.png,64101_x01536_y04096.png,64101_x01536_y04096.tif,0.0,0
64101,2048,4096,64101_x02048_y04096.png,64101_x02048_y04096.png,64101_x02048_y04096.tif,0.0,0
64101,2560,4096,64101_x02560_y04096.png,64101_x02560_y04096.png,64101_x02560_y04096.tif,0.0,0
64101,3072,4096,64101_x03072_y04096.png,64101_x03072_y04096.png,64101_x03072_y04096.tif,0.0,0
64101,3584,4096,64101_x03584_y04096.png,64101_x03584_y04096.png,64101_x03584_y04096.tif,0.0,0
64101,4096,4096,64101_x04096_y04096.png,64101_x04096_y04096.png,64101_x04096_y04096.tif,0.0,0
64873,0,0,64873_x00000_y00000.png,64873_x00000_y00000.png,64873_x00000_y00000.tif,0.0,0
64873,512,0,64873_x00512_y00000.png,64873_x00512_y00000.png,64873_x00512_y00000.tif,0.021167755126953125,5549
64873,1024,0,64873_x01024_y00000.png,64873_x01024_y00000.png,64873_x01024_y00000.tif,0.05516815185546875,14462
64873,1536,0,64873_x01536_y00000.png,64873_x01536_y00000.png,64873_x01536_y00000.tif,0.0,0
64873,2048,0,64873_x02048_y00000.png,64873_x02048_y00000.png,64873_x02048_y00000.tif,0.0,0
64873,2560,0,64873_x02560_y00000.png,64873_x02560_y00000.png,64873_x02560_y00000.tif,0.0,0
64873,3072,0,64873_x03072_y00000.png,64873_x03072_y00000.png,64873_x03072_y00000.tif,0.0,0
64873,3584,0,64873_x03584_y00000.png,64873_x03584_y00000.png,64873_x03584_y00000.tif,0.0,0
64873,4096,0,64873_x04096_y00000.png,64873_x04096_y00000.png,64873_x04096_y00000.tif,0.0,0
64873,0,512,64873_x00000_y00512.png,64873_x00000_y00512.png,64873_x00000_y00512.tif,0.0,0
64873,512,512,64873_x00512_y00512.png,64873_x00512_y00512.png,64873_x00512_y00512.tif,0.0,0
64873,1024,512,64873_x01024_y00512.png,64873_x01024_y00512.png,64873_x01024_y00512.tif,0.006855010986328125,1797
64873,1536,512,64873_x01536_y00512.png,64873_x01536_y00512.png,64873_x01536_y00512.tif,0.0,0
64873,2048,512,64873_x02048_y00512.png,64873_x02048_y00512.png,64873_x02048_y00512.tif,0.0,0
64873,2560,512,64873_x02560_y00512.png,64873_x02560_y00512.png,64873_x02560_y00512.tif,0.0,0
64873,3072,512,64873_x03072_y00512.png,64873_x03072_y00512.png,64873_x03072_y00512.tif,0.0,0
64873,3584,512,64873_x03584_y00512.png,64873_x03584_y00512.png,64873_x03584_y00512.tif,0.0,0
64873,4096,512,64873_x04096_y00512.png,64873_x04096_y00512.png,64873_x04096_y00512.tif,0.0,0
64873,0,1024,64873_x00000_y01024.png,64873_x00000_y01024.png,64873_x00000_y01024.tif,0.0,0
64873,512,1024,64873_x00512_y01024.png,64873_x00512_y01024.png,64873_x00512_y01024.tif,0.0,0
64873,1024,1024,64873_x01024_y01024.png,64873_x01024_y01024.png,64873_x01024_y01024.tif,0.0,0
64873,1536,1024,64873_x01536_y01024.png,64873_x01536_y01024.png,64873_x01536_y01024.tif,0.0,0
64873,2048,1024,64873_x02048_y01024.png,64873_x02048_y01024.png,64873_x02048_y01024.tif,0.0,0
64873,2560,1024,64873_x02560_y01024.png,64873_x02560_y01024.png,64873_x02560_y01024.tif,0.0,0
64873,3072,1024,64873_x03072_y01024.png,64873_x03072_y01024.png,64873_x03072_y01024.tif,0.0,0
64873,3584,1024,64873_x03584_y01024.png,64873_x03584_y01024.png,64873_x03584_y01024.tif,0.0,0
64873,4096,1024,64873_x04096_y01024.png,64873_x04096_y01024.png,64873_x04096_y01024.tif,0.0,0
64873,0,1536,64873_x00000_y01536.png,64873_x00000_y01536.png,64873_x00000_y01536.tif,0.0,0
64873,512,1536,64873_x00512_y01536.png,64873_x00512_y01536.png,64873_x00512_y01536.tif,0.0,0
64873,1024,1536,64873_x01024_y01536.png,64873_x01024_y01536.png,64873_x01024_y01536.tif,0.0,0
64873,1536,1536,64873_x01536_y01536.png,64873_x01536_y01536.png,64873_x01536_y01536.tif,0.0,0
64873,2048,1536,64873_x02048_y01536.png,64873_x02048_y01536.png,64873_x02048_y01536.tif,0.0,0
64873,2560,1536,64873_x02560_y01536.png,64873_x02560_y01536.png,64873_x02560_y01536.tif,0.0,0
64873,3072,1536,64873_x03072_y01536.png,64873_x03072_y01536.png,64873_x03072_y01536.tif,0.0,0
64873,3584,1536,64873_x03584_y01536.png,64873_x03584_y01536.png,64873_x03584_y01536.tif,0.0,0
64873,4096,1536,64873_x04096_y01536.png,64873_x04096_y01536.png,64873_x04096_y01536.tif,0.0,0
64873,0,2048,64873_x00000_y02048.png,64873_x00000_y02048.png,64873_x00000_y02048.tif,0.0,0
64873,512,2048,64873_x00512_y02048.png,64873_x00512_y02048.png,64873_x00512_y02048.tif,0.0,0
64873,1024,2048,64873_x01024_y02048.png,64873_x01024_y02048.png,64873_x01024_y02048.tif,0.0,0
64873,1536,2048,64873_x01536_y02048.png,64873_x01536_y02048.png,64873_x01536_y02048.tif,0.0,0
64873,2048,2048,64873_x02048_y02048.png,64873_x02048_y02048.png,64873_x02048_y02048.tif,0.0,0
64873,2560,2048,64873_x02560_y02048.png,64873_x02560_y02048.png,64873_x02560_y02048.tif,0.0,0
64873,3072,2048,64873_x03072_y02048.png,64873_x03072_y02048.png,64873_x03072_y02048.tif,0.0,0
64873,3584,2048,64873_x03584_y02048.png,64873_x03584_y02048.png,64873_x03584_y02048.tif,0.0,0
64873,4096,2048,64873_x04096_y02048.png,64873_x04096_y02048.png,64873_x04096_y02048.tif,0.0,0
64873,0,2560,64873_x00000_y02560.png,64873_x00000_y02560.png,64873_x00000_y02560.tif,0.0,0
64873,512,2560,64873_x00512_y02560.png,64873_x00512_y02560.png,64873_x00512_y02560.tif,0.0,0
64873,1024,2560,64873_x01024_y02560.png,64873_x01024_y02560.png,64873_x01024_y02560.tif,0.0,0
64873,1536,2560,64873_x01536_y02560.png,64873_x01536_y02560.png,64873_x01536_y02560.tif,0.0,0
64873,2048,2560,64873_x02048_y02560.png,64873_x02048_y02560.png,64873_x02048_y02560.tif,0.0,0
64873,2560,2560,64873_x02560_y02560.png,64873_x02560_y02560.png,64873_x02560_y02560.tif,0.0,0
64873,3072,2560,64873_x03072_y02560.png,64873_x03072_y02560.png,64873_x03072_y02560.tif,0.0,0
64873,3584,2560,64873_x03584_y02560.png,64873_x03584_y02560.png,64873_x03584_y02560.tif,0.0,0
64873,4096,2560,64873_x04096_y02560.png,64873_x04096_y02560.png,64873_x04096_y02560.tif,0.0,0
64873,0,3072,64873_x00000_y03072.png,64873_x00000_y03072.png,64873_x00000_y03072.tif,0.0,0
64873,512,3072,64873_x00512_y03072.png,64873_x00512_y03072.png,64873_x00512_y03072.tif,0.0,0
64873,1024,3072,64873_x01024_y03072.png,64873_x01024_y03072.png,64873_x01024_y03072.tif,0.0,0
64873,1536,3072,64873_x01536_y03072.png,64873_x01536_y03072.png,64873_x01536_y03072.tif,0.0,0
64873,2048,3072,64873_x02048_y03072.png,64873_x02048_y03072.png,64873_x02048_y03072.tif,0.0,0
64873,2560,3072,64873_x02560_y03072.png,64873_x02560_y03072.png,64873_x02560_y03072.tif,0.0,0
64873,3072,3072,64873_x03072_y03072.png,64873_x03072_y03072.png,64873_x03072_y03072.tif,0.0,0
64873,3584,3072,64873_x03584_y03072.png,64873_x03584_y03072.png,64873_x03584_y03072.tif,0.0,0
64873,4096,3072,64873_x04096_y03072.png,64873_x04096_y03072.png,64873_x04096_y03072.tif,0.0,0
64873,0,3584,64873_x00000_y03584.png,64873_x00000_y03584.png,64873_x00000_y03584.tif,0.0,0
64873,512,3584,64873_x00512_y03584.png,64873_x00512_y03584.png,64873_x00512_y03584.tif,0.0,0
64873,1024,3584,64873_x01024_y03584.png,64873_x01024_y03584.png,64873_x01024_y03584.tif,0.0,0
64873,1536,3584,64873_x01536_y03584.png,64873_x01536_y03584.png,64873_x01536_y03584.tif,0.0,0
64873,2048,3584,64873_x02048_y03584.png,64873_x02048_y03584.png,64873_x02048_y03584.tif,0.0,0
64873,2560,3584,64873_x02560_y03584.png,64873_x02560_y03584.png,64873_x02560_y03584.tif,0.0,0
64873,3072,3584,64873_x03072_y03584.png,64873_x03072_y03584.png,64873_x03072_y03584.tif,0.0,0
64873,3584,3584,64873_x03584_y03584.png,64873_x03584_y03584.png,64873_x03584_y03584.tif,0.0,0
64873,4096,3584,64873_x04096_y03584.png,64873_x04096_y03584.png,64873_x04096_y03584.tif,0.0,0
64873,0,4096,64873_x00000_y04096.png,64873_x00000_y04096.png,64873_x00000_y04096.tif,0.0,0
64873,512,4096,64873_x00512_y04096.png,64873_x00512_y04096.png,64873_x00512_y04096.tif,0.0,0
64873,1024,4096,64873_x01024_y04096.png,64873_x01024_y04096.png,64873_x01024_y04096.tif,0.0,0
64873,1536,4096,64873_x01536_y04096.png,64873_x01536_y04096.png,64873_x01536_y04096.tif,0.0,0
64873,2048,4096,64873_x02048_y04096.png,64873_x02048_y04096.png,64873_x02048_y04096.tif,0.0,0
64873,2560,4096,64873_x02560_y04096.png,64873_x02560_y04096.png,64873_x02560_y04096.tif,0.0,0
64873,3072,4096,64873_x03072_y04096.png,64873_x03072_y04096.png,64873_x03072_y04096.tif,0.0,0
64873,3584,4096,64873_x03584_y04096.png,64873_x03584_y04096.png,64873_x03584_y04096.tif,0.0,0
64873,4096,4096,64873_x04096_y04096.png,64873_x04096_y04096.png,64873_x04096_y04096.tif,0.0,0
54453,0,0,54453_x00000_y00000.png,54453_x00000_y00000.png,54453_x00000_y00000.tif,0.0,0
54453,512,0,54453_x00512_y00000.png,54453_x00512_y00000.png,54453_x00512_y00000.tif,0.0,0
54453,1024,0,54453_x01024_y00000.png,54453_x01024_y00000.png,54453_x01024_y00000.tif,0.0,0
54453,1536,0,54453_x01536_y00000.png,54453_x01536_y00000.png,54453_x01536_y00000.tif,0.0,0
54453,2048,0,54453_x02048_y00000.png,54453_x02048_y00000.png,54453_x02048_y00000.tif,0.0,0
54453,2560,0,54453_x02560_y00000.png,54453_x02560_y00000.png,54453_x02560_y00000.tif,0.0,0
54453,3072,0,54453_x03072_y00000.png,54453_x03072_y00000.png,54453_x03072_y00000.tif,0.0,0
54453,3584,0,54453_x03584_y00000.png,54453_x03584_y00000.png,54453_x03584_y00000.tif,0.0,0
54453,4096,0,54453_x04096_y00000.png,54453_x04096_y00000.png,54453_x04096_y00000.tif,0.0,0
54453,0,512,54453_x00000_y00512.png,54453_x00000_y00512.png,54453_x00000_y00512.tif,0.0,0
54453,512,512,54453_x00512_y00512.png,54453_x00512_y00512.png,54453_x00512_y00512.tif,0.0,0
54453,1024,512,54453_x01024_y00512.png,54453_x01024_y00512.png,54453_x01024_y00512.tif,0.0,0
54453,1536,512,54453_x01536_y00512.png,54453_x01536_y00512.png,54453_x01536_y00512.tif,0.0,0
54453,2048,512,54453_x02048_y00512.png,54453_x02048_y00512.png,54453_x02048_y00512.tif,0.0,0
54453,2560,512,54453_x02560_y00512.png,54453_x02560_y00512.png,54453_x02560_y00512.tif,0.0,0
54453,3072,512,54453_x03072_y00512.png,54453_x03072_y00512.png,54453_x03072_y00512.tif,0.0,0
54453,3584,512,54453_x03584_y00512.png,54453_x03584_y00512.png,54453_x03584_y00512.tif,0.0,0
54453,4096,512,54453_x04096_y00512.png,54453_x04096_y00512.png,54453_x04096_y00512.tif,0.0,0
54453,0,1024,54453_x00000_y01024.png,54453_x00000_y01024.png,54453_x00000_y01024.tif,0.016437530517578125,4309
54453,512,1024,54453_x00512_y01024.png,54453_x00512_y01024.png,54453_x00512_y01024.tif,0.0,0
54453,1024,1024,54453_x01024_y01024.png,54453_x01024_y01024.png,54453_x01024_y01024.tif,0.0,0
54453,1536,1024,54453_x01536_y01024.png,54453_x01536_y01024.png,54453_x01536_y01024.tif,0.0,0
54453,2048,1024,54453_x02048_y01024.png,54453_x02048_y01024.png,54453_x02048_y01024.tif,0.0,0
54453,2560,1024,54453_x02560_y01024.png,54453_x02560_y01024.png,54453_x02560_y01024.tif,0.0,0
54453,3072,1024,54453_x03072_y01024.png,54453_x03072_y01024.png,54453_x03072_y01024.tif,0.0,0
54453,3584,1024,54453_x03584_y01024.png,54453_x03584_y01024.png,54453_x03584_y01024.tif,0.0,0
54453,4096,1024,54453_x04096_y01024.png,54453_x04096_y01024.png,54453_x04096_y01024.tif,0.0,0
54453,0,1536,54453_x00000_y01536.png,54453_x00000_y01536.png,54453_x00000_y01536.tif,0.0,0
54453,512,1536,54453_x00512_y01536.png,54453_x00512_y01536.png,54453_x00512_y01536.tif,0.0,0
54453,1024,1536,54453_x01024_y01536.png,54453_x01024_y01536.png,54453_x01024_y01536.tif,0.0,0
54453,1536,1536,54453_x01536_y01536.png,54453_x01536_y01536.png,54453_x01536_y01536.tif,0.0,0
54453,2048,1536,54453_x02048_y01536.png,54453_x02048_y01536.png,54453_x02048_y01536.tif,0.0,0
54453,2560,1536,54453_x02560_y01536.png,54453_x02560_y01536.png,54453_x02560_y01536.tif,0.0,0
54453,3072,1536,54453_x03072_y01536.png,54453_x03072_y01536.png,54453_x03072_y01536.tif,0.0,0
54453,3584,1536,54453_x03584_y01536.png,54453_x03584_y01536.png,54453_x03584_y01536.tif,0.0,0
54453,4096,1536,54453_x04096_y01536.png,54453_x04096_y01536.png,54453_x04096_y01536.tif,0.0,0
54453,0,2048,54453_x00000_y02048.png,54453_x00000_y02048.png,54453_x00000_y02048.tif,0.0,0
54453,512,2048,54453_x00512_y02048.png,54453_x00512_y02048.png,54453_x00512_y02048.tif,0.0,0
54453,1024,2048,54453_x01024_y02048.png,54453_x01024_y02048.png,54453_x01024_y02048.tif,0.0,0
54453,1536,2048,54453_x01536_y02048.png,54453_x01536_y02048.png,54453_x01536_y02048.tif,0.0,0
54453,2048,2048,54453_x02048_y02048.png,54453_x02048_y02048.png,54453_x02048_y02048.tif,0.0,0
54453,2560,2048,54453_x02560_y02048.png,54453_x02560_y02048.png,54453_x02560_y02048.tif,0.0,0
54453,3072,2048,54453_x03072_y02048.png,54453_x03072_y02048.png,54453_x03072_y02048.tif,0.0,0
54453,3584,2048,54453_x03584_y02048.png,54453_x03584_y02048.png,54453_x03584_y02048.tif,0.0,0
54453,4096,2048,54453_x04096_y02048.png,54453_x04096_y02048.png,54453_x04096_y02048.tif,0.0,0
54453,0,2560,54453_x00000_y02560.png,54453_x00000_y02560.png,54453_x00000_y02560.tif,0.0,0
54453,512,2560,54453_x00512_y02560.png,54453_x00512_y02560.png,54453_x00512_y02560.tif,0.0,0
54453,1024,2560,54453_x01024_y02560.png,54453_x01024_y02560.png,54453_x01024_y02560.tif,0.0,0
54453,1536,2560,54453_x01536_y02560.png,54453_x01536_y02560.png,54453_x01536_y02560.tif,0.0,0
54453,2048,2560,54453_x02048_y02560.png,54453_x02048_y02560.png,54453_x02048_y02560.tif,0.0,0
54453,2560,2560,54453_x02560_y02560.png,54453_x02560_y02560.png,54453_x02560_y02560.tif,0.0,0
54453,3072,2560,54453_x03072_y02560.png,54453_x03072_y02560.png,54453_x03072_y02560.tif,0.0,0
54453,3584,2560,54453_x03584_y02560.png,54453_x03584_y02560.png,54453_x03584_y02560.tif,0.0,0
54453,4096,2560,54453_x04096_y02560.png,54453_x04096_y02560.png,54453_x04096_y02560.tif,0.0,0
54453,0,3072,54453_x00000_y03072.png,54453_x00000_y03072.png,54453_x00000_y03072.tif,0.0,0
54453,512,3072,54453_x00512_y03072.png,54453_x00512_y03072.png,54453_x00512_y03072.tif,0.0,0
54453,1024,3072,54453_x01024_y03072.png,54453_x01024_y03072.png,54453_x01024_y03072.tif,0.0,0
54453,1536,3072,54453_x01536_y03072.png,54453_x01536_y03072.png,54453_x01536_y03072.tif,0.0,0
54453,2048,3072,54453_x02048_y03072.png,54453_x02048_y03072.png,54453_x02048_y03072.tif,0.0,0
54453,2560,3072,54453_x02560_y03072.png,54453_x02560_y03072.png,54453_x02560_y03072.tif,0.0,0
54453,3072,3072,54453_x03072_y03072.png,54453_x03072_y03072.png,54453_x03072_y03072.tif,0.0,0
54453,3584,3072,54453_x03584_y03072.png,54453_x03584_y03072.png,54453_x03584_y03072.tif,0.0,0
54453,4096,3072,54453_x04096_y03072.png,54453_x04096_y03072.png,54453_x04096_y03072.tif,0.0,0
54453,0,3584,54453_x00000_y03584.png,54453_x00000_y03584.png,54453_x00000_y03584.tif,0.0,0
54453,512,3584,54453_x00512_y03584.png,54453_x00512_y03584.png,54453_x00512_y03584.tif,0.0,0
54453,1024,3584,54453_x01024_y03584.png,54453_x01024_y03584.png,54453_x01024_y03584.tif,0.0,0
54453,1536,3584,54453_x01536_y03584.png,54453_x01536_y03584.png,54453_x01536_y03584.tif,0.0,0
54453,2048,3584,54453_x02048_y03584.png,54453_x02048_y03584.png,54453_x02048_y03584.tif,0.0,0
54453,2560,3584,54453_x02560_y03584.png,54453_x02560_y03584.png,54453_x02560_y03584.tif,0.0,0
54453,3072,3584,54453_x03072_y03584.png,54453_x03072_y03584.png,54453_x03072_y03584.tif,0.0,0
54453,3584,3584,54453_x03584_y03584.png,54453_x03584_y03584.png,54453_x03584_y03584.tif,0.0,0
54453,4096,3584,54453_x04096_y03584.png,54453_x04096_y03584.png,54453_x04096_y03584.tif,0.0,0
54453,0,4096,54453_x00000_y04096.png,54453_x00000_y04096.png,54453_x00000_y04096.tif,0.0,0
54453,512,4096,54453_x00512_y04096.png,54453_x00512_y04096.png,54453_x00512_y04096.tif,0.0,0
54453,1024,4096,54453_x01024_y04096.png,54453_x01024_y04096.png,54453_x01024_y04096.tif,0.0,0
54453,1536,4096,54453_x01536_y04096.png,54453_x01536_y04096.png,54453_x01536_y04096.tif,0.0,0
54453,2048,4096,54453_x02048_y04096.png,54453_x02048_y04096.png,54453_x02048_y04096.tif,0.0,0
54453,2560,4096,54453_x02560_y04096.png,54453_x02560_y04096.png,54453_x02560_y04096.tif,0.0,0
54453,3072,4096,54453_x03072_y04096.png,54453_x03072_y04096.png,54453_x03072_y04096.tif,0.0,0
54453,3584,4096,54453_x03584_y04096.png,54453_x03584_y04096.png,54453_x03584_y04096.tif,0.0,0
54453,4096,4096,54453_x04096_y04096.png,54453_x04096_y04096.png,54453_x04096_y04096.tif,0.0,0
63602,0,0,63602_x00000_y00000.png,63602_x00000_y00000.png,63602_x00000_y00000.tif,0.0,0
63602,512,0,63602_x00512_y00000.png,63602_x00512_y00000.png,63602_x00512_y00000.tif,0.0,0
63602,1024,0,63602_x01024_y00000.png,63602_x01024_y00000.png,63602_x01024_y00000.tif,0.0,0
63602,1536,0,63602_x01536_y00000.png,63602_x01536_y00000.png,63602_x01536_y00000.tif,0.0,0
63602,2048,0,63602_x02048_y00000.png,63602_x02048_y00000.png,63602_x02048_y00000.tif,0.0,0
63602,2560,0,63602_x02560_y00000.png,63602_x02560_y00000.png,63602_x02560_y00000.tif,0.0020751953125,544
63602,3072,0,63602_x03072_y00000.png,63602_x03072_y00000.png,63602_x03072_y00000.tif,0.03192138671875,8368
63602,3584,0,63602_x03584_y00000.png,63602_x03584_y00000.png,63602_x03584_y00000.tif,0.0,0
63602,4096,0,63602_x04096_y00000.png,63602_x04096_y00000.png,63602_x04096_y00000.tif,0.0,0
63602,0,512,63602_x00000_y00512.png,63602_x00000_y00512.png,63602_x00000_y00512.tif,0.0,0
63602,512,512,63602_x00512_y00512.png,63602_x00512_y00512.png,63602_x00512_y00512.tif,0.0,0
63602,1024,512,63602_x01024_y00512.png,63602_x01024_y00512.png,63602_x01024_y00512.tif,0.0,0
63602,1536,512,63602_x01536_y00512.png,63602_x01536_y00512.png,63602_x01536_y00512.tif,0.0,0
63602,2048,512,63602_x02048_y00512.png,63602_x02048_y00512.png,63602_x02048_y00512.tif,0.0,0
63602,2560,512,63602_x02560_y00512.png,63602_x02560_y00512.png,63602_x02560_y00512.tif,0.001026153564453125,269
63602,3072,512,63602_x03072_y00512.png,63602_x03072_y00512.png,63602_x03072_y00512.tif,0.009822845458984375,2575
63602,3584,512,63602_x03584_y00512.png,63602_x03584_y00512.png,63602_x03584_y00512.tif,0.0,0
63602,4096,512,63602_x04096_y00512.png,63602_x04096_y00512.png,63602_x04096_y00512.tif,0.0,0
63602,0,1024,63602_x00000_y01024.png,63602_x00000_y01024.png,63602_x00000_y01024.tif,0.0,0
63602,512,1024,63602_x00512_y01024.png,63602_x00512_y01024.png,63602_x00512_y01024.tif,0.0,0
63602,1024,1024,63602_x01024_y01024.png,63602_x01024_y01024.png,63602_x01024_y01024.tif,0.0,0
63602,1536,1024,63602_x01536_y01024.png,63602_x01536_y01024.png,63602_x01536_y01024.tif,0.0,0
63602,2048,1024,63602_x02048_y01024.png,63602_x02048_y01024.png,63602_x02048_y01024.tif,0.0,0
63602,2560,1024,63602_x02560_y01024.png,63602_x02560_y01024.png,63602_x02560_y01024.tif,0.0,0
63602,3072,1024,63602_x03072_y01024.png,63602_x03072_y01024.png,63602_x03072_y01024.tif,0.0,0
63602,3584,1024,63602_x03584_y01024.png,63602_x03584_y01024.png,63602_x03584_y01024.tif,0.0,0
63602,4096,1024,63602_x04096_y01024.png,63602_x04096_y01024.png,63602_x04096_y01024.tif,0.0,0
63602,0,1536,63602_x00000_y01536.png,63602_x00000_y01536.png,63602_x00000_y01536.tif,0.0,0
63602,512,1536,63602_x00512_y01536.png,63602_x00512_y01536.png,63602_x00512_y01536.tif,0.0,0
63602,1024,1536,63602_x01024_y01536.png,63602_x01024_y01536.png,63602_x01024_y01536.tif,0.0,0
63602,1536,1536,63602_x01536_y01536.png,63602_x01536_y01536.png,63602_x01536_y01536.tif,0.0,0
63602,2048,1536,63602_x02048_y01536.png,63602_x02048_y01536.png,63602_x02048_y01536.tif,0.0,0
63602,2560,1536,63602_x02560_y01536.png,63602_x02560_y01536.png,63602_x02560_y01536.tif,0.0,0
63602,3072,1536,63602_x03072_y01536.png,63602_x03072_y01536.png,63602_x03072_y01536.tif,0.0,0
63602,3584,1536,63602_x03584_y01536.png,63602_x03584_y01536.png,63602_x03584_y01536.tif,0.0,0
63602,4096,1536,63602_x04096_y01536.png,63602_x04096_y01536.png,63602_x04096_y01536.tif,0.0,0
63602,0,2048,63602_x00000_y02048.png,63602_x00000_y02048.png,63602_x00000_y02048.tif,0.0,0
63602,512,2048,63602_x00512_y02048.png,63602_x00512_y02048.png,63602_x00512_y02048.tif,0.0,0
63602,1024,2048,63602_x01024_y02048.png,63602_x01024_y02048.png,63602_x01024_y02048.tif,0.0,0
63602,1536,2048,63602_x01536_y02048.png,63602_x01536_y02048.png,63602_x01536_y02048.tif,0.0,0
63602,2048,2048,63602_x02048_y02048.png,63602_x02048_y02048.png,63602_x02048_y02048.tif,0.0,0
63602,2560,2048,63602_x02560_y02048.png,63602_x02560_y02048.png,63602_x02560_y02048.tif,0.0,0
63602,3072,2048,63602_x03072_y02048.png,63602_x03072_y02048.png,63602_x03072_y02048.tif,0.0,0
63602,3584,2048,63602_x03584_y02048.png,63602_x03584_y02048.png,63602_x03584_y02048.tif,0.0,0
63602,4096,2048,63602_x04096_y02048.png,63602_x04096_y02048.png,63602_x04096_y02048.tif,0.0,0
63602,0,2560,63602_x00000_y02560.png,63602_x00000_y02560.png,63602_x00000_y02560.tif,0.0,0
63602,512,2560,63602_x00512_y02560.png,63602_x00512_y02560.png,63602_x00512_y02560.tif,0.0,0
63602,1024,2560,63602_x01024_y02560.png,63602_x01024_y02560.png,63602_x01024_y02560.tif,0.0,0
63602,1536,2560,63602_x01536_y02560.png,63602_x01536_y02560.png,63602_x01536_y02560.tif,0.0,0
63602,2048,2560,63602_x02048_y02560.png,63602_x02048_y02560.png,63602_x02048_y02560.tif,0.0,0
63602,2560,2560,63602_x02560_y02560.png,63602_x02560_y02560.png,63602_x02560_y02560.tif,0.0,0
63602,3072,2560,63602_x03072_y02560.png,63602_x03072_y02560.png,63602_x03072_y02560.tif,0.0,0
63602,3584,2560,63602_x03584_y02560.png,63602_x03584_y02560.png,63602_x03584_y02560.tif,0.0,0
63602,4096,2560,63602_x04096_y02560.png,63602_x04096_y02560.png,63602_x04096_y02560.tif,0.0,0
63602,0,3072,63602_x00000_y03072.png,63602_x00000_y03072.png,63602_x00000_y03072.tif,0.0,0
63602,512,3072,63602_x00512_y03072.png,63602_x00512_y03072.png,63602_x00512_y03072.tif,0.0,0
63602,1024,3072,63602_x01024_y03072.png,63602_x01024_y03072.png,63602_x01024_y03072.tif,0.0,0
63602,1536,3072,63602_x01536_y03072.png,63602_x01536_y03072.png,63602_x01536_y03072.tif,0.0,0
63602,2048,3072,63602_x02048_y03072.png,63602_x02048_y03072.png,63602_x02048_y03072.tif,0.0,0
63602,2560,3072,63602_x02560_y03072.png,63602_x02560_y03072.png,63602_x02560_y03072.tif,0.0,0
63602,3072,3072,63602_x03072_y03072.png,63602_x03072_y03072.png,63602_x03072_y03072.tif,0.0,0
63602,3584,3072,63602_x03584_y03072.png,63602_x03584_y03072.png,63602_x03584_y03072.tif,0.0,0
63602,4096,3072,63602_x04096_y03072.png,63602_x04096_y03072.png,63602_x04096_y03072.tif,0.0,0
63602,0,3584,63602_x00000_y03584.png,63602_x00000_y03584.png,63602_x00000_y03584.tif,0.0,0
63602,512,3584,63602_x00512_y03584.png,63602_x00512_y03584.png,63602_x00512_y03584.tif,0.0,0
63602,1024,3584,63602_x01024_y03584.png,63602_x01024_y03584.png,63602_x01024_y03584.tif,0.0,0
63602,1536,3584,63602_x01536_y03584.png,63602_x01536_y03584.png,63602_x01536_y03584.tif,0.0,0
63602,2048,3584,63602_x02048_y03584.png,63602_x02048_y03584.png,63602_x02048_y03584.tif,0.0,0
63602,2560,3584,63602_x02560_y03584.png,63602_x02560_y03584.png,63602_x02560_y03584.tif,0.0,0
63602,3072,3584,63602_x03072_y03584.png,63602_x03072_y03584.png,63602_x03072_y03584.tif,0.0,0
63602,3584,3584,63602_x03584_y03584.png,63602_x03584_y03584.png,63602_x03584_y03584.tif,0.0,0
63602,4096,3584,63602_x04096_y03584.png,63602_x04096_y03584.png,63602_x04096_y03584.tif,0.0,0
63602,0,4096,63602_x00000_y04096.png,63602_x00000_y04096.png,63602_x00000_y04096.tif,0.0,0
63602,512,4096,63602_x00512_y04096.png,63602_x00512_y04096.png,63602_x00512_y04096.tif,0.0,0
63602,1024,4096,63602_x01024_y04096.png,63602_x01024_y04096.png,63602_x01024_y04096.tif,0.0,0
63602,1536,4096,63602_x01536_y04096.png,63602_x01536_y04096.png,63602_x01536_y04096.tif,0.0,0
63602,2048,4096,63602_x02048_y04096.png,63602_x02048_y04096.png,63602_x02048_y04096.tif,0.0,0
63602,2560,4096,63602_x02560_y04096.png,63602_x02560_y04096.png,63602_x02560_y04096.tif,0.0,0
63602,3072,4096,63602_x03072_y04096.png,63602_x03072_y04096.png,63602_x03072_y04096.tif,0.0,0
63602,3584,4096,63602_x03584_y04096.png,63602_x03584_y04096.png,63602_x03584_y04096.tif,0.0,0
63602,4096,4096,63602_x04096_y04096.png,63602_x04096_y04096.png,63602_x04096_y04096.tif,0.0,0
52743,0,0,52743_x00000_y00000.png,52743_x00000_y00000.png,52743_x00000_y00000.tif,0.0,0
52743,512,0,52743_x00512_y00000.png,52743_x00512_y00000.png,52743_x00512_y00000.tif,0.0,0
52743,1024,0,52743_x01024_y00000.png,52743_x01024_y00000.png,52743_x01024_y00000.tif,0.0,0
52743,1536,0,52743_x01536_y00000.png,52743_x01536_y00000.png,52743_x01536_y00000.tif,0.0,0
52743,2048,0,52743_x02048_y00000.png,52743_x02048_y00000.png,52743_x02048_y00000.tif,0.0,0
52743,2560,0,52743_x02560_y00000.png,52743_x02560_y00000.png,52743_x02560_y00000.tif,0.0,0
52743,3072,0,52743_x03072_y00000.png,52743_x03072_y00000.png,52743_x03072_y00000.tif,0.0,0
52743,3584,0,52743_x03584_y00000.png,52743_x03584_y00000.png,52743_x03584_y00000.tif,0.0,0
52743,4096,0,52743_x04096_y00000.png,52743_x04096_y00000.png,52743_x04096_y00000.tif,0.0,0
52743,0,512,52743_x00000_y00512.png,52743_x00000_y00512.png,52743_x00000_y00512.tif,0.0,0
52743,512,512,52743_x00512_y00512.png,52743_x00512_y00512.png,52743_x00512_y00512.tif,0.0,0
52743,1024,512,52743_x01024_y00512.png,52743_x01024_y00512.png,52743_x01024_y00512.tif,0.0,0
52743,1536,512,52743_x01536_y00512.png,52743_x01536_y00512.png,52743_x01536_y00512.tif,0.0,0
52743,2048,512,52743_x02048_y00512.png,52743_x02048_y00512.png,52743_x02048_y00512.tif,0.0,0
52743,2560,512,52743_x02560_y00512.png,52743_x02560_y00512.png,52743_x02560_y00512.tif,0.0,0
52743,3072,512,52743_x03072_y00512.png,52743_x03072_y00512.png,52743_x03072_y00512.tif,0.036685943603515625,9617
52743,3584,512,52743_x03584_y00512.png,52743_x03584_y00512.png,52743_x03584_y00512.tif,0.0045623779296875,1196
52743,4096,512,52743_x04096_y00512.png,52743_x04096_y00512.png,52743_x04096_y00512.tif,0.0,0
52743,0,1024,52743_x00000_y01024.png,52743_x00000_y01024.png,52743_x00000_y01024.tif,0.0,0
52743,512,1024,52743_x00512_y01024.png,52743_x00512_y01024.png,52743_x00512_y01024.tif,0.0,0
52743,1024,1024,52743_x01024_y01024.png,52743_x01024_y01024.png,52743_x01024_y01024.tif,0.0,0
52743,1536,1024,52743_x01536_y01024.png,52743_x01536_y01024.png,52743_x01536_y01024.tif,0.0,0
52743,2048,1024,52743_x02048_y01024.png,52743_x02048_y01024.png,52743_x02048_y01024.tif,0.0,0
52743,2560,1024,52743_x02560_y01024.png,52743_x02560_y01024.png,52743_x02560_y01024.tif,0.0,0
52743,3072,1024,52743_x03072_y01024.png,52743_x03072_y01024.png,52743_x03072_y01024.tif,0.0,0
52743,3584,1024,52743_x03584_y01024.png,52743_x03584_y01024.png,52743_x03584_y01024.tif,0.0,0
52743,4096,1024,52743_x04096_y01024.png,52743_x04096_y01024.png,52743_x04096_y01024.tif,0.0,0
52743,0,1536,52743_x00000_y01536.png,52743_x00000_y01536.png,52743_x00000_y01536.tif,0.0,0
52743,512,1536,52743_x00512_y01536.png,52743_x00512_y01536.png,52743_x00512_y01536.tif,0.0,0
52743,1024,1536,52743_x01024_y01536.png,52743_x01024_y01536.png,52743_x01024_y01536.tif,0.0,0
52743,1536,1536,52743_x01536_y01536.png,52743_x01536_y01536.png,52743_x01536_y01536.tif,0.0,0
52743,2048,1536,52743_x02048_y01536.png,52743_x02048_y01536.png,52743_x02048_y01536.tif,0.0,0
52743,2560,1536,52743_x02560_y01536.png,52743_x02560_y01536.png,52743_x02560_y01536.tif,0.0,0
52743,3072,1536,52743_x03072_y01536.png,52743_x03072_y01536.png,52743_x03072_y01536.tif,0.0,0
52743,3584,1536,52743_x03584_y01536.png,52743_x03584_y01536.png,52743_x03584_y01536.tif,0.0,0
52743,4096,1536,52743_x04096_y01536.png,52743_x04096_y01536.png,52743_x04096_y01536.tif,0.0,0
52743,0,2048,52743_x00000_y02048.png,52743_x00000_y02048.png,52743_x00000_y02048.tif,0.0,0
52743,512,2048,52743_x00512_y02048.png,52743_x00512_y02048.png,52743_x00512_y02048.tif,0.0,0
52743,1024,2048,52743_x01024_y02048.png,52743_x01024_y02048.png,52743_x01024_y02048.tif,0.0,0
52743,1536,2048,52743_x01536_y02048.png,52743_x01536_y02048.png,52743_x01536_y02048.tif,0.0,0
52743,2048,2048,52743_x02048_y02048.png,52743_x02048_y02048.png,52743_x02048_y02048.tif,0.0,0
52743,2560,2048,52743_x02560_y02048.png,52743_x02560_y02048.png,52743_x02560_y02048.tif,0.0,0
52743,3072,2048,52743_x03072_y02048.png,52743_x03072_y02048.png,52743_x03072_y02048.tif,0.0,0
52743,3584,2048,52743_x03584_y02048.png,52743_x03584_y02048.png,52743_x03584_y02048.tif,0.0,0
52743,4096,2048,52743_x04096_y02048.png,52743_x04096_y02048.png,52743_x04096_y02048.tif,0.0,0
52743,0,2560,52743_x00000_y02560.png,52743_x00000_y02560.png,52743_x00000_y02560.tif,0.0,0
52743,512,2560,52743_x00512_y02560.png,52743_x00512_y02560.png,52743_x00512_y02560.tif,0.0,0
52743,1024,2560,52743_x01024_y02560.png,52743_x01024_y02560.png,52743_x01024_y02560.tif,0.0,0
52743,1536,2560,52743_x01536_y02560.png,52743_x01536_y02560.png,52743_x01536_y02560.tif,0.0,0
52743,2048,2560,52743_x02048_y02560.png,52743_x02048_y02560.png,52743_x02048_y02560.tif,0.0,0
52743,2560,2560,52743_x02560_y02560.png,52743_x02560_y02560.png,52743_x02560_y02560.tif,0.0,0
52743,3072,2560,52743_x03072_y02560.png,52743_x03072_y02560.png,52743_x03072_y02560.tif,0.0,0
52743,3584,2560,52743_x03584_y02560.png,52743_x03584_y02560.png,52743_x03584_y02560.tif,0.0,0
52743,4096,2560,52743_x04096_y02560.png,52743_x04096_y02560.png,52743_x04096_y02560.tif,0.0,0
52743,0,3072,52743_x00000_y03072.png,52743_x00000_y03072.png,52743_x00000_y03072.tif,0.0,0
52743,512,3072,52743_x00512_y03072.png,52743_x00512_y03072.png,52743_x00512_y03072.tif,0.0,0
52743,1024,3072,52743_x01024_y03072.png,52743_x01024_y03072.png,52743_x01024_y03072.tif,0.0,0
52743,1536,3072,52743_x01536_y03072.png,52743_x01536_y03072.png,52743_x01536_y03072.tif,0.0,0
52743,2048,3072,52743_x02048_y03072.png,52743_x02048_y03072.png,52743_x02048_y03072.tif,0.0,0
52743,2560,3072,52743_x02560_y03072.png,52743_x02560_y03072.png,52743_x02560_y03072.tif,0.0,0
52743,3072,3072,52743_x03072_y03072.png,52743_x03072_y03072.png,52743_x03072_y03072.tif,0.0,0
52743,3584,3072,52743_x03584_y03072.png,52743_x03584_y03072.png,52743_x03584_y03072.tif,0.0,0
52743,4096,3072,52743_x04096_y03072.png,52743_x04096_y03072.png,52743_x04096_y03072.tif,0.0,0
52743,0,3584,52743_x00000_y03584.png,52743_x00000_y03584.png,52743_x00000_y03584.tif,0.0,0
52743,512,3584,52743_x00512_y03584.png,52743_x00512_y03584.png,52743_x00512_y03584.tif,0.0,0
52743,1024,3584,52743_x01024_y03584.png,52743_x01024_y03584.png,52743_x01024_y03584.tif,0.0,0
52743,1536,3584,52743_x01536_y03584.png,52743_x01536_y03584.png,52743_x01536_y03584.tif,0.0,0
52743,2048,3584,52743_x02048_y03584.png,52743_x02048_y03584.png,52743_x02048_y03584.tif,0.0,0
52743,2560,3584,52743_x02560_y03584.png,52743_x02560_y03584.png,52743_x02560_y03584.tif,0.0,0
52743,3072,3584,52743_x03072_y03584.png,52743_x03072_y03584.png,52743_x03072_y03584.tif,0.0,0
52743,3584,3584,52743_x03584_y03584.png,52743_x03584_y03584.png,52743_x03584_y03584.tif,0.0,0
52743,4096,3584,52743_x04096_y03584.png,52743_x04096_y03584.png,52743_x04096_y03584.tif,0.0,0
52743,0,4096,52743_x00000_y04096.png,52743_x00000_y04096.png,52743_x00000_y04096.tif,0.0,0
52743,512,4096,52743_x00512_y04096.png,52743_x00512_y04096.png,52743_x00512_y04096.tif,0.0,0
52743,1024,4096,52743_x01024_y04096.png,52743_x01024_y04096.png,52743_x01024_y04096.tif,0.0,0
52743,1536,4096,52743_x01536_y04096.png,52743_x01536_y04096.png,52743_x01536_y04096.tif,0.0,0
52743,2048,4096,52743_x02048_y04096.png,52743_x02048_y04096.png,52743_x02048_y04096.tif,0.0,0
52743,2560,4096,52743_x02560_y04096.png,52743_x02560_y04096.png,52743_x02560_y04096.tif,0.0,0
52743,3072,4096,52743_x03072_y04096.png,52743_x03072_y04096.png,52743_x03072_y04096.tif,0.0,0
52743,3584,4096,52743_x03584_y04096.png,52743_x03584_y04096.png,52743_x03584_y04096.tif,0.0,0
52743,4096,4096,52743_x04096_y04096.png,52743_x04096_y04096.png,52743_x04096_y04096.tif,0.0,0
64642,0,0,64642_x00000_y00000.png,64642_x00000_y00000.png,64642_x00000_y00000.tif,0.0,0
64642,512,0,64642_x00512_y00000.png,64642_x00512_y00000.png,64642_x00512_y00000.tif,0.0,0
64642,1024,0,64642_x01024_y00000.png,64642_x01024_y00000.png,64642_x01024_y00000.tif,0.0,0
64642,1536,0,64642_x01536_y00000.png,64642_x01536_y00000.png,64642_x01536_y00000.tif,0.0,0
64642,2048,0,64642_x02048_y00000.png,64642_x02048_y00000.png,64642_x02048_y00000.tif,0.0,0
64642,2560,0,64642_x02560_y00000.png,64642_x02560_y00000.png,64642_x02560_y00000.tif,0.0,0
64642,3072,0,64642_x03072_y00000.png,64642_x03072_y00000.png,64642_x03072_y00000.tif,0.0,0
64642,3584,0,64642_x03584_y00000.png,64642_x03584_y00000.png,64642_x03584_y00000.tif,0.0,0
64642,4096,0,64642_x04096_y00000.png,64642_x04096_y00000.png,64642_x04096_y00000.tif,0.0,0
64642,0,512,64642_x00000_y00512.png,64642_x00000_y00512.png,64642_x00000_y00512.tif,0.0,0
64642,512,512,64642_x00512_y00512.png,64642_x00512_y00512.png,64642_x00512_y00512.tif,0.0,0
64642,1024,512,64642_x01024_y00512.png,64642_x01024_y00512.png,64642_x01024_y00512.tif,0.0,0
64642,1536,512,64642_x01536_y00512.png,64642_x01536_y00512.png,64642_x01536_y00512.tif,0.0,0
64642,2048,512,64642_x02048_y00512.png,64642_x02048_y00512.png,64642_x02048_y00512.tif,0.0,0
64642,2560,512,64642_x02560_y00512.png,64642_x02560_y00512.png,64642_x02560_y00512.tif,0.0,0
64642,3072,512,64642_x03072_y00512.png,64642_x03072_y00512.png,64642_x03072_y00512.tif,0.0,0
64642,3584,512,64642_x03584_y00512.png,64642_x03584_y00512.png,64642_x03584_y00512.tif,0.0,0
64642,4096,512,64642_x04096_y00512.png,64642_x04096_y00512.png,64642_x04096_y00512.tif,0.0,0
64642,0,1024,64642_x00000_y01024.png,64642_x00000_y01024.png,64642_x00000_y01024.tif,0.0,0
64642,512,1024,64642_x00512_y01024.png,64642_x00512_y01024.png,64642_x00512_y01024.tif,0.0,0
64642,1024,1024,64642_x01024_y01024.png,64642_x01024_y01024.png,64642_x01024_y01024.tif,0.0,0
64642,1536,1024,64642_x01536_y01024.png,64642_x01536_y01024.png,64642_x01536_y01024.tif,0.0,0
64642,2048,1024,64642_x02048_y01024.png,64642_x02048_y01024.png,64642_x02048_y01024.tif,0.0,0
64642,2560,1024,64642_x02560_y01024.png,64642_x02560_y01024.png,64642_x02560_y01024.tif,0.0,0
64642,3072,1024,64642_x03072_y01024.png,64642_x03072_y01024.png,64642_x03072_y01024.tif,0.0,0
64642,3584,1024,64642_x03584_y01024.png,64642_x03584_y01024.png,64642_x03584_y01024.tif,0.0,0
64642,4096,1024,64642_x04096_y01024.png,64642_x04096_y01024.png,64642_x04096_y01024.tif,0.0,0
64642,0,1536,64642_x00000_y01536.png,64642_x00000_y01536.png,64642_x00000_y01536.tif,0.0,0
64642,512,1536,64642_x00512_y01536.png,64642_x00512_y01536.png,64642_x00512_y01536.tif,0.0,0
64642,1024,1536,64642_x01024_y01536.png,64642_x01024_y01536.png,64642_x01024_y01536.tif,0.0,0
64642,1536,1536,64642_x01536_y01536.png,64642_x01536_y01536.png,64642_x01536_y01536.tif,0.0,0
64642,2048,1536,64642_x02048_y01536.png,64642_x02048_y01536.png,64642_x02048_y01536.tif,0.0,0
64642,2560,1536,64642_x02560_y01536.png,64642_x02560_y01536.png,64642_x02560_y01536.tif,0.0,0
64642,3072,1536,64642_x03072_y01536.png,64642_x03072_y01536.png,64642_x03072_y01536.tif,0.0,0
64642,3584,1536,64642_x03584_y01536.png,64642_x03584_y01536.png,64642_x03584_y01536.tif,0.0,0
64642,4096,1536,64642_x04096_y01536.png,64642_x04096_y01536.png,64642_x04096_y01536.tif,0.0,0
64642,0,2048,64642_x00000_y02048.png,64642_x00000_y02048.png,64642_x00000_y02048.tif,0.0,0
64642,512,2048,64642_x00512_y02048.png,64642_x00512_y02048.png,64642_x00512_y02048.tif,0.0,0
64642,1024,2048,64642_x01024_y02048.png,64642_x01024_y02048.png,64642_x01024_y02048.tif,0.0,0
64642,1536,2048,64642_x01536_y02048.png,64642_x01536_y02048.png,64642_x01536_y02048.tif,0.0,0
64642,2048,2048,64642_x02048_y02048.png,64642_x02048_y02048.png,64642_x02048_y02048.tif,0.0,0
64642,2560,2048,64642_x02560_y02048.png,64642_x02560_y02048.png,64642_x02560_y02048.tif,0.0,0
64642,3072,2048,64642_x03072_y02048.png,64642_x03072_y02048.png,64642_x03072_y02048.tif,0.0,0
64642,3584,2048,64642_x03584_y02048.png,64642_x03584_y02048.png,64642_x03584_y02048.tif,0.0,0
64642,4096,2048,64642_x04096_y02048.png,64642_x04096_y02048.png,64642_x04096_y02048.tif,0.0,0
64642,0,2560,64642_x00000_y02560.png,64642_x00000_y02560.png,64642_x00000_y02560.tif,0.0,0
64642,512,2560,64642_x00512_y02560.png,64642_x00512_y02560.png,64642_x00512_y02560.tif,0.0,0
64642,1024,2560,64642_x01024_y02560.png,64642_x01024_y02560.png,64642_x01024_y02560.tif,0.0,0
64642,1536,2560,64642_x01536_y02560.png,64642_x01536_y02560.png,64642_x01536_y02560.tif,0.0,0
64642,2048,2560,64642_x02048_y02560.png,64642_x02048_y02560.png,64642_x02048_y02560.tif,0.0,0
64642,2560,2560,64642_x02560_y02560.png,64642_x02560_y02560.png,64642_x02560_y02560.tif,0.0,0
64642,3072,2560,64642_x03072_y02560.png,64642_x03072_y02560.png,64642_x03072_y02560.tif,0.0,0
64642,3584,2560,64642_x03584_y02560.png,64642_x03584_y02560.png,64642_x03584_y02560.tif,0.0,0
64642,4096,2560,64642_x04096_y02560.png,64642_x04096_y02560.png,64642_x04096_y02560.tif,0.0,0
64642,0,3072,64642_x00000_y03072.png,64642_x00000_y03072.png,64642_x00000_y03072.tif,0.0,0
64642,512,3072,64642_x00512_y03072.png,64642_x00512_y03072.png,64642_x00512_y03072.tif,0.0,0
64642,1024,3072,64642_x01024_y03072.png,64642_x01024_y03072.png,64642_x01024_y03072.tif,0.0,0
64642,1536,3072,64642_x01536_y03072.png,64642_x01536_y03072.png,64642_x01536_y03072.tif,0.0,0
64642,2048,3072,64642_x02048_y03072.png,64642_x02048_y03072.png,64642_x02048_y03072.tif,0.0,0
64642,2560,3072,64642_x02560_y03072.png,64642_x02560_y03072.png,64642_x02560_y03072.tif,0.0,0
64642,3072,3072,64642_x03072_y03072.png,64642_x03072_y03072.png,64642_x03072_y03072.tif,0.0,0
64642,3584,3072,64642_x03584_y03072.png,64642_x03584_y03072.png,64642_x03584_y03072.tif,0.0,0
64642,4096,3072,64642_x04096_y03072.png,64642_x04096_y03072.png,64642_x04096_y03072.tif,0.0,0
64642,0,3584,64642_x00000_y03584.png,64642_x00000_y03584.png,64642_x00000_y03584.tif,0.0,0
64642,512,3584,64642_x00512_y03584.png,64642_x00512_y03584.png,64642_x00512_y03584.tif,0.0,0
64642,1024,3584,64642_x01024_y03584.png,64642_x01024_y03584.png,64642_x01024_y03584.tif,0.0,0
64642,1536,3584,64642_x01536_y03584.png,64642_x01536_y03584.png,64642_x01536_y03584.tif,0.0,0
64642,2048,3584,64642_x02048_y03584.png,64642_x02048_y03584.png,64642_x02048_y03584.tif,0.0,0
64642,2560,3584,64642_x02560_y03584.png,64642_x02560_y03584.png,64642_x02560_y03584.tif,0.0,0
64642,3072,3584,64642_x03072_y03584.png,64642_x03072_y03584.png,64642_x03072_y03584.tif,0.0,0
64642,3584,3584,64642_x03584_y03584.png,64642_x03584_y03584.png,64642_x03584_y03584.tif,0.0,0
64642,4096,3584,64642_x04096_y03584.png,64642_x04096_y03584.png,64642_x04096_y03584.tif,0.0,0
64642,0,4096,64642_x00000_y04096.png,64642_x00000_y04096.png,64642_x00000_y04096.tif,0.0,0
64642,512,4096,64642_x00512_y04096.png,64642_x00512_y04096.png,64642_x00512_y04096.tif,0.0,0
64642,1024,4096,64642_x01024_y04096.png,64642_x01024_y04096.png,64642_x01024_y04096.tif,0.0,0
64642,1536,4096,64642_x01536_y04096.png,64642_x01536_y04096.png,64642_x01536_y04096.tif,0.0,0
64642,2048,4096,64642_x02048_y04096.png,64642_x02048_y04096.png,64642_x02048_y04096.tif,0.0,0
64642,2560,4096,64642_x02560_y04096.png,64642_x02560_y04096.png,64642_x02560_y04096.tif,0.0,0
64642,3072,4096,64642_x03072_y04096.png,64642_x03072_y04096.png,64642_x03072_y04096.tif,0.0,0
64642,3584,4096,64642_x03584_y04096.png,64642_x03584_y04096.png,64642_x03584_y04096.tif,0.0,0
64642,4096,4096,64642_x04096_y04096.png,64642_x04096_y04096.png,64642_x04096_y04096.tif,0.0,0
52721,0,0,52721_x00000_y00000.png,52721_x00000_y00000.png,52721_x00000_y00000.tif,0.0,0
52721,512,0,52721_x00512_y00000.png,52721_x00512_y00000.png,52721_x00512_y00000.tif,0.0,0
52721,1024,0,52721_x01024_y00000.png,52721_x01024_y00000.png,52721_x01024_y00000.tif,0.0,0
52721,1536,0,52721_x01536_y00000.png,52721_x01536_y00000.png,52721_x01536_y00000.tif,0.0,0
52721,2048,0,52721_x02048_y00000.png,52721_x02048_y00000.png,52721_x02048_y00000.tif,0.0,0
52721,2560,0,52721_x02560_y00000.png,52721_x02560_y00000.png,52721_x02560_y00000.tif,0.0,0
52721,3072,0,52721_x03072_y00000.png,52721_x03072_y00000.png,52721_x03072_y00000.tif,0.0,0
52721,3584,0,52721_x03584_y00000.png,52721_x03584_y00000.png,52721_x03584_y00000.tif,0.0,0
52721,4096,0,52721_x04096_y00000.png,52721_x04096_y00000.png,52721_x04096_y00000.tif,0.0,0
52721,0,512,52721_x00000_y00512.png,52721_x00000_y00512.png,52721_x00000_y00512.tif,0.0,0
52721,512,512,52721_x00512_y00512.png,52721_x00512_y00512.png,52721_x00512_y00512.tif,0.0,0
52721,1024,512,52721_x01024_y00512.png,52721_x01024_y00512.png,52721_x01024_y00512.tif,0.0,0
52721,1536,512,52721_x01536_y00512.png,52721_x01536_y00512.png,52721_x01536_y00512.tif,0.0,0
52721,2048,512,52721_x02048_y00512.png,52721_x02048_y00512.png,52721_x02048_y00512.tif,0.0,0
52721,2560,512,52721_x02560_y00512.png,52721_x02560_y00512.png,52721_x02560_y00512.tif,0.0,0
52721,3072,512,52721_x03072_y00512.png,52721_x03072_y00512.png,52721_x03072_y00512.tif,0.0,0
52721,3584,512,52721_x03584_y00512.png,52721_x03584_y00512.png,52721_x03584_y00512.tif,0.0,0
52721,4096,512,52721_x04096_y00512.png,52721_x04096_y00512.png,52721_x04096_y00512.tif,0.0,0
52721,0,1024,52721_x00000_y01024.png,52721_x00000_y01024.png,52721_x00000_y01024.tif,0.0,0
52721,512,1024,52721_x00512_y01024.png,52721_x00512_y01024.png,52721_x00512_y01024.tif,0.0,0
52721,1024,1024,52721_x01024_y01024.png,52721_x01024_y01024.png,52721_x01024_y01024.tif,0.0,0
52721,1536,1024,52721_x01536_y01024.png,52721_x01536_y01024.png,52721_x01536_y01024.tif,0.0,0
52721,2048,1024,52721_x02048_y01024.png,52721_x02048_y01024.png,52721_x02048_y01024.tif,0.0,0
52721,2560,1024,52721_x02560_y01024.png,52721_x02560_y01024.png,52721_x02560_y01024.tif,0.0,0
52721,3072,1024,52721_x03072_y01024.png,52721_x03072_y01024.png,52721_x03072_y01024.tif,0.0,0
52721,3584,1024,52721_x03584_y01024.png,52721_x03584_y01024.png,52721_x03584_y01024.tif,0.0,0
52721,4096,1024,52721_x04096_y01024.png,52721_x04096_y01024.png,52721_x04096_y01024.tif,0.0,0
52721,0,1536,52721_x00000_y01536.png,52721_x00000_y01536.png,52721_x00000_y01536.tif,0.0,0
52721,512,1536,52721_x00512_y01536.png,52721_x00512_y01536.png,52721_x00512_y01536.tif,0.0,0
52721,1024,1536,52721_x01024_y01536.png,52721_x01024_y01536.png,52721_x01024_y01536.tif,0.0,0
52721,1536,1536,52721_x01536_y01536.png,52721_x01536_y01536.png,52721_x01536_y01536.tif,0.0,0
52721,2048,1536,52721_x02048_y01536.png,52721_x02048_y01536.png,52721_x02048_y01536.tif,0.0,0
52721,2560,1536,52721_x02560_y01536.png,52721_x02560_y01536.png,52721_x02560_y01536.tif,0.0,0
52721,3072,1536,52721_x03072_y01536.png,52721_x03072_y01536.png,52721_x03072_y01536.tif,0.0,0
52721,3584,1536,52721_x03584_y01536.png,52721_x03584_y01536.png,52721_x03584_y01536.tif,0.0,0
52721,4096,1536,52721_x04096_y01536.png,52721_x04096_y01536.png,52721_x04096_y01536.tif,0.0,0
52721,0,2048,52721_x00000_y02048.png,52721_x00000_y02048.png,52721_x00000_y02048.tif,0.0,0
52721,512,2048,52721_x00512_y02048.png,52721_x00512_y02048.png,52721_x00512_y02048.tif,0.0,0
52721,1024,2048,52721_x01024_y02048.png,52721_x01024_y02048.png,52721_x01024_y02048.tif,0.0,0
52721,1536,2048,52721_x01536_y02048.png,52721_x01536_y02048.png,52721_x01536_y02048.tif,0.0,0
52721,2048,2048,52721_x02048_y02048.png,52721_x02048_y02048.png,52721_x02048_y02048.tif,0.0,0
52721,2560,2048,52721_x02560_y02048.png,52721_x02560_y02048.png,52721_x02560_y02048.tif,0.0,0
52721,3072,2048,52721_x03072_y02048.png,52721_x03072_y02048.png,52721_x03072_y02048.tif,0.0,0
52721,3584,2048,52721_x03584_y02048.png,52721_x03584_y02048.png,52721_x03584_y02048.tif,0.0,0
52721,4096,2048,52721_x04096_y02048.png,52721_x04096_y02048.png,52721_x04096_y02048.tif,0.0,0
52721,0,2560,52721_x00000_y02560.png,52721_x00000_y02560.png,52721_x00000_y02560.tif,0.0,0
52721,512,2560,52721_x00512_y02560.png,52721_x00512_y02560.png,52721_x00512_y02560.tif,0.0,0
52721,1024,2560,52721_x01024_y02560.png,52721_x01024_y02560.png,52721_x01024_y02560.tif,0.0,0
52721,1536,2560,52721_x01536_y02560.png,52721_x01536_y02560.png,52721_x01536_y02560.tif,0.0,0
52721,2048,2560,52721_x02048_y02560.png,52721_x02048_y02560.png,52721_x02048_y02560.tif,0.0,0
52721,2560,2560,52721_x02560_y02560.png,52721_x02560_y02560.png,52721_x02560_y02560.tif,0.0,0
52721,3072,2560,52721_x03072_y02560.png,52721_x03072_y02560.png,52721_x03072_y02560.tif,0.0,0
52721,3584,2560,52721_x03584_y02560.png,52721_x03584_y02560.png,52721_x03584_y02560.tif,0.0,0
52721,4096,2560,52721_x04096_y02560.png,52721_x04096_y02560.png,52721_x04096_y02560.tif,0.0,0
52721,0,3072,52721_x00000_y03072.png,52721_x00000_y03072.png,52721_x00000_y03072.tif,0.0,0
52721,512,3072,52721_x00512_y03072.png,52721_x00512_y03072.png,52721_x00512_y03072.tif,0.0,0
52721,1024,3072,52721_x01024_y03072.png,52721_x01024_y03072.png,52721_x01024_y03072.tif,0.0,0
52721,1536,3072,52721_x01536_y03072.png,52721_x01536_y03072.png,52721_x01536_y03072.tif,0.0,0
52721,2048,3072,52721_x02048_y03072.png,52721_x02048_y03072.png,52721_x02048_y03072.tif,0.0,0
52721,2560,3072,52721_x02560_y03072.png,52721_x02560_y03072.png,52721_x02560_y03072.tif,0.0,0
52721,3072,3072,52721_x03072_y03072.png,52721_x03072_y03072.png,52721_x03072_y03072.tif,0.0,0
52721,3584,3072,52721_x03584_y03072.png,52721_x03584_y03072.png,52721_x03584_y03072.tif,0.0,0
52721,4096,3072,52721_x04096_y03072.png,52721_x04096_y03072.png,52721_x04096_y03072.tif,0.0,0
52721,0,3584,52721_x00000_y03584.png,52721_x00000_y03584.png,52721_x00000_y03584.tif,0.0,0
52721,512,3584,52721_x00512_y03584.png,52721_x00512_y03584.png,52721_x00512_y03584.tif,0.0,0
52721,1024,3584,52721_x01024_y03584.png,52721_x01024_y03584.png,52721_x01024_y03584.tif,0.0,0
52721,1536,3584,52721_x01536_y03584.png,52721_x01536_y03584.png,52721_x01536_y03584.tif,0.0,0
52721,2048,3584,52721_x02048_y03584.png,52721_x02048_y03584.png,52721_x02048_y03584.tif,0.06372833251953125,16706
52721,2560,3584,52721_x02560_y03584.png,52721_x02560_y03584.png,52721_x02560_y03584.tif,0.0,0
52721,3072,3584,52721_x03072_y03584.png,52721_x03072_y03584.png,52721_x03072_y03584.tif,0.0,0
52721,3584,3584,52721_x03584_y03584.png,52721_x03584_y03584.png,52721_x03584_y03584.tif,0.0,0
52721,4096,3584,52721_x04096_y03584.png,52721_x04096_y03584.png,52721_x04096_y03584.tif,0.0,0
52721,0,4096,52721_x00000_y04096.png,52721_x00000_y04096.png,52721_x00000_y04096.tif,0.0,0
52721,512,4096,52721_x00512_y04096.png,52721_x00512_y04096.png,52721_x00512_y04096.tif,0.0,0
52721,1024,4096,52721_x01024_y04096.png,52721_x01024_y04096.png,52721_x01024_y04096.tif,0.0,0
52721,1536,4096,52721_x01536_y04096.png,52721_x01536_y04096.png,52721_x01536_y04096.tif,0.0,0
52721,2048,4096,52721_x02048_y04096.png,52721_x02048_y04096.png,52721_x02048_y04096.tif,0.0,0
52721,2560,4096,52721_x02560_y04096.png,52721_x02560_y04096.png,52721_x02560_y04096.tif,0.0,0
52721,3072,4096,52721_x03072_y04096.png,52721_x03072_y04096.png,52721_x03072_y04096.tif,0.0,0
52721,3584,4096,52721_x03584_y04096.png,52721_x03584_y04096.png,52721_x03584_y04096.tif,0.0,0
52721,4096,4096,52721_x04096_y04096.png,52721_x04096_y04096.png,52721_x04096_y04096.tif,0.0,0
54473,0,0,54473_x00000_y00000.png,54473_x00000_y00000.png,54473_x00000_y00000.tif,0.0,0
54473,512,0,54473_x00512_y00000.png,54473_x00512_y00000.png,54473_x00512_y00000.tif,0.0,0
54473,1024,0,54473_x01024_y00000.png,54473_x01024_y00000.png,54473_x01024_y00000.tif,0.0,0
54473,1536,0,54473_x01536_y00000.png,54473_x01536_y00000.png,54473_x01536_y00000.tif,0.0,0
54473,2048,0,54473_x02048_y00000.png,54473_x02048_y00000.png,54473_x02048_y00000.tif,0.0,0
54473,2560,0,54473_x02560_y00000.png,54473_x02560_y00000.png,54473_x02560_y00000.tif,0.0,0
54473,3072,0,54473_x03072_y00000.png,54473_x03072_y00000.png,54473_x03072_y00000.tif,0.0,0
54473,3584,0,54473_x03584_y00000.png,54473_x03584_y00000.png,54473_x03584_y00000.tif,0.0,0
54473,4096,0,54473_x04096_y00000.png,54473_x04096_y00000.png,54473_x04096_y00000.tif,0.01297760009765625,3402
54473,0,512,54473_x00000_y00512.png,54473_x00000_y00512.png,54473_x00000_y00512.tif,0.0,0
54473,512,512,54473_x00512_y00512.png,54473_x00512_y00512.png,54473_x00512_y00512.tif,0.0,0
54473,1024,512,54473_x01024_y00512.png,54473_x01024_y00512.png,54473_x01024_y00512.tif,0.0,0
54473,1536,512,54473_x01536_y00512.png,54473_x01536_y00512.png,54473_x01536_y00512.tif,0.0,0
54473,2048,512,54473_x02048_y00512.png,54473_x02048_y00512.png,54473_x02048_y00512.tif,0.0,0
54473,2560,512,54473_x02560_y00512.png,54473_x02560_y00512.png,54473_x02560_y00512.tif,0.0,0
54473,3072,512,54473_x03072_y00512.png,54473_x03072_y00512.png,54473_x03072_y00512.tif,0.0,0
54473,3584,512,54473_x03584_y00512.png,54473_x03584_y00512.png,54473_x03584_y00512.tif,0.0,0
54473,4096,512,54473_x04096_y00512.png,54473_x04096_y00512.png,54473_x04096_y00512.tif,0.0,0
54473,0,1024,54473_x00000_y01024.png,54473_x00000_y01024.png,54473_x00000_y01024.tif,0.0,0
54473,512,1024,54473_x00512_y01024.png,54473_x00512_y01024.png,54473_x00512_y01024.tif,0.0,0
54473,1024,1024,54473_x01024_y01024.png,54473_x01024_y01024.png,54473_x01024_y01024.tif,0.0,0
54473,1536,1024,54473_x01536_y01024.png,54473_x01536_y01024.png,54473_x01536_y01024.tif,0.0,0
54473,2048,1024,54473_x02048_y01024.png,54473_x02048_y01024.png,54473_x02048_y01024.tif,0.0,0
54473,2560,1024,54473_x02560_y01024.png,54473_x02560_y01024.png,54473_x02560_y01024.tif,0.0,0
54473,3072,1024,54473_x03072_y01024.png,54473_x03072_y01024.png,54473_x03072_y01024.tif,0.011837005615234375,3103
54473,3584,1024,54473_x03584_y01024.png,54473_x03584_y01024.png,54473_x03584_y01024.tif,0.0,0
54473,4096,1024,54473_x04096_y01024.png,54473_x04096_y01024.png,54473_x04096_y01024.tif,0.0,0
54473,0,1536,54473_x00000_y01536.png,54473_x00000_y01536.png,54473_x00000_y01536.tif,0.0,0
54473,512,1536,54473_x00512_y01536.png,54473_x00512_y01536.png,54473_x00512_y01536.tif,0.0,0
54473,1024,1536,54473_x01024_y01536.png,54473_x01024_y01536.png,54473_x01024_y01536.tif,0.0,0
54473,1536,1536,54473_x01536_y01536.png,54473_x01536_y01536.png,54473_x01536_y01536.tif,0.0,0
54473,2048,1536,54473_x02048_y01536.png,54473_x02048_y01536.png,54473_x02048_y01536.tif,0.0,0
54473,2560,1536,54473_x02560_y01536.png,54473_x02560_y01536.png,54473_x02560_y01536.tif,0.0,0
54473,3072,1536,54473_x03072_y01536.png,54473_x03072_y01536.png,54473_x03072_y01536.tif,0.0,0
54473,3584,1536,54473_x03584_y01536.png,54473_x03584_y01536.png,54473_x03584_y01536.tif,0.0,0
54473,4096,1536,54473_x04096_y01536.png,54473_x04096_y01536.png,54473_x04096_y01536.tif,0.0,0
54473,0,2048,54473_x00000_y02048.png,54473_x00000_y02048.png,54473_x00000_y02048.tif,0.0,0
54473,512,2048,54473_x00512_y02048.png,54473_x00512_y02048.png,54473_x00512_y02048.tif,0.000152587890625,40
54473,1024,2048,54473_x01024_y02048.png,54473_x01024_y02048.png,54473_x01024_y02048.tif,0.0,0
54473,1536,2048,54473_x01536_y02048.png,54473_x01536_y02048.png,54473_x01536_y02048.tif,0.0,0
54473,2048,2048,54473_x02048_y02048.png,54473_x02048_y02048.png,54473_x02048_y02048.tif,0.0,0
54473,2560,2048,54473_x02560_y02048.png,54473_x02560_y02048.png,54473_x02560_y02048.tif,0.0,0
54473,3072,2048,54473_x03072_y02048.png,54473_x03072_y02048.png,54473_x03072_y02048.tif,0.0,0
54473,3584,2048,54473_x03584_y02048.png,54473_x03584_y02048.png,54473_x03584_y02048.tif,0.0,0
54473,4096,2048,54473_x04096_y02048.png,54473_x04096_y02048.png,54473_x04096_y02048.tif,0.0,0
54473,0,2560,54473_x00000_y02560.png,54473_x00000_y02560.png,54473_x00000_y02560.tif,0.0,0
54473,512,2560,54473_x00512_y02560.png,54473_x00512_y02560.png,54473_x00512_y02560.tif,0.00539398193359375,1414
54473,1024,2560,54473_x01024_y02560.png,54473_x01024_y02560.png,54473_x01024_y02560.tif,0.001316070556640625,345
54473,1536,2560,54473_x01536_y02560.png,54473_x01536_y02560.png,54473_x01536_y02560.tif,0.0,0
54473,2048,2560,54473_x02048_y02560.png,54473_x02048_y02560.png,54473_x02048_y02560.tif,0.0,0
54473,2560,2560,54473_x02560_y02560.png,54473_x02560_y02560.png,54473_x02560_y02560.tif,0.0,0
54473,3072,2560,54473_x03072_y02560.png,54473_x03072_y02560.png,54473_x03072_y02560.tif,0.0,0
54473,3584,2560,54473_x03584_y02560.png,54473_x03584_y02560.png,54473_x03584_y02560.tif,0.0,0
54473,4096,2560,54473_x04096_y02560.png,54473_x04096_y02560.png,54473_x04096_y02560.tif,0.0,0
54473,0,3072,54473_x00000_y03072.png,54473_x00000_y03072.png,54473_x00000_y03072.tif,0.0,0
54473,512,3072,54473_x00512_y03072.png,54473_x00512_y03072.png,54473_x00512_y03072.tif,0.0,0
54473,1024,3072,54473_x01024_y03072.png,54473_x01024_y03072.png,54473_x01024_y03072.tif,0.0,0
54473,1536,3072,54473_x01536_y03072.png,54473_x01536_y03072.png,54473_x01536_y03072.tif,0.0,0
54473,2048,3072,54473_x02048_y03072.png,54473_x02048_y03072.png,54473_x02048_y03072.tif,0.0,0
54473,2560,3072,54473_x02560_y03072.png,54473_x02560_y03072.png,54473_x02560_y03072.tif,0.0,0
54473,3072,3072,54473_x03072_y03072.png,54473_x03072_y03072.png,54473_x03072_y03072.tif,0.0,0
54473,3584,3072,54473_x03584_y03072.png,54473_x03584_y03072.png,54473_x03584_y03072.tif,0.0,0
54473,4096,3072,54473_x04096_y03072.png,54473_x04096_y03072.png,54473_x04096_y03072.tif,0.01439666748046875,3774
54473,0,3584,54473_x00000_y03584.png,54473_x00000_y03584.png,54473_x00000_y03584.tif,0.0,0
54473,512,3584,54473_x00512_y03584.png,54473_x00512_y03584.png,54473_x00512_y03584.tif,0.007274627685546875,1907
54473,1024,3584,54473_x01024_y03584.png,54473_x01024_y03584.png,54473_x01024_y03584.tif,0.0,0
54473,1536,3584,54473_x01536_y03584.png,54473_x01536_y03584.png,54473_x01536_y03584.tif,0.0,0
54473,2048,3584,54473_x02048_y03584.png,54473_x02048_y03584.png,54473_x02048_y03584.tif,0.0,0
54473,2560,3584,54473_x02560_y03584.png,54473_x02560_y03584.png,54473_x02560_y03584.tif,0.0,0
54473,3072,3584,54473_x03072_y03584.png,54473_x03072_y03584.png,54473_x03072_y03584.tif,0.0,0
54473,3584,3584,54473_x03584_y03584.png,54473_x03584_y03584.png,54473_x03584_y03584.tif,0.0,0
54473,4096,3584,54473_x04096_y03584.png,54473_x04096_y03584.png,54473_x04096_y03584.tif,0.0,0
54473,0,4096,54473_x00000_y04096.png,54473_x00000_y04096.png,54473_x00000_y04096.tif,0.0,0
54473,512,4096,54473_x00512_y04096.png,54473_x00512_y04096.png,54473_x00512_y04096.tif,0.0,0
54473,1024,4096,54473_x01024_y04096.png,54473_x01024_y04096.png,54473_x01024_y04096.tif,0.0,0
54473,1536,4096,54473_x01536_y04096.png,54473_x01536_y04096.png,54473_x01536_y04096.tif,0.0,0
54473,2048,4096,54473_x02048_y04096.png,54473_x02048_y04096.png,54473_x02048_y04096.tif,0.0,0
54473,2560,4096,54473_x02560_y04096.png,54473_x02560_y04096.png,54473_x02560_y04096.tif,0.0,0
54473,3072,4096,54473_x03072_y04096.png,54473_x03072_y04096.png,54473_x03072_y04096.tif,0.0,0
54473,3584,4096,54473_x03584_y04096.png,54473_x03584_y04096.png,54473_x03584_y04096.tif,0.0,0
54473,4096,4096,54473_x04096_y04096.png,54473_x04096_y04096.png,54473_x04096_y04096.tif,0.0,0
52953,0,0,52953_x00000_y00000.png,52953_x00000_y00000.png,52953_x00000_y00000.tif,0.0,0
52953,512,0,52953_x00512_y00000.png,52953_x00512_y00000.png,52953_x00512_y00000.tif,0.0,0
52953,1024,0,52953_x01024_y00000.png,52953_x01024_y00000.png,52953_x01024_y00000.tif,0.0,0
52953,1536,0,52953_x01536_y00000.png,52953_x01536_y00000.png,52953_x01536_y00000.tif,0.0,0
52953,2048,0,52953_x02048_y00000.png,52953_x02048_y00000.png,52953_x02048_y00000.tif,0.0,0
52953,2560,0,52953_x02560_y00000.png,52953_x02560_y00000.png,52953_x02560_y00000.tif,0.0,0
52953,3072,0,52953_x03072_y00000.png,52953_x03072_y00000.png,52953_x03072_y00000.tif,0.0,0
52953,3584,0,52953_x03584_y00000.png,52953_x03584_y00000.png,52953_x03584_y00000.tif,0.0,0
52953,4096,0,52953_x04096_y00000.png,52953_x04096_y00000.png,52953_x04096_y00000.tif,0.0,0
52953,0,512,52953_x00000_y00512.png,52953_x00000_y00512.png,52953_x00000_y00512.tif,0.0,0
52953,512,512,52953_x00512_y00512.png,52953_x00512_y00512.png,52953_x00512_y00512.tif,0.0,0
52953,1024,512,52953_x01024_y00512.png,52953_x01024_y00512.png,52953_x01024_y00512.tif,0.0,0
52953,1536,512,52953_x01536_y00512.png,52953_x01536_y00512.png,52953_x01536_y00512.tif,0.0,0
52953,2048,512,52953_x02048_y00512.png,52953_x02048_y00512.png,52953_x02048_y00512.tif,0.0,0
52953,2560,512,52953_x02560_y00512.png,52953_x02560_y00512.png,52953_x02560_y00512.tif,0.0,0
52953,3072,512,52953_x03072_y00512.png,52953_x03072_y00512.png,52953_x03072_y00512.tif,0.0,0
52953,3584,512,52953_x03584_y00512.png,52953_x03584_y00512.png,52953_x03584_y00512.tif,0.0,0
52953,4096,512,52953_x04096_y00512.png,52953_x04096_y00512.png,52953_x04096_y00512.tif,0.0,0
52953,0,1024,52953_x00000_y01024.png,52953_x00000_y01024.png,52953_x00000_y01024.tif,0.0,0
52953,512,1024,52953_x00512_y01024.png,52953_x00512_y01024.png,52953_x00512_y01024.tif,0.0,0
52953,1024,1024,52953_x01024_y01024.png,52953_x01024_y01024.png,52953_x01024_y01024.tif,0.0,0
52953,1536,1024,52953_x01536_y01024.png,52953_x01536_y01024.png,52953_x01536_y01024.tif,0.0,0
52953,2048,1024,52953_x02048_y01024.png,52953_x02048_y01024.png,52953_x02048_y01024.tif,0.0,0
52953,2560,1024,52953_x02560_y01024.png,52953_x02560_y01024.png,52953_x02560_y01024.tif,0.0,0
52953,3072,1024,52953_x03072_y01024.png,52953_x03072_y01024.png,52953_x03072_y01024.tif,0.0,0
52953,3584,1024,52953_x03584_y01024.png,52953_x03584_y01024.png,52953_x03584_y01024.tif,0.0,0
52953,4096,1024,52953_x04096_y01024.png,52953_x04096_y01024.png,52953_x04096_y01024.tif,0.0,0
52953,0,1536,52953_x00000_y01536.png,52953_x00000_y01536.png,52953_x00000_y01536.tif,0.0,0
52953,512,1536,52953_x00512_y01536.png,52953_x00512_y01536.png,52953_x00512_y01536.tif,0.0,0
52953,1024,1536,52953_x01024_y01536.png,52953_x01024_y01536.png,52953_x01024_y01536.tif,0.0,0
52953,1536,1536,52953_x01536_y01536.png,52953_x01536_y01536.png,52953_x01536_y01536.tif,0.0,0
52953,2048,1536,52953_x02048_y01536.png,52953_x02048_y01536.png,52953_x02048_y01536.tif,0.0,0
52953,2560,1536,52953_x02560_y01536.png,52953_x02560_y01536.png,52953_x02560_y01536.tif,0.0,0
52953,3072,1536,52953_x03072_y01536.png,52953_x03072_y01536.png,52953_x03072_y01536.tif,0.0,0
52953,3584,1536,52953_x03584_y01536.png,52953_x03584_y01536.png,52953_x03584_y01536.tif,0.0163726806640625,4292
52953,4096,1536,52953_x04096_y01536.png,52953_x04096_y01536.png,52953_x04096_y01536.tif,0.0,0
52953,0,2048,52953_x00000_y02048.png,52953_x00000_y02048.png,52953_x00000_y02048.tif,0.0,0
52953,512,2048,52953_x00512_y02048.png,52953_x00512_y02048.png,52953_x00512_y02048.tif,0.0,0
52953,1024,2048,52953_x01024_y02048.png,52953_x01024_y02048.png,52953_x01024_y02048.tif,0.0,0
52953,1536,2048,52953_x01536_y02048.png,52953_x01536_y02048.png,52953_x01536_y02048.tif,0.0,0
52953,2048,2048,52953_x02048_y02048.png,52953_x02048_y02048.png,52953_x02048_y02048.tif,0.0,0
52953,2560,2048,52953_x02560_y02048.png,52953_x02560_y02048.png,52953_x02560_y02048.tif,0.0,0
52953,3072,2048,52953_x03072_y02048.png,52953_x03072_y02048.png,52953_x03072_y02048.tif,0.0,0
52953,3584,2048,52953_x03584_y02048.png,52953_x03584_y02048.png,52953_x03584_y02048.tif,0.0,0
52953,4096,2048,52953_x04096_y02048.png,52953_x04096_y02048.png,52953_x04096_y02048.tif,0.0,0
52953,0,2560,52953_x00000_y02560.png,52953_x00000_y02560.png,52953_x00000_y02560.tif,0.0,0
52953,512,2560,52953_x00512_y02560.png,52953_x00512_y02560.png,52953_x00512_y02560.tif,0.0,0
52953,1024,2560,52953_x01024_y02560.png,52953_x01024_y02560.png,52953_x01024_y02560.tif,0.0,0
52953,1536,2560,52953_x01536_y02560.png,52953_x01536_y02560.png,52953_x01536_y02560.tif,0.0,0
52953,2048,2560,52953_x02048_y02560.png,52953_x02048_y02560.png,52953_x02048_y02560.tif,0.0,0
52953,2560,2560,52953_x02560_y02560.png,52953_x02560_y02560.png,52953_x02560_y02560.tif,0.0,0
52953,3072,2560,52953_x03072_y02560.png,52953_x03072_y02560.png,52953_x03072_y02560.tif,0.0,0
52953,3584,2560,52953_x03584_y02560.png,52953_x03584_y02560.png,52953_x03584_y02560.tif,0.0,0
52953,4096,2560,52953_x04096_y02560.png,52953_x04096_y02560.png,52953_x04096_y02560.tif,0.0,0
52953,0,3072,52953_x00000_y03072.png,52953_x00000_y03072.png,52953_x00000_y03072.tif,0.0,0
52953,512,3072,52953_x00512_y03072.png,52953_x00512_y03072.png,52953_x00512_y03072.tif,0.0,0
52953,1024,3072,52953_x01024_y03072.png,52953_x01024_y03072.png,52953_x01024_y03072.tif,0.0,0
52953,1536,3072,52953_x01536_y03072.png,52953_x01536_y03072.png,52953_x01536_y03072.tif,0.0,0
52953,2048,3072,52953_x02048_y03072.png,52953_x02048_y03072.png,52953_x02048_y03072.tif,0.0,0
52953,2560,3072,52953_x02560_y03072.png,52953_x02560_y03072.png,52953_x02560_y03072.tif,0.0,0
52953,3072,3072,52953_x03072_y03072.png,52953_x03072_y03072.png,52953_x03072_y03072.tif,0.0,0
52953,3584,3072,52953_x03584_y03072.png,52953_x03584_y03072.png,52953_x03584_y03072.tif,0.0,0
52953,4096,3072,52953_x04096_y03072.png,52953_x04096_y03072.png,52953_x04096_y03072.tif,0.0,0
52953,0,3584,52953_x00000_y03584.png,52953_x00000_y03584.png,52953_x00000_y03584.tif,0.0,0
52953,512,3584,52953_x00512_y03584.png,52953_x00512_y03584.png,52953_x00512_y03584.tif,0.0,0
52953,1024,3584,52953_x01024_y03584.png,52953_x01024_y03584.png,52953_x01024_y03584.tif,0.0,0
52953,1536,3584,52953_x01536_y03584.png,52953_x01536_y03584.png,52953_x01536_y03584.tif,0.0,0
52953,2048,3584,52953_x02048_y03584.png,52953_x02048_y03584.png,52953_x02048_y03584.tif,0.0,0
52953,2560,3584,52953_x02560_y03584.png,52953_x02560_y03584.png,52953_x02560_y03584.tif,0.0,0
52953,3072,3584,52953_x03072_y03584.png,52953_x03072_y03584.png,52953_x03072_y03584.tif,0.0,0
52953,3584,3584,52953_x03584_y03584.png,52953_x03584_y03584.png,52953_x03584_y03584.tif,0.0,0
52953,4096,3584,52953_x04096_y03584.png,52953_x04096_y03584.png,52953_x04096_y03584.tif,0.0,0
52953,0,4096,52953_x00000_y04096.png,52953_x00000_y04096.png,52953_x00000_y04096.tif,0.0,0
52953,512,4096,52953_x00512_y04096.png,52953_x00512_y04096.png,52953_x00512_y04096.tif,0.0,0
52953,1024,4096,52953_x01024_y04096.png,52953_x01024_y04096.png,52953_x01024_y04096.tif,0.0,0
52953,1536,4096,52953_x01536_y04096.png,52953_x01536_y04096.png,52953_x01536_y04096.tif,0.0,0
52953,2048,4096,52953_x02048_y04096.png,52953_x02048_y04096.png,52953_x02048_y04096.tif,0.0,0
52953,2560,4096,52953_x02560_y04096.png,52953_x02560_y04096.png,52953_x02560_y04096.tif,0.0,0
52953,3072,4096,52953_x03072_y04096.png,52953_x03072_y04096.png,52953_x03072_y04096.tif,0.0,0
52953,3584,4096,52953_x03584_y04096.png,52953_x03584_y04096.png,52953_x03584_y04096.tif,0.0,0
52953,4096,4096,52953_x04096_y04096.png,52953_x04096_y04096.png,52953_x04096_y04096.tif,0.0,0
63353,0,0,63353_x00000_y00000.png,63353_x00000_y00000.png,63353_x00000_y00000.tif,0.0,0
63353,512,0,63353_x00512_y00000.png,63353_x00512_y00000.png,63353_x00512_y00000.tif,0.0,0
63353,1024,0,63353_x01024_y00000.png,63353_x01024_y00000.png,63353_x01024_y00000.tif,0.0,0
63353,1536,0,63353_x01536_y00000.png,63353_x01536_y00000.png,63353_x01536_y00000.tif,0.0,0
63353,2048,0,63353_x02048_y00000.png,63353_x02048_y00000.png,63353_x02048_y00000.tif,0.0,0
63353,2560,0,63353_x02560_y00000.png,63353_x02560_y00000.png,63353_x02560_y00000.tif,0.0,0
63353,3072,0,63353_x03072_y00000.png,63353_x03072_y00000.png,63353_x03072_y00000.tif,0.0,0
63353,3584,0,63353_x03584_y00000.png,63353_x03584_y00000.png,63353_x03584_y00000.tif,0.0,0
63353,4096,0,63353_x04096_y00000.png,63353_x04096_y00000.png,63353_x04096_y00000.tif,0.0,0
63353,0,512,63353_x00000_y00512.png,63353_x00000_y00512.png,63353_x00000_y00512.tif,0.0,0
63353,512,512,63353_x00512_y00512.png,63353_x00512_y00512.png,63353_x00512_y00512.tif,0.0,0
63353,1024,512,63353_x01024_y00512.png,63353_x01024_y00512.png,63353_x01024_y00512.tif,0.0,0
63353,1536,512,63353_x01536_y00512.png,63353_x01536_y00512.png,63353_x01536_y00512.tif,0.0,0
63353,2048,512,63353_x02048_y00512.png,63353_x02048_y00512.png,63353_x02048_y00512.tif,0.0,0
63353,2560,512,63353_x02560_y00512.png,63353_x02560_y00512.png,63353_x02560_y00512.tif,0.0,0
63353,3072,512,63353_x03072_y00512.png,63353_x03072_y00512.png,63353_x03072_y00512.tif,0.0,0
63353,3584,512,63353_x03584_y00512.png,63353_x03584_y00512.png,63353_x03584_y00512.tif,0.0,0
63353,4096,512,63353_x04096_y00512.png,63353_x04096_y00512.png,63353_x04096_y00512.tif,0.0,0
63353,0,1024,63353_x00000_y01024.png,63353_x00000_y01024.png,63353_x00000_y01024.tif,0.0,0
63353,512,1024,63353_x00512_y01024.png,63353_x00512_y01024.png,63353_x00512_y01024.tif,0.0,0
63353,1024,1024,63353_x01024_y01024.png,63353_x01024_y01024.png,63353_x01024_y01024.tif,0.0,0
63353,1536,1024,63353_x01536_y01024.png,63353_x01536_y01024.png,63353_x01536_y01024.tif,0.0,0
63353,2048,1024,63353_x02048_y01024.png,63353_x02048_y01024.png,63353_x02048_y01024.tif,0.0,0
63353,2560,1024,63353_x02560_y01024.png,63353_x02560_y01024.png,63353_x02560_y01024.tif,0.0,0
63353,3072,1024,63353_x03072_y01024.png,63353_x03072_y01024.png,63353_x03072_y01024.tif,0.0,0
63353,3584,1024,63353_x03584_y01024.png,63353_x03584_y01024.png,63353_x03584_y01024.tif,0.0,0
63353,4096,1024,63353_x04096_y01024.png,63353_x04096_y01024.png,63353_x04096_y01024.tif,0.0,0
63353,0,1536,63353_x00000_y01536.png,63353_x00000_y01536.png,63353_x00000_y01536.tif,0.0,0
63353,512,1536,63353_x00512_y01536.png,63353_x00512_y01536.png,63353_x00512_y01536.tif,0.0,0
63353,1024,1536,63353_x01024_y01536.png,63353_x01024_y01536.png,63353_x01024_y01536.tif,0.0,0
63353,1536,1536,63353_x01536_y01536.png,63353_x01536_y01536.png,63353_x01536_y01536.tif,0.0,0
63353,2048,1536,63353_x02048_y01536.png,63353_x02048_y01536.png,63353_x02048_y01536.tif,0.0,0
63353,2560,1536,63353_x02560_y01536.png,63353_x02560_y01536.png,63353_x02560_y01536.tif,0.0,0
63353,3072,1536,63353_x03072_y01536.png,63353_x03072_y01536.png,63353_x03072_y01536.tif,0.0,0
63353,3584,1536,63353_x03584_y01536.png,63353_x03584_y01536.png,63353_x03584_y01536.tif,0.0,0
63353,4096,1536,63353_x04096_y01536.png,63353_x04096_y01536.png,63353_x04096_y01536.tif,0.0,0
63353,0,2048,63353_x00000_y02048.png,63353_x00000_y02048.png,63353_x00000_y02048.tif,0.0,0
63353,512,2048,63353_x00512_y02048.png,63353_x00512_y02048.png,63353_x00512_y02048.tif,0.0,0
63353,1024,2048,63353_x01024_y02048.png,63353_x01024_y02048.png,63353_x01024_y02048.tif,0.0,0
63353,1536,2048,63353_x01536_y02048.png,63353_x01536_y02048.png,63353_x01536_y02048.tif,0.0,0
63353,2048,2048,63353_x02048_y02048.png,63353_x02048_y02048.png,63353_x02048_y02048.tif,0.0,0
63353,2560,2048,63353_x02560_y02048.png,63353_x02560_y02048.png,63353_x02560_y02048.tif,0.0,0
63353,3072,2048,63353_x03072_y02048.png,63353_x03072_y02048.png,63353_x03072_y02048.tif,0.0,0
63353,3584,2048,63353_x03584_y02048.png,63353_x03584_y02048.png,63353_x03584_y02048.tif,0.0,0
63353,4096,2048,63353_x04096_y02048.png,63353_x04096_y02048.png,63353_x04096_y02048.tif,0.0,0
63353,0,2560,63353_x00000_y02560.png,63353_x00000_y02560.png,63353_x00000_y02560.tif,0.0,0
63353,512,2560,63353_x00512_y02560.png,63353_x00512_y02560.png,63353_x00512_y02560.tif,0.0,0
63353,1024,2560,63353_x01024_y02560.png,63353_x01024_y02560.png,63353_x01024_y02560.tif,0.0,0
63353,1536,2560,63353_x01536_y02560.png,63353_x01536_y02560.png,63353_x01536_y02560.tif,0.0,0
63353,2048,2560,63353_x02048_y02560.png,63353_x02048_y02560.png,63353_x02048_y02560.tif,0.0,0
63353,2560,2560,63353_x02560_y02560.png,63353_x02560_y02560.png,63353_x02560_y02560.tif,0.0,0
63353,3072,2560,63353_x03072_y02560.png,63353_x03072_y02560.png,63353_x03072_y02560.tif,0.0,0
63353,3584,2560,63353_x03584_y02560.png,63353_x03584_y02560.png,63353_x03584_y02560.tif,0.0,0
63353,4096,2560,63353_x04096_y02560.png,63353_x04096_y02560.png,63353_x04096_y02560.tif,0.0,0
63353,0,3072,63353_x00000_y03072.png,63353_x00000_y03072.png,63353_x00000_y03072.tif,0.0,0
63353,512,3072,63353_x00512_y03072.png,63353_x00512_y03072.png,63353_x00512_y03072.tif,0.0,0
63353,1024,3072,63353_x01024_y03072.png,63353_x01024_y03072.png,63353_x01024_y03072.tif,0.0,0
63353,1536,3072,63353_x01536_y03072.png,63353_x01536_y03072.png,63353_x01536_y03072.tif,0.0,0
63353,2048,3072,63353_x02048_y03072.png,63353_x02048_y03072.png,63353_x02048_y03072.tif,0.0,0
63353,2560,3072,63353_x02560_y03072.png,63353_x02560_y03072.png,63353_x02560_y03072.tif,0.0,0
63353,3072,3072,63353_x03072_y03072.png,63353_x03072_y03072.png,63353_x03072_y03072.tif,0.0,0
63353,3584,3072,63353_x03584_y03072.png,63353_x03584_y03072.png,63353_x03584_y03072.tif,0.0,0
63353,4096,3072,63353_x04096_y03072.png,63353_x04096_y03072.png,63353_x04096_y03072.tif,0.0,0
63353,0,3584,63353_x00000_y03584.png,63353_x00000_y03584.png,63353_x00000_y03584.tif,0.0,0
63353,512,3584,63353_x00512_y03584.png,63353_x00512_y03584.png,63353_x00512_y03584.tif,0.0,0
63353,1024,3584,63353_x01024_y03584.png,63353_x01024_y03584.png,63353_x01024_y03584.tif,0.0,0
63353,1536,3584,63353_x01536_y03584.png,63353_x01536_y03584.png,63353_x01536_y03584.tif,0.0,0
63353,2048,3584,63353_x02048_y03584.png,63353_x02048_y03584.png,63353_x02048_y03584.tif,0.0,0
63353,2560,3584,63353_x02560_y03584.png,63353_x02560_y03584.png,63353_x02560_y03584.tif,0.0,0
63353,3072,3584,63353_x03072_y03584.png,63353_x03072_y03584.png,63353_x03072_y03584.tif,0.0,0
63353,3584,3584,63353_x03584_y03584.png,63353_x03584_y03584.png,63353_x03584_y03584.tif,0.0,0
63353,4096,3584,63353_x04096_y03584.png,63353_x04096_y03584.png,63353_x04096_y03584.tif,0.0,0
63353,0,4096,63353_x00000_y04096.png,63353_x00000_y04096.png,63353_x00000_y04096.tif,0.0,0
63353,512,4096,63353_x00512_y04096.png,63353_x00512_y04096.png,63353_x00512_y04096.tif,0.0,0
63353,1024,4096,63353_x01024_y04096.png,63353_x01024_y04096.png,63353_x01024_y04096.tif,0.0,0
63353,1536,4096,63353_x01536_y04096.png,63353_x01536_y04096.png,63353_x01536_y04096.tif,0.0,0
63353,2048,4096,63353_x02048_y04096.png,63353_x02048_y04096.png,63353_x02048_y04096.tif,0.0,0
63353,2560,4096,63353_x02560_y04096.png,63353_x02560_y04096.png,63353_x02560_y04096.tif,0.0,0
63353,3072,4096,63353_x03072_y04096.png,63353_x03072_y04096.png,63353_x03072_y04096.tif,0.0,0
63353,3584,4096,63353_x03584_y04096.png,63353_x03584_y04096.png,63353_x03584_y04096.tif,0.0,0
63353,4096,4096,63353_x04096_y04096.png,63353_x04096_y04096.png,63353_x04096_y04096.tif,0.0,0
54471,0,0,54471_x00000_y00000.png,54471_x00000_y00000.png,54471_x00000_y00000.tif,0.0,0
54471,512,0,54471_x00512_y00000.png,54471_x00512_y00000.png,54471_x00512_y00000.tif,0.01247406005859375,3270
54471,1024,0,54471_x01024_y00000.png,54471_x01024_y00000.png,54471_x01024_y00000.tif,0.0,0
54471,1536,0,54471_x01536_y00000.png,54471_x01536_y00000.png,54471_x01536_y00000.tif,0.0,0
54471,2048,0,54471_x02048_y00000.png,54471_x02048_y00000.png,54471_x02048_y00000.tif,0.0,0
54471,2560,0,54471_x02560_y00000.png,54471_x02560_y00000.png,54471_x02560_y00000.tif,0.0,0
54471,3072,0,54471_x03072_y00000.png,54471_x03072_y00000.png,54471_x03072_y00000.tif,0.0,0
54471,3584,0,54471_x03584_y00000.png,54471_x03584_y00000.png,54471_x03584_y00000.tif,0.0,0
54471,4096,0,54471_x04096_y00000.png,54471_x04096_y00000.png,54471_x04096_y00000.tif,0.0,0
54471,0,512,54471_x00000_y00512.png,54471_x00000_y00512.png,54471_x00000_y00512.tif,0.0,0
54471,512,512,54471_x00512_y00512.png,54471_x00512_y00512.png,54471_x00512_y00512.tif,0.0,0
54471,1024,512,54471_x01024_y00512.png,54471_x01024_y00512.png,54471_x01024_y00512.tif,0.0,0
54471,1536,512,54471_x01536_y00512.png,54471_x01536_y00512.png,54471_x01536_y00512.tif,0.0,0
54471,2048,512,54471_x02048_y00512.png,54471_x02048_y00512.png,54471_x02048_y00512.tif,0.0,0
54471,2560,512,54471_x02560_y00512.png,54471_x02560_y00512.png,54471_x02560_y00512.tif,0.0,0
54471,3072,512,54471_x03072_y00512.png,54471_x03072_y00512.png,54471_x03072_y00512.tif,0.0,0
54471,3584,512,54471_x03584_y00512.png,54471_x03584_y00512.png,54471_x03584_y00512.tif,0.0,0
54471,4096,512,54471_x04096_y00512.png,54471_x04096_y00512.png,54471_x04096_y00512.tif,0.0,0
54471,0,1024,54471_x00000_y01024.png,54471_x00000_y01024.png,54471_x00000_y01024.tif,0.0,0
54471,512,1024,54471_x00512_y01024.png,54471_x00512_y01024.png,54471_x00512_y01024.tif,0.0,0
54471,1024,1024,54471_x01024_y01024.png,54471_x01024_y01024.png,54471_x01024_y01024.tif,0.0,0
54471,1536,1024,54471_x01536_y01024.png,54471_x01536_y01024.png,54471_x01536_y01024.tif,0.0,0
54471,2048,1024,54471_x02048_y01024.png,54471_x02048_y01024.png,54471_x02048_y01024.tif,0.0,0
54471,2560,1024,54471_x02560_y01024.png,54471_x02560_y01024.png,54471_x02560_y01024.tif,0.0,0
54471,3072,1024,54471_x03072_y01024.png,54471_x03072_y01024.png,54471_x03072_y01024.tif,0.0,0
54471,3584,1024,54471_x03584_y01024.png,54471_x03584_y01024.png,54471_x03584_y01024.tif,0.0,0
54471,4096,1024,54471_x04096_y01024.png,54471_x04096_y01024.png,54471_x04096_y01024.tif,0.0,0
54471,0,1536,54471_x00000_y01536.png,54471_x00000_y01536.png,54471_x00000_y01536.tif,0.0,0
54471,512,1536,54471_x00512_y01536.png,54471_x00512_y01536.png,54471_x00512_y01536.tif,0.0,0
54471,1024,1536,54471_x01024_y01536.png,54471_x01024_y01536.png,54471_x01024_y01536.tif,0.0,0
54471,1536,1536,54471_x01536_y01536.png,54471_x01536_y01536.png,54471_x01536_y01536.tif,0.0,0
54471,2048,1536,54471_x02048_y01536.png,54471_x02048_y01536.png,54471_x02048_y01536.tif,0.0,0
54471,2560,1536,54471_x02560_y01536.png,54471_x02560_y01536.png,54471_x02560_y01536.tif,0.0,0
54471,3072,1536,54471_x03072_y01536.png,54471_x03072_y01536.png,54471_x03072_y01536.tif,0.0,0
54471,3584,1536,54471_x03584_y01536.png,54471_x03584_y01536.png,54471_x03584_y01536.tif,0.0,0
54471,4096,1536,54471_x04096_y01536.png,54471_x04096_y01536.png,54471_x04096_y01536.tif,0.0,0
54471,0,2048,54471_x00000_y02048.png,54471_x00000_y02048.png,54471_x00000_y02048.tif,0.0,0
54471,512,2048,54471_x00512_y02048.png,54471_x00512_y02048.png,54471_x00512_y02048.tif,0.0,0
54471,1024,2048,54471_x01024_y02048.png,54471_x01024_y02048.png,54471_x01024_y02048.tif,0.0,0
54471,1536,2048,54471_x01536_y02048.png,54471_x01536_y02048.png,54471_x01536_y02048.tif,0.0,0
54471,2048,2048,54471_x02048_y02048.png,54471_x02048_y02048.png,54471_x02048_y02048.tif,0.0,0
54471,2560,2048,54471_x02560_y02048.png,54471_x02560_y02048.png,54471_x02560_y02048.tif,0.0,0
54471,3072,2048,54471_x03072_y02048.png,54471_x03072_y02048.png,54471_x03072_y02048.tif,0.0,0
54471,3584,2048,54471_x03584_y02048.png,54471_x03584_y02048.png,54471_x03584_y02048.tif,0.0,0
54471,4096,2048,54471_x04096_y02048.png,54471_x04096_y02048.png,54471_x04096_y02048.tif,0.0,0
54471,0,2560,54471_x00000_y02560.png,54471_x00000_y02560.png,54471_x00000_y02560.tif,0.0,0
54471,512,2560,54471_x00512_y02560.png,54471_x00512_y02560.png,54471_x00512_y02560.tif,0.0,0
54471,1024,2560,54471_x01024_y02560.png,54471_x01024_y02560.png,54471_x01024_y02560.tif,0.0,0
54471,1536,2560,54471_x01536_y02560.png,54471_x01536_y02560.png,54471_x01536_y02560.tif,0.0,0
54471,2048,2560,54471_x02048_y02560.png,54471_x02048_y02560.png,54471_x02048_y02560.tif,0.0,0
54471,2560,2560,54471_x02560_y02560.png,54471_x02560_y02560.png,54471_x02560_y02560.tif,0.0,0
54471,3072,2560,54471_x03072_y02560.png,54471_x03072_y02560.png,54471_x03072_y02560.tif,0.0,0
54471,3584,2560,54471_x03584_y02560.png,54471_x03584_y02560.png,54471_x03584_y02560.tif,0.0,0
54471,4096,2560,54471_x04096_y02560.png,54471_x04096_y02560.png,54471_x04096_y02560.tif,0.0,0
54471,0,3072,54471_x00000_y03072.png,54471_x00000_y03072.png,54471_x00000_y03072.tif,0.0,0
54471,512,3072,54471_x00512_y03072.png,54471_x00512_y03072.png,54471_x00512_y03072.tif,0.0,0
54471,1024,3072,54471_x01024_y03072.png,54471_x01024_y03072.png,54471_x01024_y03072.tif,0.0,0
54471,1536,3072,54471_x01536_y03072.png,54471_x01536_y03072.png,54471_x01536_y03072.tif,0.0,0
54471,2048,3072,54471_x02048_y03072.png,54471_x02048_y03072.png,54471_x02048_y03072.tif,0.0,0
54471,2560,3072,54471_x02560_y03072.png,54471_x02560_y03072.png,54471_x02560_y03072.tif,0.0,0
54471,3072,3072,54471_x03072_y03072.png,54471_x03072_y03072.png,54471_x03072_y03072.tif,0.0,0
54471,3584,3072,54471_x03584_y03072.png,54471_x03584_y03072.png,54471_x03584_y03072.tif,0.0,0
54471,4096,3072,54471_x04096_y03072.png,54471_x04096_y03072.png,54471_x04096_y03072.tif,0.0,0
54471,0,3584,54471_x00000_y03584.png,54471_x00000_y03584.png,54471_x00000_y03584.tif,0.0,0
54471,512,3584,54471_x00512_y03584.png,54471_x00512_y03584.png,54471_x00512_y03584.tif,0.0,0
54471,1024,3584,54471_x01024_y03584.png,54471_x01024_y03584.png,54471_x01024_y03584.tif,0.0,0
54471,1536,3584,54471_x01536_y03584.png,54471_x01536_y03584.png,54471_x01536_y03584.tif,0.0,0
54471,2048,3584,54471_x02048_y03584.png,54471_x02048_y03584.png,54471_x02048_y03584.tif,0.0,0
54471,2560,3584,54471_x02560_y03584.png,54471_x02560_y03584.png,54471_x02560_y03584.tif,0.0,0
54471,3072,3584,54471_x03072_y03584.png,54471_x03072_y03584.png,54471_x03072_y03584.tif,0.0,0
54471,3584,3584,54471_x03584_y03584.png,54471_x03584_y03584.png,54471_x03584_y03584.tif,0.0,0
54471,4096,3584,54471_x04096_y03584.png,54471_x04096_y03584.png,54471_x04096_y03584.tif,0.0,0
54471,0,4096,54471_x00000_y04096.png,54471_x00000_y04096.png,54471_x00000_y04096.tif,0.0,0
54471,512,4096,54471_x00512_y04096.png,54471_x00512_y04096.png,54471_x00512_y04096.tif,0.0,0
54471,1024,4096,54471_x01024_y04096.png,54471_x01024_y04096.png,54471_x01024_y04096.tif,0.0,0
54471,1536,4096,54471_x01536_y04096.png,54471_x01536_y04096.png,54471_x01536_y04096.tif,0.0,0
54471,2048,4096,54471_x02048_y04096.png,54471_x02048_y04096.png,54471_x02048_y04096.tif,0.0,0
54471,2560,4096,54471_x02560_y04096.png,54471_x02560_y04096.png,54471_x02560_y04096.tif,0.0,0
54471,3072,4096,54471_x03072_y04096.png,54471_x03072_y04096.png,54471_x03072_y04096.tif,0.0,0
54471,3584,4096,54471_x03584_y04096.png,54471_x03584_y04096.png,54471_x03584_y04096.tif,0.0,0
54471,4096,4096,54471_x04096_y04096.png,54471_x04096_y04096.png,54471_x04096_y04096.tif,0.0,0
53932,0,0,53932_x00000_y00000.png,53932_x00000_y00000.png,53932_x00000_y00000.tif,0.0,0
53932,512,0,53932_x00512_y00000.png,53932_x00512_y00000.png,53932_x00512_y00000.tif,0.0,0
53932,1024,0,53932_x01024_y00000.png,53932_x01024_y00000.png,53932_x01024_y00000.tif,0.0,0
53932,1536,0,53932_x01536_y00000.png,53932_x01536_y00000.png,53932_x01536_y00000.tif,0.0,0
53932,2048,0,53932_x02048_y00000.png,53932_x02048_y00000.png,53932_x02048_y00000.tif,0.0,0
53932,2560,0,53932_x02560_y00000.png,53932_x02560_y00000.png,53932_x02560_y00000.tif,0.0,0
53932,3072,0,53932_x03072_y00000.png,53932_x03072_y00000.png,53932_x03072_y00000.tif,0.0,0
53932,3584,0,53932_x03584_y00000.png,53932_x03584_y00000.png,53932_x03584_y00000.tif,0.0,0
53932,4096,0,53932_x04096_y00000.png,53932_x04096_y00000.png,53932_x04096_y00000.tif,0.0,0
53932,0,512,53932_x00000_y00512.png,53932_x00000_y00512.png,53932_x00000_y00512.tif,0.0,0
53932,512,512,53932_x00512_y00512.png,53932_x00512_y00512.png,53932_x00512_y00512.tif,0.0,0
53932,1024,512,53932_x01024_y00512.png,53932_x01024_y00512.png,53932_x01024_y00512.tif,0.0,0
53932,1536,512,53932_x01536_y00512.png,53932_x01536_y00512.png,53932_x01536_y00512.tif,0.0,0
53932,2048,512,53932_x02048_y00512.png,53932_x02048_y00512.png,53932_x02048_y00512.tif,0.0,0
53932,2560,512,53932_x02560_y00512.png,53932_x02560_y00512.png,53932_x02560_y00512.tif,0.0,0
53932,3072,512,53932_x03072_y00512.png,53932_x03072_y00512.png,53932_x03072_y00512.tif,0.0,0
53932,3584,512,53932_x03584_y00512.png,53932_x03584_y00512.png,53932_x03584_y00512.tif,0.0,0
53932,4096,512,53932_x04096_y00512.png,53932_x04096_y00512.png,53932_x04096_y00512.tif,0.0,0
53932,0,1024,53932_x00000_y01024.png,53932_x00000_y01024.png,53932_x00000_y01024.tif,0.0,0
53932,512,1024,53932_x00512_y01024.png,53932_x00512_y01024.png,53932_x00512_y01024.tif,0.0,0
53932,1024,1024,53932_x01024_y01024.png,53932_x01024_y01024.png,53932_x01024_y01024.tif,0.0,0
53932,1536,1024,53932_x01536_y01024.png,53932_x01536_y01024.png,53932_x01536_y01024.tif,0.0,0
53932,2048,1024,53932_x02048_y01024.png,53932_x02048_y01024.png,53932_x02048_y01024.tif,0.0,0
53932,2560,1024,53932_x02560_y01024.png,53932_x02560_y01024.png,53932_x02560_y01024.tif,0.0,0
53932,3072,1024,53932_x03072_y01024.png,53932_x03072_y01024.png,53932_x03072_y01024.tif,0.0,0
53932,3584,1024,53932_x03584_y01024.png,53932_x03584_y01024.png,53932_x03584_y01024.tif,0.0,0
53932,4096,1024,53932_x04096_y01024.png,53932_x04096_y01024.png,53932_x04096_y01024.tif,0.0,0
53932,0,1536,53932_x00000_y01536.png,53932_x00000_y01536.png,53932_x00000_y01536.tif,0.0,0
53932,512,1536,53932_x00512_y01536.png,53932_x00512_y01536.png,53932_x00512_y01536.tif,0.0,0
53932,1024,1536,53932_x01024_y01536.png,53932_x01024_y01536.png,53932_x01024_y01536.tif,0.0,0
53932,1536,1536,53932_x01536_y01536.png,53932_x01536_y01536.png,53932_x01536_y01536.tif,0.0,0
53932,2048,1536,53932_x02048_y01536.png,53932_x02048_y01536.png,53932_x02048_y01536.tif,0.0,0
53932,2560,1536,53932_x02560_y01536.png,53932_x02560_y01536.png,53932_x02560_y01536.tif,0.0,0
53932,3072,1536,53932_x03072_y01536.png,53932_x03072_y01536.png,53932_x03072_y01536.tif,0.0,0
53932,3584,1536,53932_x03584_y01536.png,53932_x03584_y01536.png,53932_x03584_y01536.tif,0.0,0
53932,4096,1536,53932_x04096_y01536.png,53932_x04096_y01536.png,53932_x04096_y01536.tif,0.0,0
53932,0,2048,53932_x00000_y02048.png,53932_x00000_y02048.png,53932_x00000_y02048.tif,0.0,0
53932,512,2048,53932_x00512_y02048.png,53932_x00512_y02048.png,53932_x00512_y02048.tif,0.0,0
53932,1024,2048,53932_x01024_y02048.png,53932_x01024_y02048.png,53932_x01024_y02048.tif,0.0,0
53932,1536,2048,53932_x01536_y02048.png,53932_x01536_y02048.png,53932_x01536_y02048.tif,0.0,0
53932,2048,2048,53932_x02048_y02048.png,53932_x02048_y02048.png,53932_x02048_y02048.tif,0.0,0
53932,2560,2048,53932_x02560_y02048.png,53932_x02560_y02048.png,53932_x02560_y02048.tif,0.0,0
53932,3072,2048,53932_x03072_y02048.png,53932_x03072_y02048.png,53932_x03072_y02048.tif,0.0,0
53932,3584,2048,53932_x03584_y02048.png,53932_x03584_y02048.png,53932_x03584_y02048.tif,0.0,0
53932,4096,2048,53932_x04096_y02048.png,53932_x04096_y02048.png,53932_x04096_y02048.tif,0.0,0
53932,0,2560,53932_x00000_y02560.png,53932_x00000_y02560.png,53932_x00000_y02560.tif,0.0,0
53932,512,2560,53932_x00512_y02560.png,53932_x00512_y02560.png,53932_x00512_y02560.tif,0.0,0
53932,1024,2560,53932_x01024_y02560.png,53932_x01024_y02560.png,53932_x01024_y02560.tif,0.0,0
53932,1536,2560,53932_x01536_y02560.png,53932_x01536_y02560.png,53932_x01536_y02560.tif,0.0,0
53932,2048,2560,53932_x02048_y02560.png,53932_x02048_y02560.png,53932_x02048_y02560.tif,0.0,0
53932,2560,2560,53932_x02560_y02560.png,53932_x02560_y02560.png,53932_x02560_y02560.tif,0.0,0
53932,3072,2560,53932_x03072_y02560.png,53932_x03072_y02560.png,53932_x03072_y02560.tif,0.0,0
53932,3584,2560,53932_x03584_y02560.png,53932_x03584_y02560.png,53932_x03584_y02560.tif,0.0,0
53932,4096,2560,53932_x04096_y02560.png,53932_x04096_y02560.png,53932_x04096_y02560.tif,0.0,0
53932,0,3072,53932_x00000_y03072.png,53932_x00000_y03072.png,53932_x00000_y03072.tif,0.0,0
53932,512,3072,53932_x00512_y03072.png,53932_x00512_y03072.png,53932_x00512_y03072.tif,0.0,0
53932,1024,3072,53932_x01024_y03072.png,53932_x01024_y03072.png,53932_x01024_y03072.tif,0.0,0
53932,1536,3072,53932_x01536_y03072.png,53932_x01536_y03072.png,53932_x01536_y03072.tif,0.0,0
53932,2048,3072,53932_x02048_y03072.png,53932_x02048_y03072.png,53932_x02048_y03072.tif,0.0,0
53932,2560,3072,53932_x02560_y03072.png,53932_x02560_y03072.png,53932_x02560_y03072.tif,0.0,0
53932,3072,3072,53932_x03072_y03072.png,53932_x03072_y03072.png,53932_x03072_y03072.tif,0.0,0
53932,3584,3072,53932_x03584_y03072.png,53932_x03584_y03072.png,53932_x03584_y03072.tif,0.0,0
53932,4096,3072,53932_x04096_y03072.png,53932_x04096_y03072.png,53932_x04096_y03072.tif,0.0,0
53932,0,3584,53932_x00000_y03584.png,53932_x00000_y03584.png,53932_x00000_y03584.tif,0.0,0
53932,512,3584,53932_x00512_y03584.png,53932_x00512_y03584.png,53932_x00512_y03584.tif,0.0,0
53932,1024,3584,53932_x01024_y03584.png,53932_x01024_y03584.png,53932_x01024_y03584.tif,0.0,0
53932,1536,3584,53932_x01536_y03584.png,53932_x01536_y03584.png,53932_x01536_y03584.tif,0.0,0
53932,2048,3584,53932_x02048_y03584.png,53932_x02048_y03584.png,53932_x02048_y03584.tif,0.0,0
53932,2560,3584,53932_x02560_y03584.png,53932_x02560_y03584.png,53932_x02560_y03584.tif,0.0,0
53932,3072,3584,53932_x03072_y03584.png,53932_x03072_y03584.png,53932_x03072_y03584.tif,0.0,0
53932,3584,3584,53932_x03584_y03584.png,53932_x03584_y03584.png,53932_x03584_y03584.tif,0.0,0
53932,4096,3584,53932_x04096_y03584.png,53932_x04096_y03584.png,53932_x04096_y03584.tif,0.0,0
53932,0,4096,53932_x00000_y04096.png,53932_x00000_y04096.png,53932_x00000_y04096.tif,0.0,0
53932,512,4096,53932_x00512_y04096.png,53932_x00512_y04096.png,53932_x00512_y04096.tif,0.0,0
53932,1024,4096,53932_x01024_y04096.png,53932_x01024_y04096.png,53932_x01024_y04096.tif,0.0,0
53932,1536,4096,53932_x01536_y04096.png,53932_x01536_y04096.png,53932_x01536_y04096.tif,0.0,0
53932,2048,4096,53932_x02048_y04096.png,53932_x02048_y04096.png,53932_x02048_y04096.tif,0.0,0
53932,2560,4096,53932_x02560_y04096.png,53932_x02560_y04096.png,53932_x02560_y04096.tif,0.0,0
53932,3072,4096,53932_x03072_y04096.png,53932_x03072_y04096.png,53932_x03072_y04096.tif,0.0,0
53932,3584,4096,53932_x03584_y04096.png,53932_x03584_y04096.png,53932_x03584_y04096.tif,0.0,0
53932,4096,4096,53932_x04096_y04096.png,53932_x04096_y04096.png,53932_x04096_y04096.tif,0.0,0
55214,0,0,55214_x00000_y00000.png,55214_x00000_y00000.png,55214_x00000_y00000.tif,0.0,0
55214,512,0,55214_x00512_y00000.png,55214_x00512_y00000.png,55214_x00512_y00000.tif,0.0,0
55214,1024,0,55214_x01024_y00000.png,55214_x01024_y00000.png,55214_x01024_y00000.tif,0.0,0
55214,1536,0,55214_x01536_y00000.png,55214_x01536_y00000.png,55214_x01536_y00000.tif,0.0,0
55214,2048,0,55214_x02048_y00000.png,55214_x02048_y00000.png,55214_x02048_y00000.tif,0.0,0
55214,2560,0,55214_x02560_y00000.png,55214_x02560_y00000.png,55214_x02560_y00000.tif,0.0,0
55214,3072,0,55214_x03072_y00000.png,55214_x03072_y00000.png,55214_x03072_y00000.tif,0.0,0
55214,3584,0,55214_x03584_y00000.png,55214_x03584_y00000.png,55214_x03584_y00000.tif,0.0,0
55214,4096,0,55214_x04096_y00000.png,55214_x04096_y00000.png,55214_x04096_y00000.tif,0.0,0
55214,0,512,55214_x00000_y00512.png,55214_x00000_y00512.png,55214_x00000_y00512.tif,0.0,0
55214,512,512,55214_x00512_y00512.png,55214_x00512_y00512.png,55214_x00512_y00512.tif,0.0,0
55214,1024,512,55214_x01024_y00512.png,55214_x01024_y00512.png,55214_x01024_y00512.tif,0.0,0
55214,1536,512,55214_x01536_y00512.png,55214_x01536_y00512.png,55214_x01536_y00512.tif,0.0,0
55214,2048,512,55214_x02048_y00512.png,55214_x02048_y00512.png,55214_x02048_y00512.tif,0.0,0
55214,2560,512,55214_x02560_y00512.png,55214_x02560_y00512.png,55214_x02560_y00512.tif,0.0,0
55214,3072,512,55214_x03072_y00512.png,55214_x03072_y00512.png,55214_x03072_y00512.tif,0.0,0
55214,3584,512,55214_x03584_y00512.png,55214_x03584_y00512.png,55214_x03584_y00512.tif,0.0,0
55214,4096,512,55214_x04096_y00512.png,55214_x04096_y00512.png,55214_x04096_y00512.tif,0.0,0
55214,0,1024,55214_x00000_y01024.png,55214_x00000_y01024.png,55214_x00000_y01024.tif,0.0,0
55214,512,1024,55214_x00512_y01024.png,55214_x00512_y01024.png,55214_x00512_y01024.tif,0.0,0
55214,1024,1024,55214_x01024_y01024.png,55214_x01024_y01024.png,55214_x01024_y01024.tif,0.0,0
55214,1536,1024,55214_x01536_y01024.png,55214_x01536_y01024.png,55214_x01536_y01024.tif,0.0,0
55214,2048,1024,55214_x02048_y01024.png,55214_x02048_y01024.png,55214_x02048_y01024.tif,0.0,0
55214,2560,1024,55214_x02560_y01024.png,55214_x02560_y01024.png,55214_x02560_y01024.tif,0.0,0
55214,3072,1024,55214_x03072_y01024.png,55214_x03072_y01024.png,55214_x03072_y01024.tif,0.0,0
55214,3584,1024,55214_x03584_y01024.png,55214_x03584_y01024.png,55214_x03584_y01024.tif,0.0,0
55214,4096,1024,55214_x04096_y01024.png,55214_x04096_y01024.png,55214_x04096_y01024.tif,0.0,0
55214,0,1536,55214_x00000_y01536.png,55214_x00000_y01536.png,55214_x00000_y01536.tif,0.0,0
55214,512,1536,55214_x00512_y01536.png,55214_x00512_y01536.png,55214_x00512_y01536.tif,0.0,0
55214,1024,1536,55214_x01024_y01536.png,55214_x01024_y01536.png,55214_x01024_y01536.tif,0.0,0
55214,1536,1536,55214_x01536_y01536.png,55214_x01536_y01536.png,55214_x01536_y01536.tif,0.0,0
55214,2048,1536,55214_x02048_y01536.png,55214_x02048_y01536.png,55214_x02048_y01536.tif,0.0,0
55214,2560,1536,55214_x02560_y01536.png,55214_x02560_y01536.png,55214_x02560_y01536.tif,0.0,0
55214,3072,1536,55214_x03072_y01536.png,55214_x03072_y01536.png,55214_x03072_y01536.tif,0.0,0
55214,3584,1536,55214_x03584_y01536.png,55214_x03584_y01536.png,55214_x03584_y01536.tif,0.0,0
55214,4096,1536,55214_x04096_y01536.png,55214_x04096_y01536.png,55214_x04096_y01536.tif,0.0,0
55214,0,2048,55214_x00000_y02048.png,55214_x00000_y02048.png,55214_x00000_y02048.tif,0.0,0
55214,512,2048,55214_x00512_y02048.png,55214_x00512_y02048.png,55214_x00512_y02048.tif,0.0,0
55214,1024,2048,55214_x01024_y02048.png,55214_x01024_y02048.png,55214_x01024_y02048.tif,0.0,0
55214,1536,2048,55214_x01536_y02048.png,55214_x01536_y02048.png,55214_x01536_y02048.tif,0.0,0
55214,2048,2048,55214_x02048_y02048.png,55214_x02048_y02048.png,55214_x02048_y02048.tif,0.0,0
55214,2560,2048,55214_x02560_y02048.png,55214_x02560_y02048.png,55214_x02560_y02048.tif,0.0,0
55214,3072,2048,55214_x03072_y02048.png,55214_x03072_y02048.png,55214_x03072_y02048.tif,0.0,0
55214,3584,2048,55214_x03584_y02048.png,55214_x03584_y02048.png,55214_x03584_y02048.tif,0.0,0
55214,4096,2048,55214_x04096_y02048.png,55214_x04096_y02048.png,55214_x04096_y02048.tif,0.0,0
55214,0,2560,55214_x00000_y02560.png,55214_x00000_y02560.png,55214_x00000_y02560.tif,0.0,0
55214,512,2560,55214_x00512_y02560.png,55214_x00512_y02560.png,55214_x00512_y02560.tif,0.0,0
55214,1024,2560,55214_x01024_y02560.png,55214_x01024_y02560.png,55214_x01024_y02560.tif,0.0,0
55214,1536,2560,55214_x01536_y02560.png,55214_x01536_y02560.png,55214_x01536_y02560.tif,0.0,0
55214,2048,2560,55214_x02048_y02560.png,55214_x02048_y02560.png,55214_x02048_y02560.tif,0.0,0
55214,2560,2560,55214_x02560_y02560.png,55214_x02560_y02560.png,55214_x02560_y02560.tif,0.0,0
55214,3072,2560,55214_x03072_y02560.png,55214_x03072_y02560.png,55214_x03072_y02560.tif,0.0,0
55214,3584,2560,55214_x03584_y02560.png,55214_x03584_y02560.png,55214_x03584_y02560.tif,0.0,0
55214,4096,2560,55214_x04096_y02560.png,55214_x04096_y02560.png,55214_x04096_y02560.tif,0.0,0
55214,0,3072,55214_x00000_y03072.png,55214_x00000_y03072.png,55214_x00000_y03072.tif,0.0,0
55214,512,3072,55214_x00512_y03072.png,55214_x00512_y03072.png,55214_x00512_y03072.tif,0.0,0
55214,1024,3072,55214_x01024_y03072.png,55214_x01024_y03072.png,55214_x01024_y03072.tif,0.0,0
55214,1536,3072,55214_x01536_y03072.png,55214_x01536_y03072.png,55214_x01536_y03072.tif,0.0,0
55214,2048,3072,55214_x02048_y03072.png,55214_x02048_y03072.png,55214_x02048_y03072.tif,0.0,0
55214,2560,3072,55214_x02560_y03072.png,55214_x02560_y03072.png,55214_x02560_y03072.tif,0.0,0
55214,3072,3072,55214_x03072_y03072.png,55214_x03072_y03072.png,55214_x03072_y03072.tif,0.0,0
55214,3584,3072,55214_x03584_y03072.png,55214_x03584_y03072.png,55214_x03584_y03072.tif,0.0,0
55214,4096,3072,55214_x04096_y03072.png,55214_x04096_y03072.png,55214_x04096_y03072.tif,0.0,0
55214,0,3584,55214_x00000_y03584.png,55214_x00000_y03584.png,55214_x00000_y03584.tif,0.0,0
55214,512,3584,55214_x00512_y03584.png,55214_x00512_y03584.png,55214_x00512_y03584.tif,0.0,0
55214,1024,3584,55214_x01024_y03584.png,55214_x01024_y03584.png,55214_x01024_y03584.tif,0.0,0
55214,1536,3584,55214_x01536_y03584.png,55214_x01536_y03584.png,55214_x01536_y03584.tif,0.0,0
55214,2048,3584,55214_x02048_y03584.png,55214_x02048_y03584.png,55214_x02048_y03584.tif,0.0,0
55214,2560,3584,55214_x02560_y03584.png,55214_x02560_y03584.png,55214_x02560_y03584.tif,0.0,0
55214,3072,3584,55214_x03072_y03584.png,55214_x03072_y03584.png,55214_x03072_y03584.tif,0.0,0
55214,3584,3584,55214_x03584_y03584.png,55214_x03584_y03584.png,55214_x03584_y03584.tif,0.0,0
55214,4096,3584,55214_x04096_y03584.png,55214_x04096_y03584.png,55214_x04096_y03584.tif,0.0,0
55214,0,4096,55214_x00000_y04096.png,55214_x00000_y04096.png,55214_x00000_y04096.tif,0.0,0
55214,512,4096,55214_x00512_y04096.png,55214_x00512_y04096.png,55214_x00512_y04096.tif,0.0,0
55214,1024,4096,55214_x01024_y04096.png,55214_x01024_y04096.png,55214_x01024_y04096.tif,0.0,0
55214,1536,4096,55214_x01536_y04096.png,55214_x01536_y04096.png,55214_x01536_y04096.tif,0.0,0
55214,2048,4096,55214_x02048_y04096.png,55214_x02048_y04096.png,55214_x02048_y04096.tif,0.0,0
55214,2560,4096,55214_x02560_y04096.png,55214_x02560_y04096.png,55214_x02560_y04096.tif,0.0,0
55214,3072,4096,55214_x03072_y04096.png,55214_x03072_y04096.png,55214_x03072_y04096.tif,0.0,0
55214,3584,4096,55214_x03584_y04096.png,55214_x03584_y04096.png,55214_x03584_y04096.tif,0.0,0
55214,4096,4096,55214_x04096_y04096.png,55214_x04096_y04096.png,55214_x04096_y04096.tif,0.0,0
62093,0,0,62093_x00000_y00000.png,62093_x00000_y00000.png,62093_x00000_y00000.tif,0.0,0
62093,512,0,62093_x00512_y00000.png,62093_x00512_y00000.png,62093_x00512_y00000.tif,0.0,0
62093,1024,0,62093_x01024_y00000.png,62093_x01024_y00000.png,62093_x01024_y00000.tif,0.0,0
62093,1536,0,62093_x01536_y00000.png,62093_x01536_y00000.png,62093_x01536_y00000.tif,0.0,0
62093,2048,0,62093_x02048_y00000.png,62093_x02048_y00000.png,62093_x02048_y00000.tif,0.0,0
62093,2560,0,62093_x02560_y00000.png,62093_x02560_y00000.png,62093_x02560_y00000.tif,0.0,0
62093,3072,0,62093_x03072_y00000.png,62093_x03072_y00000.png,62093_x03072_y00000.tif,0.0,0
62093,3584,0,62093_x03584_y00000.png,62093_x03584_y00000.png,62093_x03584_y00000.tif,0.0,0
62093,4096,0,62093_x04096_y00000.png,62093_x04096_y00000.png,62093_x04096_y00000.tif,0.0,0
62093,0,512,62093_x00000_y00512.png,62093_x00000_y00512.png,62093_x00000_y00512.tif,0.0,0
62093,512,512,62093_x00512_y00512.png,62093_x00512_y00512.png,62093_x00512_y00512.tif,0.0,0
62093,1024,512,62093_x01024_y00512.png,62093_x01024_y00512.png,62093_x01024_y00512.tif,0.0,0
62093,1536,512,62093_x01536_y00512.png,62093_x01536_y00512.png,62093_x01536_y00512.tif,0.0,0
62093,2048,512,62093_x02048_y00512.png,62093_x02048_y00512.png,62093_x02048_y00512.tif,0.0,0
62093,2560,512,62093_x02560_y00512.png,62093_x02560_y00512.png,62093_x02560_y00512.tif,0.0,0
62093,3072,512,62093_x03072_y00512.png,62093_x03072_y00512.png,62093_x03072_y00512.tif,0.0,0
62093,3584,512,62093_x03584_y00512.png,62093_x03584_y00512.png,62093_x03584_y00512.tif,0.0,0
62093,4096,512,62093_x04096_y00512.png,62093_x04096_y00512.png,62093_x04096_y00512.tif,0.0,0
62093,0,1024,62093_x00000_y01024.png,62093_x00000_y01024.png,62093_x00000_y01024.tif,0.0,0
62093,512,1024,62093_x00512_y01024.png,62093_x00512_y01024.png,62093_x00512_y01024.tif,0.0,0
62093,1024,1024,62093_x01024_y01024.png,62093_x01024_y01024.png,62093_x01024_y01024.tif,0.0,0
62093,1536,1024,62093_x01536_y01024.png,62093_x01536_y01024.png,62093_x01536_y01024.tif,0.0,0
62093,2048,1024,62093_x02048_y01024.png,62093_x02048_y01024.png,62093_x02048_y01024.tif,0.0,0
62093,2560,1024,62093_x02560_y01024.png,62093_x02560_y01024.png,62093_x02560_y01024.tif,0.0,0
62093,3072,1024,62093_x03072_y01024.png,62093_x03072_y01024.png,62093_x03072_y01024.tif,0.0,0
62093,3584,1024,62093_x03584_y01024.png,62093_x03584_y01024.png,62093_x03584_y01024.tif,0.0,0
62093,4096,1024,62093_x04096_y01024.png,62093_x04096_y01024.png,62093_x04096_y01024.tif,0.0,0
62093,0,1536,62093_x00000_y01536.png,62093_x00000_y01536.png,62093_x00000_y01536.tif,0.0,0
62093,512,1536,62093_x00512_y01536.png,62093_x00512_y01536.png,62093_x00512_y01536.tif,0.0,0
62093,1024,1536,62093_x01024_y01536.png,62093_x01024_y01536.png,62093_x01024_y01536.tif,0.0,0
62093,1536,1536,62093_x01536_y01536.png,62093_x01536_y01536.png,62093_x01536_y01536.tif,0.0,0
62093,2048,1536,62093_x02048_y01536.png,62093_x02048_y01536.png,62093_x02048_y01536.tif,0.0,0
62093,2560,1536,62093_x02560_y01536.png,62093_x02560_y01536.png,62093_x02560_y01536.tif,0.0,0
62093,3072,1536,62093_x03072_y01536.png,62093_x03072_y01536.png,62093_x03072_y01536.tif,0.0,0
62093,3584,1536,62093_x03584_y01536.png,62093_x03584_y01536.png,62093_x03584_y01536.tif,0.0,0
62093,4096,1536,62093_x04096_y01536.png,62093_x04096_y01536.png,62093_x04096_y01536.tif,0.0,0
62093,0,2048,62093_x00000_y02048.png,62093_x00000_y02048.png,62093_x00000_y02048.tif,0.0,0
62093,512,2048,62093_x00512_y02048.png,62093_x00512_y02048.png,62093_x00512_y02048.tif,0.0,0
62093,1024,2048,62093_x01024_y02048.png,62093_x01024_y02048.png,62093_x01024_y02048.tif,0.0,0
62093,1536,2048,62093_x01536_y02048.png,62093_x01536_y02048.png,62093_x01536_y02048.tif,0.0,0
62093,2048,2048,62093_x02048_y02048.png,62093_x02048_y02048.png,62093_x02048_y02048.tif,0.0,0
62093,2560,2048,62093_x02560_y02048.png,62093_x02560_y02048.png,62093_x02560_y02048.tif,0.0,0
62093,3072,2048,62093_x03072_y02048.png,62093_x03072_y02048.png,62093_x03072_y02048.tif,0.0,0
62093,3584,2048,62093_x03584_y02048.png,62093_x03584_y02048.png,62093_x03584_y02048.tif,0.0,0
62093,4096,2048,62093_x04096_y02048.png,62093_x04096_y02048.png,62093_x04096_y02048.tif,0.0,0
62093,0,2560,62093_x00000_y02560.png,62093_x00000_y02560.png,62093_x00000_y02560.tif,0.0,0
62093,512,2560,62093_x00512_y02560.png,62093_x00512_y02560.png,62093_x00512_y02560.tif,0.0,0
62093,1024,2560,62093_x01024_y02560.png,62093_x01024_y02560.png,62093_x01024_y02560.tif,0.0,0
62093,1536,2560,62093_x01536_y02560.png,62093_x01536_y02560.png,62093_x01536_y02560.tif,0.0,0
62093,2048,2560,62093_x02048_y02560.png,62093_x02048_y02560.png,62093_x02048_y02560.tif,0.0,0
62093,2560,2560,62093_x02560_y02560.png,62093_x02560_y02560.png,62093_x02560_y02560.tif,0.0,0
62093,3072,2560,62093_x03072_y02560.png,62093_x03072_y02560.png,62093_x03072_y02560.tif,0.0,0
62093,3584,2560,62093_x03584_y02560.png,62093_x03584_y02560.png,62093_x03584_y02560.tif,0.0,0
62093,4096,2560,62093_x04096_y02560.png,62093_x04096_y02560.png,62093_x04096_y02560.tif,0.0,0
62093,0,3072,62093_x00000_y03072.png,62093_x00000_y03072.png,62093_x00000_y03072.tif,0.0,0
62093,512,3072,62093_x00512_y03072.png,62093_x00512_y03072.png,62093_x00512_y03072.tif,0.0,0
62093,1024,3072,62093_x01024_y03072.png,62093_x01024_y03072.png,62093_x01024_y03072.tif,0.0,0
62093,1536,3072,62093_x01536_y03072.png,62093_x01536_y03072.png,62093_x01536_y03072.tif,0.0,0
62093,2048,3072,62093_x02048_y03072.png,62093_x02048_y03072.png,62093_x02048_y03072.tif,0.0,0
62093,2560,3072,62093_x02560_y03072.png,62093_x02560_y03072.png,62093_x02560_y03072.tif,0.031208038330078125,8181
62093,3072,3072,62093_x03072_y03072.png,62093_x03072_y03072.png,62093_x03072_y03072.tif,0.0,0
62093,3584,3072,62093_x03584_y03072.png,62093_x03584_y03072.png,62093_x03584_y03072.tif,0.0,0
62093,4096,3072,62093_x04096_y03072.png,62093_x04096_y03072.png,62093_x04096_y03072.tif,0.0,0
62093,0,3584,62093_x00000_y03584.png,62093_x00000_y03584.png,62093_x00000_y03584.tif,0.0,0
62093,512,3584,62093_x00512_y03584.png,62093_x00512_y03584.png,62093_x00512_y03584.tif,0.28354644775390625,74330
62093,1024,3584,62093_x01024_y03584.png,62093_x01024_y03584.png,62093_x01024_y03584.tif,0.0,0
62093,1536,3584,62093_x01536_y03584.png,62093_x01536_y03584.png,62093_x01536_y03584.tif,0.0,0
62093,2048,3584,62093_x02048_y03584.png,62093_x02048_y03584.png,62093_x02048_y03584.tif,0.0,0
62093,2560,3584,62093_x02560_y03584.png,62093_x02560_y03584.png,62093_x02560_y03584.tif,0.0,0
62093,3072,3584,62093_x03072_y03584.png,62093_x03072_y03584.png,62093_x03072_y03584.tif,0.0,0
62093,3584,3584,62093_x03584_y03584.png,62093_x03584_y03584.png,62093_x03584_y03584.tif,0.0,0
62093,4096,3584,62093_x04096_y03584.png,62093_x04096_y03584.png,62093_x04096_y03584.tif,0.0,0
62093,0,4096,62093_x00000_y04096.png,62093_x00000_y04096.png,62093_x00000_y04096.tif,0.0,0
62093,512,4096,62093_x00512_y04096.png,62093_x00512_y04096.png,62093_x00512_y04096.tif,0.00725555419921875,1902
62093,1024,4096,62093_x01024_y04096.png,62093_x01024_y04096.png,62093_x01024_y04096.tif,0.0,0
62093,1536,4096,62093_x01536_y04096.png,62093_x01536_y04096.png,62093_x01536_y04096.tif,0.0,0
62093,2048,4096,62093_x02048_y04096.png,62093_x02048_y04096.png,62093_x02048_y04096.tif,0.0,0
62093,2560,4096,62093_x02560_y04096.png,62093_x02560_y04096.png,62093_x02560_y04096.tif,0.0,0
62093,3072,4096,62093_x03072_y04096.png,62093_x03072_y04096.png,62093_x03072_y04096.tif,0.0,0
62093,3584,4096,62093_x03584_y04096.png,62093_x03584_y04096.png,62093_x03584_y04096.tif,0.0,0
62093,4096,4096,62093_x04096_y04096.png,62093_x04096_y04096.png,62093_x04096_y04096.tif,0.0,0
64354,0,0,64354_x00000_y00000.png,64354_x00000_y00000.png,64354_x00000_y00000.tif,0.0,0
64354,512,0,64354_x00512_y00000.png,64354_x00512_y00000.png,64354_x00512_y00000.tif,0.0,0
64354,1024,0,64354_x01024_y00000.png,64354_x01024_y00000.png,64354_x01024_y00000.tif,0.0,0
64354,1536,0,64354_x01536_y00000.png,64354_x01536_y00000.png,64354_x01536_y00000.tif,0.0,0
64354,2048,0,64354_x02048_y00000.png,64354_x02048_y00000.png,64354_x02048_y00000.tif,0.0,0
64354,2560,0,64354_x02560_y00000.png,64354_x02560_y00000.png,64354_x02560_y00000.tif,0.0,0
64354,3072,0,64354_x03072_y00000.png,64354_x03072_y00000.png,64354_x03072_y00000.tif,0.0,0
64354,3584,0,64354_x03584_y00000.png,64354_x03584_y00000.png,64354_x03584_y00000.tif,0.0,0
64354,4096,0,64354_x04096_y00000.png,64354_x04096_y00000.png,64354_x04096_y00000.tif,0.0,0
64354,0,512,64354_x00000_y00512.png,64354_x00000_y00512.png,64354_x00000_y00512.tif,0.0,0
64354,512,512,64354_x00512_y00512.png,64354_x00512_y00512.png,64354_x00512_y00512.tif,0.0,0
64354,1024,512,64354_x01024_y00512.png,64354_x01024_y00512.png,64354_x01024_y00512.tif,0.0,0
64354,1536,512,64354_x01536_y00512.png,64354_x01536_y00512.png,64354_x01536_y00512.tif,0.0,0
64354,2048,512,64354_x02048_y00512.png,64354_x02048_y00512.png,64354_x02048_y00512.tif,0.0,0
64354,2560,512,64354_x02560_y00512.png,64354_x02560_y00512.png,64354_x02560_y00512.tif,0.0,0
64354,3072,512,64354_x03072_y00512.png,64354_x03072_y00512.png,64354_x03072_y00512.tif,0.0,0
64354,3584,512,64354_x03584_y00512.png,64354_x03584_y00512.png,64354_x03584_y00512.tif,0.0,0
64354,4096,512,64354_x04096_y00512.png,64354_x04096_y00512.png,64354_x04096_y00512.tif,0.0,0
64354,0,1024,64354_x00000_y01024.png,64354_x00000_y01024.png,64354_x00000_y01024.tif,0.0,0
64354,512,1024,64354_x00512_y01024.png,64354_x00512_y01024.png,64354_x00512_y01024.tif,0.0,0
64354,1024,1024,64354_x01024_y01024.png,64354_x01024_y01024.png,64354_x01024_y01024.tif,0.0,0
64354,1536,1024,64354_x01536_y01024.png,64354_x01536_y01024.png,64354_x01536_y01024.tif,0.0,0
64354,2048,1024,64354_x02048_y01024.png,64354_x02048_y01024.png,64354_x02048_y01024.tif,0.0,0
64354,2560,1024,64354_x02560_y01024.png,64354_x02560_y01024.png,64354_x02560_y01024.tif,0.0,0
64354,3072,1024,64354_x03072_y01024.png,64354_x03072_y01024.png,64354_x03072_y01024.tif,0.0,0
64354,3584,1024,64354_x03584_y01024.png,64354_x03584_y01024.png,64354_x03584_y01024.tif,0.0,0
64354,4096,1024,64354_x04096_y01024.png,64354_x04096_y01024.png,64354_x04096_y01024.tif,0.0,0
64354,0,1536,64354_x00000_y01536.png,64354_x00000_y01536.png,64354_x00000_y01536.tif,0.0,0
64354,512,1536,64354_x00512_y01536.png,64354_x00512_y01536.png,64354_x00512_y01536.tif,0.0,0
64354,1024,1536,64354_x01024_y01536.png,64354_x01024_y01536.png,64354_x01024_y01536.tif,0.0,0
64354,1536,1536,64354_x01536_y01536.png,64354_x01536_y01536.png,64354_x01536_y01536.tif,0.0,0
64354,2048,1536,64354_x02048_y01536.png,64354_x02048_y01536.png,64354_x02048_y01536.tif,0.0,0
64354,2560,1536,64354_x02560_y01536.png,64354_x02560_y01536.png,64354_x02560_y01536.tif,0.0,0
64354,3072,1536,64354_x03072_y01536.png,64354_x03072_y01536.png,64354_x03072_y01536.tif,0.0,0
64354,3584,1536,64354_x03584_y01536.png,64354_x03584_y01536.png,64354_x03584_y01536.tif,0.0,0
64354,4096,1536,64354_x04096_y01536.png,64354_x04096_y01536.png,64354_x04096_y01536.tif,0.0,0
64354,0,2048,64354_x00000_y02048.png,64354_x00000_y02048.png,64354_x00000_y02048.tif,0.0,0
64354,512,2048,64354_x00512_y02048.png,64354_x00512_y02048.png,64354_x00512_y02048.tif,0.0,0
64354,1024,2048,64354_x01024_y02048.png,64354_x01024_y02048.png,64354_x01024_y02048.tif,0.0,0
64354,1536,2048,64354_x01536_y02048.png,64354_x01536_y02048.png,64354_x01536_y02048.tif,0.0,0
64354,2048,2048,64354_x02048_y02048.png,64354_x02048_y02048.png,64354_x02048_y02048.tif,0.0,0
64354,2560,2048,64354_x02560_y02048.png,64354_x02560_y02048.png,64354_x02560_y02048.tif,0.0,0
64354,3072,2048,64354_x03072_y02048.png,64354_x03072_y02048.png,64354_x03072_y02048.tif,0.0,0
64354,3584,2048,64354_x03584_y02048.png,64354_x03584_y02048.png,64354_x03584_y02048.tif,0.0,0
64354,4096,2048,64354_x04096_y02048.png,64354_x04096_y02048.png,64354_x04096_y02048.tif,0.0,0
64354,0,2560,64354_x00000_y02560.png,64354_x00000_y02560.png,64354_x00000_y02560.tif,0.0,0
64354,512,2560,64354_x00512_y02560.png,64354_x00512_y02560.png,64354_x00512_y02560.tif,0.0,0
64354,1024,2560,64354_x01024_y02560.png,64354_x01024_y02560.png,64354_x01024_y02560.tif,0.0,0
64354,1536,2560,64354_x01536_y02560.png,64354_x01536_y02560.png,64354_x01536_y02560.tif,0.0,0
64354,2048,2560,64354_x02048_y02560.png,64354_x02048_y02560.png,64354_x02048_y02560.tif,0.0,0
64354,2560,2560,64354_x02560_y02560.png,64354_x02560_y02560.png,64354_x02560_y02560.tif,0.0,0
64354,3072,2560,64354_x03072_y02560.png,64354_x03072_y02560.png,64354_x03072_y02560.tif,0.0,0
64354,3584,2560,64354_x03584_y02560.png,64354_x03584_y02560.png,64354_x03584_y02560.tif,0.0,0
64354,4096,2560,64354_x04096_y02560.png,64354_x04096_y02560.png,64354_x04096_y02560.tif,0.0,0
64354,0,3072,64354_x00000_y03072.png,64354_x00000_y03072.png,64354_x00000_y03072.tif,0.0,0
64354,512,3072,64354_x00512_y03072.png,64354_x00512_y03072.png,64354_x00512_y03072.tif,0.0,0
64354,1024,3072,64354_x01024_y03072.png,64354_x01024_y03072.png,64354_x01024_y03072.tif,0.0,0
64354,1536,3072,64354_x01536_y03072.png,64354_x01536_y03072.png,64354_x01536_y03072.tif,0.0,0
64354,2048,3072,64354_x02048_y03072.png,64354_x02048_y03072.png,64354_x02048_y03072.tif,0.0,0
64354,2560,3072,64354_x02560_y03072.png,64354_x02560_y03072.png,64354_x02560_y03072.tif,0.0,0
64354,3072,3072,64354_x03072_y03072.png,64354_x03072_y03072.png,64354_x03072_y03072.tif,0.0,0
64354,3584,3072,64354_x03584_y03072.png,64354_x03584_y03072.png,64354_x03584_y03072.tif,0.0,0
64354,4096,3072,64354_x04096_y03072.png,64354_x04096_y03072.png,64354_x04096_y03072.tif,0.0,0
64354,0,3584,64354_x00000_y03584.png,64354_x00000_y03584.png,64354_x00000_y03584.tif,0.0,0
64354,512,3584,64354_x00512_y03584.png,64354_x00512_y03584.png,64354_x00512_y03584.tif,0.0,0
64354,1024,3584,64354_x01024_y03584.png,64354_x01024_y03584.png,64354_x01024_y03584.tif,0.0,0
64354,1536,3584,64354_x01536_y03584.png,64354_x01536_y03584.png,64354_x01536_y03584.tif,0.0,0
64354,2048,3584,64354_x02048_y03584.png,64354_x02048_y03584.png,64354_x02048_y03584.tif,0.0,0
64354,2560,3584,64354_x02560_y03584.png,64354_x02560_y03584.png,64354_x02560_y03584.tif,0.0,0
64354,3072,3584,64354_x03072_y03584.png,64354_x03072_y03584.png,64354_x03072_y03584.tif,0.0,0
64354,3584,3584,64354_x03584_y03584.png,64354_x03584_y03584.png,64354_x03584_y03584.tif,0.0,0
64354,4096,3584,64354_x04096_y03584.png,64354_x04096_y03584.png,64354_x04096_y03584.tif,0.0,0
64354,0,4096,64354_x00000_y04096.png,64354_x00000_y04096.png,64354_x00000_y04096.tif,0.0,0
64354,512,4096,64354_x00512_y04096.png,64354_x00512_y04096.png,64354_x00512_y04096.tif,0.0,0
64354,1024,4096,64354_x01024_y04096.png,64354_x01024_y04096.png,64354_x01024_y04096.tif,0.0,0
64354,1536,4096,64354_x01536_y04096.png,64354_x01536_y04096.png,64354_x01536_y04096.tif,0.0,0
64354,2048,4096,64354_x02048_y04096.png,64354_x02048_y04096.png,64354_x02048_y04096.tif,0.0,0
64354,2560,4096,64354_x02560_y04096.png,64354_x02560_y04096.png,64354_x02560_y04096.tif,0.0,0
64354,3072,4096,64354_x03072_y04096.png,64354_x03072_y04096.png,64354_x03072_y04096.tif,0.0,0
64354,3584,4096,64354_x03584_y04096.png,64354_x03584_y04096.png,64354_x03584_y04096.tif,0.0,0
64354,4096,4096,64354_x04096_y04096.png,64354_x04096_y04096.png,64354_x04096_y04096.tif,0.0,0
62284,0,0,62284_x00000_y00000.png,62284_x00000_y00000.png,62284_x00000_y00000.tif,0.0,0
62284,512,0,62284_x00512_y00000.png,62284_x00512_y00000.png,62284_x00512_y00000.tif,0.0,0
62284,1024,0,62284_x01024_y00000.png,62284_x01024_y00000.png,62284_x01024_y00000.tif,0.0,0
62284,1536,0,62284_x01536_y00000.png,62284_x01536_y00000.png,62284_x01536_y00000.tif,0.0,0
62284,2048,0,62284_x02048_y00000.png,62284_x02048_y00000.png,62284_x02048_y00000.tif,0.0,0
62284,2560,0,62284_x02560_y00000.png,62284_x02560_y00000.png,62284_x02560_y00000.tif,0.0,0
62284,3072,0,62284_x03072_y00000.png,62284_x03072_y00000.png,62284_x03072_y00000.tif,0.0,0
62284,3584,0,62284_x03584_y00000.png,62284_x03584_y00000.png,62284_x03584_y00000.tif,0.0,0
62284,4096,0,62284_x04096_y00000.png,62284_x04096_y00000.png,62284_x04096_y00000.tif,0.0,0
62284,0,512,62284_x00000_y00512.png,62284_x00000_y00512.png,62284_x00000_y00512.tif,0.0,0
62284,512,512,62284_x00512_y00512.png,62284_x00512_y00512.png,62284_x00512_y00512.tif,0.0,0
62284,1024,512,62284_x01024_y00512.png,62284_x01024_y00512.png,62284_x01024_y00512.tif,0.0,0
62284,1536,512,62284_x01536_y00512.png,62284_x01536_y00512.png,62284_x01536_y00512.tif,0.0,0
62284,2048,512,62284_x02048_y00512.png,62284_x02048_y00512.png,62284_x02048_y00512.tif,0.0,0
62284,2560,512,62284_x02560_y00512.png,62284_x02560_y00512.png,62284_x02560_y00512.tif,0.0,0
62284,3072,512,62284_x03072_y00512.png,62284_x03072_y00512.png,62284_x03072_y00512.tif,0.0,0
62284,3584,512,62284_x03584_y00512.png,62284_x03584_y00512.png,62284_x03584_y00512.tif,0.0,0
62284,4096,512,62284_x04096_y00512.png,62284_x04096_y00512.png,62284_x04096_y00512.tif,0.0,0
62284,0,1024,62284_x00000_y01024.png,62284_x00000_y01024.png,62284_x00000_y01024.tif,0.0,0
62284,512,1024,62284_x00512_y01024.png,62284_x00512_y01024.png,62284_x00512_y01024.tif,0.0,0
62284,1024,1024,62284_x01024_y01024.png,62284_x01024_y01024.png,62284_x01024_y01024.tif,0.0,0
62284,1536,1024,62284_x01536_y01024.png,62284_x01536_y01024.png,62284_x01536_y01024.tif,0.0,0
62284,2048,1024,62284_x02048_y01024.png,62284_x02048_y01024.png,62284_x02048_y01024.tif,0.0,0
62284,2560,1024,62284_x02560_y01024.png,62284_x02560_y01024.png,62284_x02560_y01024.tif,0.0,0
62284,3072,1024,62284_x03072_y01024.png,62284_x03072_y01024.png,62284_x03072_y01024.tif,0.0,0
62284,3584,1024,62284_x03584_y01024.png,62284_x03584_y01024.png,62284_x03584_y01024.tif,0.0,0
62284,4096,1024,62284_x04096_y01024.png,62284_x04096_y01024.png,62284_x04096_y01024.tif,0.0,0
62284,0,1536,62284_x00000_y01536.png,62284_x00000_y01536.png,62284_x00000_y01536.tif,0.0,0
62284,512,1536,62284_x00512_y01536.png,62284_x00512_y01536.png,62284_x00512_y01536.tif,0.0,0
62284,1024,1536,62284_x01024_y01536.png,62284_x01024_y01536.png,62284_x01024_y01536.tif,0.0,0
62284,1536,1536,62284_x01536_y01536.png,62284_x01536_y01536.png,62284_x01536_y01536.tif,0.0,0
62284,2048,1536,62284_x02048_y01536.png,62284_x02048_y01536.png,62284_x02048_y01536.tif,0.0,0
62284,2560,1536,62284_x02560_y01536.png,62284_x02560_y01536.png,62284_x02560_y01536.tif,0.0,0
62284,3072,1536,62284_x03072_y01536.png,62284_x03072_y01536.png,62284_x03072_y01536.tif,0.0,0
62284,3584,1536,62284_x03584_y01536.png,62284_x03584_y01536.png,62284_x03584_y01536.tif,0.0,0
62284,4096,1536,62284_x04096_y01536.png,62284_x04096_y01536.png,62284_x04096_y01536.tif,0.0,0
62284,0,2048,62284_x00000_y02048.png,62284_x00000_y02048.png,62284_x00000_y02048.tif,0.0,0
62284,512,2048,62284_x00512_y02048.png,62284_x00512_y02048.png,62284_x00512_y02048.tif,0.0,0
62284,1024,2048,62284_x01024_y02048.png,62284_x01024_y02048.png,62284_x01024_y02048.tif,0.0,0
62284,1536,2048,62284_x01536_y02048.png,62284_x01536_y02048.png,62284_x01536_y02048.tif,0.0,0
62284,2048,2048,62284_x02048_y02048.png,62284_x02048_y02048.png,62284_x02048_y02048.tif,0.0,0
62284,2560,2048,62284_x02560_y02048.png,62284_x02560_y02048.png,62284_x02560_y02048.tif,0.0,0
62284,3072,2048,62284_x03072_y02048.png,62284_x03072_y02048.png,62284_x03072_y02048.tif,0.0,0
62284,3584,2048,62284_x03584_y02048.png,62284_x03584_y02048.png,62284_x03584_y02048.tif,0.0,0
62284,4096,2048,62284_x04096_y02048.png,62284_x04096_y02048.png,62284_x04096_y02048.tif,0.0,0
62284,0,2560,62284_x00000_y02560.png,62284_x00000_y02560.png,62284_x00000_y02560.tif,0.0,0
62284,512,2560,62284_x00512_y02560.png,62284_x00512_y02560.png,62284_x00512_y02560.tif,0.0,0
62284,1024,2560,62284_x01024_y02560.png,62284_x01024_y02560.png,62284_x01024_y02560.tif,0.0,0
62284,1536,2560,62284_x01536_y02560.png,62284_x01536_y02560.png,62284_x01536_y02560.tif,0.0,0
62284,2048,2560,62284_x02048_y02560.png,62284_x02048_y02560.png,62284_x02048_y02560.tif,0.0,0
62284,2560,2560,62284_x02560_y02560.png,62284_x02560_y02560.png,62284_x02560_y02560.tif,0.0,0
62284,3072,2560,62284_x03072_y02560.png,62284_x03072_y02560.png,62284_x03072_y02560.tif,0.0,0
62284,3584,2560,62284_x03584_y02560.png,62284_x03584_y02560.png,62284_x03584_y02560.tif,0.0,0
62284,4096,2560,62284_x04096_y02560.png,62284_x04096_y02560.png,62284_x04096_y02560.tif,0.0,0
62284,0,3072,62284_x00000_y03072.png,62284_x00000_y03072.png,62284_x00000_y03072.tif,0.0,0
62284,512,3072,62284_x00512_y03072.png,62284_x00512_y03072.png,62284_x00512_y03072.tif,0.0,0
62284,1024,3072,62284_x01024_y03072.png,62284_x01024_y03072.png,62284_x01024_y03072.tif,0.0,0
62284,1536,3072,62284_x01536_y03072.png,62284_x01536_y03072.png,62284_x01536_y03072.tif,0.0,0
62284,2048,3072,62284_x02048_y03072.png,62284_x02048_y03072.png,62284_x02048_y03072.tif,0.0,0
62284,2560,3072,62284_x02560_y03072.png,62284_x02560_y03072.png,62284_x02560_y03072.tif,0.0,0
62284,3072,3072,62284_x03072_y03072.png,62284_x03072_y03072.png,62284_x03072_y03072.tif,0.0,0
62284,3584,3072,62284_x03584_y03072.png,62284_x03584_y03072.png,62284_x03584_y03072.tif,0.0,0
62284,4096,3072,62284_x04096_y03072.png,62284_x04096_y03072.png,62284_x04096_y03072.tif,0.0,0
62284,0,3584,62284_x00000_y03584.png,62284_x00000_y03584.png,62284_x00000_y03584.tif,0.0,0
62284,512,3584,62284_x00512_y03584.png,62284_x00512_y03584.png,62284_x00512_y03584.tif,0.0,0
62284,1024,3584,62284_x01024_y03584.png,62284_x01024_y03584.png,62284_x01024_y03584.tif,0.0,0
62284,1536,3584,62284_x01536_y03584.png,62284_x01536_y03584.png,62284_x01536_y03584.tif,0.0,0
62284,2048,3584,62284_x02048_y03584.png,62284_x02048_y03584.png,62284_x02048_y03584.tif,0.0,0
62284,2560,3584,62284_x02560_y03584.png,62284_x02560_y03584.png,62284_x02560_y03584.tif,0.0,0
62284,3072,3584,62284_x03072_y03584.png,62284_x03072_y03584.png,62284_x03072_y03584.tif,0.0,0
62284,3584,3584,62284_x03584_y03584.png,62284_x03584_y03584.png,62284_x03584_y03584.tif,0.0,0
62284,4096,3584,62284_x04096_y03584.png,62284_x04096_y03584.png,62284_x04096_y03584.tif,0.0,0
62284,0,4096,62284_x00000_y04096.png,62284_x00000_y04096.png,62284_x00000_y04096.tif,0.0,0
62284,512,4096,62284_x00512_y04096.png,62284_x00512_y04096.png,62284_x00512_y04096.tif,0.0,0
62284,1024,4096,62284_x01024_y04096.png,62284_x01024_y04096.png,62284_x01024_y04096.tif,0.0082550048828125,2164
62284,1536,4096,62284_x01536_y04096.png,62284_x01536_y04096.png,62284_x01536_y04096.tif,0.0,0
62284,2048,4096,62284_x02048_y04096.png,62284_x02048_y04096.png,62284_x02048_y04096.tif,0.0,0
62284,2560,4096,62284_x02560_y04096.png,62284_x02560_y04096.png,62284_x02560_y04096.tif,0.0,0
62284,3072,4096,62284_x03072_y04096.png,62284_x03072_y04096.png,62284_x03072_y04096.tif,0.0,0
62284,3584,4096,62284_x03584_y04096.png,62284_x03584_y04096.png,62284_x03584_y04096.tif,0.0,0
62284,4096,4096,62284_x04096_y04096.png,62284_x04096_y04096.png,62284_x04096_y04096.tif,0.0,0
54952,0,0,54952_x00000_y00000.png,54952_x00000_y00000.png,54952_x00000_y00000.tif,0.0,0
54952,512,0,54952_x00512_y00000.png,54952_x00512_y00000.png,54952_x00512_y00000.tif,0.0,0
54952,1024,0,54952_x01024_y00000.png,54952_x01024_y00000.png,54952_x01024_y00000.tif,0.0,0
54952,1536,0,54952_x01536_y00000.png,54952_x01536_y00000.png,54952_x01536_y00000.tif,0.0,0
54952,2048,0,54952_x02048_y00000.png,54952_x02048_y00000.png,54952_x02048_y00000.tif,0.0,0
54952,2560,0,54952_x02560_y00000.png,54952_x02560_y00000.png,54952_x02560_y00000.tif,0.0,0
54952,3072,0,54952_x03072_y00000.png,54952_x03072_y00000.png,54952_x03072_y00000.tif,0.0,0
54952,3584,0,54952_x03584_y00000.png,54952_x03584_y00000.png,54952_x03584_y00000.tif,0.0,0
54952,4096,0,54952_x04096_y00000.png,54952_x04096_y00000.png,54952_x04096_y00000.tif,0.0,0
54952,0,512,54952_x00000_y00512.png,54952_x00000_y00512.png,54952_x00000_y00512.tif,0.0,0
54952,512,512,54952_x00512_y00512.png,54952_x00512_y00512.png,54952_x00512_y00512.tif,0.0,0
54952,1024,512,54952_x01024_y00512.png,54952_x01024_y00512.png,54952_x01024_y00512.tif,0.0,0
54952,1536,512,54952_x01536_y00512.png,54952_x01536_y00512.png,54952_x01536_y00512.tif,0.0,0
54952,2048,512,54952_x02048_y00512.png,54952_x02048_y00512.png,54952_x02048_y00512.tif,0.0,0
54952,2560,512,54952_x02560_y00512.png,54952_x02560_y00512.png,54952_x02560_y00512.tif,0.0,0
54952,3072,512,54952_x03072_y00512.png,54952_x03072_y00512.png,54952_x03072_y00512.tif,0.0,0
54952,3584,512,54952_x03584_y00512.png,54952_x03584_y00512.png,54952_x03584_y00512.tif,0.0,0
54952,4096,512,54952_x04096_y00512.png,54952_x04096_y00512.png,54952_x04096_y00512.tif,0.0,0
54952,0,1024,54952_x00000_y01024.png,54952_x00000_y01024.png,54952_x00000_y01024.tif,0.0,0
54952,512,1024,54952_x00512_y01024.png,54952_x00512_y01024.png,54952_x00512_y01024.tif,0.0,0
54952,1024,1024,54952_x01024_y01024.png,54952_x01024_y01024.png,54952_x01024_y01024.tif,0.0,0
54952,1536,1024,54952_x01536_y01024.png,54952_x01536_y01024.png,54952_x01536_y01024.tif,0.0,0
54952,2048,1024,54952_x02048_y01024.png,54952_x02048_y01024.png,54952_x02048_y01024.tif,0.0,0
54952,2560,1024,54952_x02560_y01024.png,54952_x02560_y01024.png,54952_x02560_y01024.tif,0.0,0
54952,3072,1024,54952_x03072_y01024.png,54952_x03072_y01024.png,54952_x03072_y01024.tif,0.0,0
54952,3584,1024,54952_x03584_y01024.png,54952_x03584_y01024.png,54952_x03584_y01024.tif,0.0,0
54952,4096,1024,54952_x04096_y01024.png,54952_x04096_y01024.png,54952_x04096_y01024.tif,0.0,0
54952,0,1536,54952_x00000_y01536.png,54952_x00000_y01536.png,54952_x00000_y01536.tif,0.0,0
54952,512,1536,54952_x00512_y01536.png,54952_x00512_y01536.png,54952_x00512_y01536.tif,0.0,0
54952,1024,1536,54952_x01024_y01536.png,54952_x01024_y01536.png,54952_x01024_y01536.tif,0.0,0
54952,1536,1536,54952_x01536_y01536.png,54952_x01536_y01536.png,54952_x01536_y01536.tif,0.0,0
54952,2048,1536,54952_x02048_y01536.png,54952_x02048_y01536.png,54952_x02048_y01536.tif,0.0,0
54952,2560,1536,54952_x02560_y01536.png,54952_x02560_y01536.png,54952_x02560_y01536.tif,0.0,0
54952,3072,1536,54952_x03072_y01536.png,54952_x03072_y01536.png,54952_x03072_y01536.tif,0.0,0
54952,3584,1536,54952_x03584_y01536.png,54952_x03584_y01536.png,54952_x03584_y01536.tif,0.0,0
54952,4096,1536,54952_x04096_y01536.png,54952_x04096_y01536.png,54952_x04096_y01536.tif,0.0,0
54952,0,2048,54952_x00000_y02048.png,54952_x00000_y02048.png,54952_x00000_y02048.tif,0.0,0
54952,512,2048,54952_x00512_y02048.png,54952_x00512_y02048.png,54952_x00512_y02048.tif,0.0,0
54952,1024,2048,54952_x01024_y02048.png,54952_x01024_y02048.png,54952_x01024_y02048.tif,0.0,0
54952,1536,2048,54952_x01536_y02048.png,54952_x01536_y02048.png,54952_x01536_y02048.tif,0.0,0
54952,2048,2048,54952_x02048_y02048.png,54952_x02048_y02048.png,54952_x02048_y02048.tif,0.0,0
54952,2560,2048,54952_x02560_y02048.png,54952_x02560_y02048.png,54952_x02560_y02048.tif,0.0,0
54952,3072,2048,54952_x03072_y02048.png,54952_x03072_y02048.png,54952_x03072_y02048.tif,0.0,0
54952,3584,2048,54952_x03584_y02048.png,54952_x03584_y02048.png,54952_x03584_y02048.tif,0.0,0
54952,4096,2048,54952_x04096_y02048.png,54952_x04096_y02048.png,54952_x04096_y02048.tif,0.0,0
54952,0,2560,54952_x00000_y02560.png,54952_x00000_y02560.png,54952_x00000_y02560.tif,0.0,0
54952,512,2560,54952_x00512_y02560.png,54952_x00512_y02560.png,54952_x00512_y02560.tif,0.0,0
54952,1024,2560,54952_x01024_y02560.png,54952_x01024_y02560.png,54952_x01024_y02560.tif,0.0,0
54952,1536,2560,54952_x01536_y02560.png,54952_x01536_y02560.png,54952_x01536_y02560.tif,0.0,0
54952,2048,2560,54952_x02048_y02560.png,54952_x02048_y02560.png,54952_x02048_y02560.tif,0.0,0
54952,2560,2560,54952_x02560_y02560.png,54952_x02560_y02560.png,54952_x02560_y02560.tif,0.0,0
54952,3072,2560,54952_x03072_y02560.png,54952_x03072_y02560.png,54952_x03072_y02560.tif,0.0,0
54952,3584,2560,54952_x03584_y02560.png,54952_x03584_y02560.png,54952_x03584_y02560.tif,0.0,0
54952,4096,2560,54952_x04096_y02560.png,54952_x04096_y02560.png,54952_x04096_y02560.tif,0.0,0
54952,0,3072,54952_x00000_y03072.png,54952_x00000_y03072.png,54952_x00000_y03072.tif,0.0,0
54952,512,3072,54952_x00512_y03072.png,54952_x00512_y03072.png,54952_x00512_y03072.tif,0.0,0
54952,1024,3072,54952_x01024_y03072.png,54952_x01024_y03072.png,54952_x01024_y03072.tif,0.0,0
54952,1536,3072,54952_x01536_y03072.png,54952_x01536_y03072.png,54952_x01536_y03072.tif,0.0,0
54952,2048,3072,54952_x02048_y03072.png,54952_x02048_y03072.png,54952_x02048_y03072.tif,0.0,0
54952,2560,3072,54952_x02560_y03072.png,54952_x02560_y03072.png,54952_x02560_y03072.tif,0.0,0
54952,3072,3072,54952_x03072_y03072.png,54952_x03072_y03072.png,54952_x03072_y03072.tif,0.0,0
54952,3584,3072,54952_x03584_y03072.png,54952_x03584_y03072.png,54952_x03584_y03072.tif,0.016567230224609375,4343
54952,4096,3072,54952_x04096_y03072.png,54952_x04096_y03072.png,54952_x04096_y03072.tif,0.0,0
54952,0,3584,54952_x00000_y03584.png,54952_x00000_y03584.png,54952_x00000_y03584.tif,0.0,0
54952,512,3584,54952_x00512_y03584.png,54952_x00512_y03584.png,54952_x00512_y03584.tif,0.0,0
54952,1024,3584,54952_x01024_y03584.png,54952_x01024_y03584.png,54952_x01024_y03584.tif,0.0,0
54952,1536,3584,54952_x01536_y03584.png,54952_x01536_y03584.png,54952_x01536_y03584.tif,0.0,0
54952,2048,3584,54952_x02048_y03584.png,54952_x02048_y03584.png,54952_x02048_y03584.tif,0.0,0
54952,2560,3584,54952_x02560_y03584.png,54952_x02560_y03584.png,54952_x02560_y03584.tif,0.0,0
54952,3072,3584,54952_x03072_y03584.png,54952_x03072_y03584.png,54952_x03072_y03584.tif,0.0,0
54952,3584,3584,54952_x03584_y03584.png,54952_x03584_y03584.png,54952_x03584_y03584.tif,0.0,0
54952,4096,3584,54952_x04096_y03584.png,54952_x04096_y03584.png,54952_x04096_y03584.tif,0.0,0
54952,0,4096,54952_x00000_y04096.png,54952_x00000_y04096.png,54952_x00000_y04096.tif,0.0,0
54952,512,4096,54952_x00512_y04096.png,54952_x00512_y04096.png,54952_x00512_y04096.tif,0.0,0
54952,1024,4096,54952_x01024_y04096.png,54952_x01024_y04096.png,54952_x01024_y04096.tif,0.0,0
54952,1536,4096,54952_x01536_y04096.png,54952_x01536_y04096.png,54952_x01536_y04096.tif,0.0,0
54952,2048,4096,54952_x02048_y04096.png,54952_x02048_y04096.png,54952_x02048_y04096.tif,0.0,0
54952,2560,4096,54952_x02560_y04096.png,54952_x02560_y04096.png,54952_x02560_y04096.tif,0.0,0
54952,3072,4096,54952_x03072_y04096.png,54952_x03072_y04096.png,54952_x03072_y04096.tif,0.0,0
54952,3584,4096,54952_x03584_y04096.png,54952_x03584_y04096.png,54952_x03584_y04096.tif,0.0,0
54952,4096,4096,54952_x04096_y04096.png,54952_x04096_y04096.png,54952_x04096_y04096.tif,0.0,0
52951,0,0,52951_x00000_y00000.png,52951_x00000_y00000.png,52951_x00000_y00000.tif,0.0,0
52951,512,0,52951_x00512_y00000.png,52951_x00512_y00000.png,52951_x00512_y00000.tif,0.0,0
52951,1024,0,52951_x01024_y00000.png,52951_x01024_y00000.png,52951_x01024_y00000.tif,0.0,0
52951,1536,0,52951_x01536_y00000.png,52951_x01536_y00000.png,52951_x01536_y00000.tif,0.0,0
52951,2048,0,52951_x02048_y00000.png,52951_x02048_y00000.png,52951_x02048_y00000.tif,0.0,0
52951,2560,0,52951_x02560_y00000.png,52951_x02560_y00000.png,52951_x02560_y00000.tif,0.0,0
52951,3072,0,52951_x03072_y00000.png,52951_x03072_y00000.png,52951_x03072_y00000.tif,0.0,0
52951,3584,0,52951_x03584_y00000.png,52951_x03584_y00000.png,52951_x03584_y00000.tif,0.0,0
52951,4096,0,52951_x04096_y00000.png,52951_x04096_y00000.png,52951_x04096_y00000.tif,0.0,0
52951,0,512,52951_x00000_y00512.png,52951_x00000_y00512.png,52951_x00000_y00512.tif,0.0,0
52951,512,512,52951_x00512_y00512.png,52951_x00512_y00512.png,52951_x00512_y00512.tif,0.0,0
52951,1024,512,52951_x01024_y00512.png,52951_x01024_y00512.png,52951_x01024_y00512.tif,0.0,0
52951,1536,512,52951_x01536_y00512.png,52951_x01536_y00512.png,52951_x01536_y00512.tif,0.0029296875,768
52951,2048,512,52951_x02048_y00512.png,52951_x02048_y00512.png,52951_x02048_y00512.tif,0.0,0
52951,2560,512,52951_x02560_y00512.png,52951_x02560_y00512.png,52951_x02560_y00512.tif,0.0,0
52951,3072,512,52951_x03072_y00512.png,52951_x03072_y00512.png,52951_x03072_y00512.tif,0.0,0
52951,3584,512,52951_x03584_y00512.png,52951_x03584_y00512.png,52951_x03584_y00512.tif,0.0,0
52951,4096,512,52951_x04096_y00512.png,52951_x04096_y00512.png,52951_x04096_y00512.tif,0.0,0
52951,0,1024,52951_x00000_y01024.png,52951_x00000_y01024.png,52951_x00000_y01024.tif,0.0,0
52951,512,1024,52951_x00512_y01024.png,52951_x00512_y01024.png,52951_x00512_y01024.tif,0.0,0
52951,1024,1024,52951_x01024_y01024.png,52951_x01024_y01024.png,52951_x01024_y01024.tif,0.0,0
52951,1536,1024,52951_x01536_y01024.png,52951_x01536_y01024.png,52951_x01536_y01024.tif,0.0470733642578125,12340
52951,2048,1024,52951_x02048_y01024.png,52951_x02048_y01024.png,52951_x02048_y01024.tif,0.0,0
52951,2560,1024,52951_x02560_y01024.png,52951_x02560_y01024.png,52951_x02560_y01024.tif,0.0,0
52951,3072,1024,52951_x03072_y01024.png,52951_x03072_y01024.png,52951_x03072_y01024.tif,0.0,0
52951,3584,1024,52951_x03584_y01024.png,52951_x03584_y01024.png,52951_x03584_y01024.tif,0.0,0
52951,4096,1024,52951_x04096_y01024.png,52951_x04096_y01024.png,52951_x04096_y01024.tif,0.0,0
52951,0,1536,52951_x00000_y01536.png,52951_x00000_y01536.png,52951_x00000_y01536.tif,0.0,0
52951,512,1536,52951_x00512_y01536.png,52951_x00512_y01536.png,52951_x00512_y01536.tif,0.0,0
52951,1024,1536,52951_x01024_y01536.png,52951_x01024_y01536.png,52951_x01024_y01536.tif,0.0,0
52951,1536,1536,52951_x01536_y01536.png,52951_x01536_y01536.png,52951_x01536_y01536.tif,0.0,0
52951,2048,1536,52951_x02048_y01536.png,52951_x02048_y01536.png,52951_x02048_y01536.tif,0.0,0
52951,2560,1536,52951_x02560_y01536.png,52951_x02560_y01536.png,52951_x02560_y01536.tif,0.0,0
52951,3072,1536,52951_x03072_y01536.png,52951_x03072_y01536.png,52951_x03072_y01536.tif,0.0,0
52951,3584,1536,52951_x03584_y01536.png,52951_x03584_y01536.png,52951_x03584_y01536.tif,0.0,0
52951,4096,1536,52951_x04096_y01536.png,52951_x04096_y01536.png,52951_x04096_y01536.tif,0.0,0
52951,0,2048,52951_x00000_y02048.png,52951_x00000_y02048.png,52951_x00000_y02048.tif,0.0,0
52951,512,2048,52951_x00512_y02048.png,52951_x00512_y02048.png,52951_x00512_y02048.tif,0.0,0
52951,1024,2048,52951_x01024_y02048.png,52951_x01024_y02048.png,52951_x01024_y02048.tif,0.0,0
52951,1536,2048,52951_x01536_y02048.png,52951_x01536_y02048.png,52951_x01536_y02048.tif,0.0,0
52951,2048,2048,52951_x02048_y02048.png,52951_x02048_y02048.png,52951_x02048_y02048.tif,0.0,0
52951,2560,2048,52951_x02560_y02048.png,52951_x02560_y02048.png,52951_x02560_y02048.tif,0.0,0
52951,3072,2048,52951_x03072_y02048.png,52951_x03072_y02048.png,52951_x03072_y02048.tif,0.0,0
52951,3584,2048,52951_x03584_y02048.png,52951_x03584_y02048.png,52951_x03584_y02048.tif,0.0,0
52951,4096,2048,52951_x04096_y02048.png,52951_x04096_y02048.png,52951_x04096_y02048.tif,0.0,0
52951,0,2560,52951_x00000_y02560.png,52951_x00000_y02560.png,52951_x00000_y02560.tif,0.0,0
52951,512,2560,52951_x00512_y02560.png,52951_x00512_y02560.png,52951_x00512_y02560.tif,0.0,0
52951,1024,2560,52951_x01024_y02560.png,52951_x01024_y02560.png,52951_x01024_y02560.tif,0.0,0
52951,1536,2560,52951_x01536_y02560.png,52951_x01536_y02560.png,52951_x01536_y02560.tif,0.0,0
52951,2048,2560,52951_x02048_y02560.png,52951_x02048_y02560.png,52951_x02048_y02560.tif,0.0,0
52951,2560,2560,52951_x02560_y02560.png,52951_x02560_y02560.png,52951_x02560_y02560.tif,0.0,0
52951,3072,2560,52951_x03072_y02560.png,52951_x03072_y02560.png,52951_x03072_y02560.tif,0.0,0
52951,3584,2560,52951_x03584_y02560.png,52951_x03584_y02560.png,52951_x03584_y02560.tif,0.0,0
52951,4096,2560,52951_x04096_y02560.png,52951_x04096_y02560.png,52951_x04096_y02560.tif,0.0,0
52951,0,3072,52951_x00000_y03072.png,52951_x00000_y03072.png,52951_x00000_y03072.tif,0.0,0
52951,512,3072,52951_x00512_y03072.png,52951_x00512_y03072.png,52951_x00512_y03072.tif,0.0,0
52951,1024,3072,52951_x01024_y03072.png,52951_x01024_y03072.png,52951_x01024_y03072.tif,0.0,0
52951,1536,3072,52951_x01536_y03072.png,52951_x01536_y03072.png,52951_x01536_y03072.tif,0.0,0
52951,2048,3072,52951_x02048_y03072.png,52951_x02048_y03072.png,52951_x02048_y03072.tif,0.0,0
52951,2560,3072,52951_x02560_y03072.png,52951_x02560_y03072.png,52951_x02560_y03072.tif,0.0,0
52951,3072,3072,52951_x03072_y03072.png,52951_x03072_y03072.png,52951_x03072_y03072.tif,0.0,0
52951,3584,3072,52951_x03584_y03072.png,52951_x03584_y03072.png,52951_x03584_y03072.tif,0.0,0
52951,4096,3072,52951_x04096_y03072.png,52951_x04096_y03072.png,52951_x04096_y03072.tif,0.0,0
52951,0,3584,52951_x00000_y03584.png,52951_x00000_y03584.png,52951_x00000_y03584.tif,0.0,0
52951,512,3584,52951_x00512_y03584.png,52951_x00512_y03584.png,52951_x00512_y03584.tif,0.0,0
52951,1024,3584,52951_x01024_y03584.png,52951_x01024_y03584.png,52951_x01024_y03584.tif,0.0,0
52951,1536,3584,52951_x01536_y03584.png,52951_x01536_y03584.png,52951_x01536_y03584.tif,0.0,0
52951,2048,3584,52951_x02048_y03584.png,52951_x02048_y03584.png,52951_x02048_y03584.tif,0.0,0
52951,2560,3584,52951_x02560_y03584.png,52951_x02560_y03584.png,52951_x02560_y03584.tif,0.0,0
52951,3072,3584,52951_x03072_y03584.png,52951_x03072_y03584.png,52951_x03072_y03584.tif,0.0,0
52951,3584,3584,52951_x03584_y03584.png,52951_x03584_y03584.png,52951_x03584_y03584.tif,0.0,0
52951,4096,3584,52951_x04096_y03584.png,52951_x04096_y03584.png,52951_x04096_y03584.tif,0.0,0
52951,0,4096,52951_x00000_y04096.png,52951_x00000_y04096.png,52951_x00000_y04096.tif,0.0,0
52951,512,4096,52951_x00512_y04096.png,52951_x00512_y04096.png,52951_x00512_y04096.tif,0.0,0
52951,1024,4096,52951_x01024_y04096.png,52951_x01024_y04096.png,52951_x01024_y04096.tif,0.0,0
52951,1536,4096,52951_x01536_y04096.png,52951_x01536_y04096.png,52951_x01536_y04096.tif,0.0,0
52951,2048,4096,52951_x02048_y04096.png,52951_x02048_y04096.png,52951_x02048_y04096.tif,0.0,0
52951,2560,4096,52951_x02560_y04096.png,52951_x02560_y04096.png,52951_x02560_y04096.tif,0.0,0
52951,3072,4096,52951_x03072_y04096.png,52951_x03072_y04096.png,52951_x03072_y04096.tif,0.0,0
52951,3584,4096,52951_x03584_y04096.png,52951_x03584_y04096.png,52951_x03584_y04096.tif,0.0,0
52951,4096,4096,52951_x04096_y04096.png,52951_x04096_y04096.png,52951_x04096_y04096.tif,0.0,0
63981,0,0,63981_x00000_y00000.png,63981_x00000_y00000.png,63981_x00000_y00000.tif,0.0,0
63981,512,0,63981_x00512_y00000.png,63981_x00512_y00000.png,63981_x00512_y00000.tif,0.0,0
63981,1024,0,63981_x01024_y00000.png,63981_x01024_y00000.png,63981_x01024_y00000.tif,0.0,0
63981,1536,0,63981_x01536_y00000.png,63981_x01536_y00000.png,63981_x01536_y00000.tif,0.0,0
63981,2048,0,63981_x02048_y00000.png,63981_x02048_y00000.png,63981_x02048_y00000.tif,0.0,0
63981,2560,0,63981_x02560_y00000.png,63981_x02560_y00000.png,63981_x02560_y00000.tif,0.0,0
63981,3072,0,63981_x03072_y00000.png,63981_x03072_y00000.png,63981_x03072_y00000.tif,0.0,0
63981,3584,0,63981_x03584_y00000.png,63981_x03584_y00000.png,63981_x03584_y00000.tif,0.0,0
63981,4096,0,63981_x04096_y00000.png,63981_x04096_y00000.png,63981_x04096_y00000.tif,0.0,0
63981,0,512,63981_x00000_y00512.png,63981_x00000_y00512.png,63981_x00000_y00512.tif,0.0,0
63981,512,512,63981_x00512_y00512.png,63981_x00512_y00512.png,63981_x00512_y00512.tif,0.0,0
63981,1024,512,63981_x01024_y00512.png,63981_x01024_y00512.png,63981_x01024_y00512.tif,0.0,0
63981,1536,512,63981_x01536_y00512.png,63981_x01536_y00512.png,63981_x01536_y00512.tif,0.0,0
63981,2048,512,63981_x02048_y00512.png,63981_x02048_y00512.png,63981_x02048_y00512.tif,0.0,0
63981,2560,512,63981_x02560_y00512.png,63981_x02560_y00512.png,63981_x02560_y00512.tif,0.0,0
63981,3072,512,63981_x03072_y00512.png,63981_x03072_y00512.png,63981_x03072_y00512.tif,0.0,0
63981,3584,512,63981_x03584_y00512.png,63981_x03584_y00512.png,63981_x03584_y00512.tif,0.0,0
63981,4096,512,63981_x04096_y00512.png,63981_x04096_y00512.png,63981_x04096_y00512.tif,0.0,0
63981,0,1024,63981_x00000_y01024.png,63981_x00000_y01024.png,63981_x00000_y01024.tif,0.0,0
63981,512,1024,63981_x00512_y01024.png,63981_x00512_y01024.png,63981_x00512_y01024.tif,0.0,0
63981,1024,1024,63981_x01024_y01024.png,63981_x01024_y01024.png,63981_x01024_y01024.tif,0.0,0
63981,1536,1024,63981_x01536_y01024.png,63981_x01536_y01024.png,63981_x01536_y01024.tif,0.0,0
63981,2048,1024,63981_x02048_y01024.png,63981_x02048_y01024.png,63981_x02048_y01024.tif,0.0,0
63981,2560,1024,63981_x02560_y01024.png,63981_x02560_y01024.png,63981_x02560_y01024.tif,0.0,0
63981,3072,1024,63981_x03072_y01024.png,63981_x03072_y01024.png,63981_x03072_y01024.tif,0.0,0
63981,3584,1024,63981_x03584_y01024.png,63981_x03584_y01024.png,63981_x03584_y01024.tif,0.0,0
63981,4096,1024,63981_x04096_y01024.png,63981_x04096_y01024.png,63981_x04096_y01024.tif,0.0,0
63981,0,1536,63981_x00000_y01536.png,63981_x00000_y01536.png,63981_x00000_y01536.tif,0.0,0
63981,512,1536,63981_x00512_y01536.png,63981_x00512_y01536.png,63981_x00512_y01536.tif,0.0,0
63981,1024,1536,63981_x01024_y01536.png,63981_x01024_y01536.png,63981_x01024_y01536.tif,0.0,0
63981,1536,1536,63981_x01536_y01536.png,63981_x01536_y01536.png,63981_x01536_y01536.tif,0.0,0
63981,2048,1536,63981_x02048_y01536.png,63981_x02048_y01536.png,63981_x02048_y01536.tif,0.0,0
63981,2560,1536,63981_x02560_y01536.png,63981_x02560_y01536.png,63981_x02560_y01536.tif,0.0,0
63981,3072,1536,63981_x03072_y01536.png,63981_x03072_y01536.png,63981_x03072_y01536.tif,0.0,0
63981,3584,1536,63981_x03584_y01536.png,63981_x03584_y01536.png,63981_x03584_y01536.tif,0.0,0
63981,4096,1536,63981_x04096_y01536.png,63981_x04096_y01536.png,63981_x04096_y01536.tif,0.0,0
63981,0,2048,63981_x00000_y02048.png,63981_x00000_y02048.png,63981_x00000_y02048.tif,0.0,0
63981,512,2048,63981_x00512_y02048.png,63981_x00512_y02048.png,63981_x00512_y02048.tif,0.0,0
63981,1024,2048,63981_x01024_y02048.png,63981_x01024_y02048.png,63981_x01024_y02048.tif,0.0,0
63981,1536,2048,63981_x01536_y02048.png,63981_x01536_y02048.png,63981_x01536_y02048.tif,0.0,0
63981,2048,2048,63981_x02048_y02048.png,63981_x02048_y02048.png,63981_x02048_y02048.tif,0.0,0
63981,2560,2048,63981_x02560_y02048.png,63981_x02560_y02048.png,63981_x02560_y02048.tif,0.0,0
63981,3072,2048,63981_x03072_y02048.png,63981_x03072_y02048.png,63981_x03072_y02048.tif,0.0,0
63981,3584,2048,63981_x03584_y02048.png,63981_x03584_y02048.png,63981_x03584_y02048.tif,0.0,0
63981,4096,2048,63981_x04096_y02048.png,63981_x04096_y02048.png,63981_x04096_y02048.tif,0.0,0
63981,0,2560,63981_x00000_y02560.png,63981_x00000_y02560.png,63981_x00000_y02560.tif,0.0,0
63981,512,2560,63981_x00512_y02560.png,63981_x00512_y02560.png,63981_x00512_y02560.tif,0.0,0
63981,1024,2560,63981_x01024_y02560.png,63981_x01024_y02560.png,63981_x01024_y02560.tif,0.0,0
63981,1536,2560,63981_x01536_y02560.png,63981_x01536_y02560.png,63981_x01536_y02560.tif,0.0,0
63981,2048,2560,63981_x02048_y02560.png,63981_x02048_y02560.png,63981_x02048_y02560.tif,0.0,0
63981,2560,2560,63981_x02560_y02560.png,63981_x02560_y02560.png,63981_x02560_y02560.tif,0.0,0
63981,3072,2560,63981_x03072_y02560.png,63981_x03072_y02560.png,63981_x03072_y02560.tif,0.0,0
63981,3584,2560,63981_x03584_y02560.png,63981_x03584_y02560.png,63981_x03584_y02560.tif,0.0,0
63981,4096,2560,63981_x04096_y02560.png,63981_x04096_y02560.png,63981_x04096_y02560.tif,0.0,0
63981,0,3072,63981_x00000_y03072.png,63981_x00000_y03072.png,63981_x00000_y03072.tif,0.0,0
63981,512,3072,63981_x00512_y03072.png,63981_x00512_y03072.png,63981_x00512_y03072.tif,0.0,0
63981,1024,3072,63981_x01024_y03072.png,63981_x01024_y03072.png,63981_x01024_y03072.tif,0.0,0
63981,1536,3072,63981_x01536_y03072.png,63981_x01536_y03072.png,63981_x01536_y03072.tif,0.0,0
63981,2048,3072,63981_x02048_y03072.png,63981_x02048_y03072.png,63981_x02048_y03072.tif,0.0,0
63981,2560,3072,63981_x02560_y03072.png,63981_x02560_y03072.png,63981_x02560_y03072.tif,0.0,0
63981,3072,3072,63981_x03072_y03072.png,63981_x03072_y03072.png,63981_x03072_y03072.tif,0.0,0
63981,3584,3072,63981_x03584_y03072.png,63981_x03584_y03072.png,63981_x03584_y03072.tif,0.0,0
63981,4096,3072,63981_x04096_y03072.png,63981_x04096_y03072.png,63981_x04096_y03072.tif,0.0,0
63981,0,3584,63981_x00000_y03584.png,63981_x00000_y03584.png,63981_x00000_y03584.tif,0.0,0
63981,512,3584,63981_x00512_y03584.png,63981_x00512_y03584.png,63981_x00512_y03584.tif,0.0,0
63981,1024,3584,63981_x01024_y03584.png,63981_x01024_y03584.png,63981_x01024_y03584.tif,0.0,0
63981,1536,3584,63981_x01536_y03584.png,63981_x01536_y03584.png,63981_x01536_y03584.tif,0.0,0
63981,2048,3584,63981_x02048_y03584.png,63981_x02048_y03584.png,63981_x02048_y03584.tif,0.0,0
63981,2560,3584,63981_x02560_y03584.png,63981_x02560_y03584.png,63981_x02560_y03584.tif,0.0,0
63981,3072,3584,63981_x03072_y03584.png,63981_x03072_y03584.png,63981_x03072_y03584.tif,0.0,0
63981,3584,3584,63981_x03584_y03584.png,63981_x03584_y03584.png,63981_x03584_y03584.tif,0.0,0
63981,4096,3584,63981_x04096_y03584.png,63981_x04096_y03584.png,63981_x04096_y03584.tif,0.0,0
63981,0,4096,63981_x00000_y04096.png,63981_x00000_y04096.png,63981_x00000_y04096.tif,0.0,0
63981,512,4096,63981_x00512_y04096.png,63981_x00512_y04096.png,63981_x00512_y04096.tif,0.0,0
63981,1024,4096,63981_x01024_y04096.png,63981_x01024_y04096.png,63981_x01024_y04096.tif,0.0,0
63981,1536,4096,63981_x01536_y04096.png,63981_x01536_y04096.png,63981_x01536_y04096.tif,0.0,0
63981,2048,4096,63981_x02048_y04096.png,63981_x02048_y04096.png,63981_x02048_y04096.tif,0.0,0
63981,2560,4096,63981_x02560_y04096.png,63981_x02560_y04096.png,63981_x02560_y04096.tif,0.0,0
63981,3072,4096,63981_x03072_y04096.png,63981_x03072_y04096.png,63981_x03072_y04096.tif,0.0,0
63981,3584,4096,63981_x03584_y04096.png,63981_x03584_y04096.png,63981_x03584_y04096.tif,0.0,0
63981,4096,4096,63981_x04096_y04096.png,63981_x04096_y04096.png,63981_x04096_y04096.tif,0.0,0
54213,0,0,54213_x00000_y00000.png,54213_x00000_y00000.png,54213_x00000_y00000.tif,0.0,0
54213,512,0,54213_x00512_y00000.png,54213_x00512_y00000.png,54213_x00512_y00000.tif,0.0,0
54213,1024,0,54213_x01024_y00000.png,54213_x01024_y00000.png,54213_x01024_y00000.tif,0.0,0
54213,1536,0,54213_x01536_y00000.png,54213_x01536_y00000.png,54213_x01536_y00000.tif,0.0,0
54213,2048,0,54213_x02048_y00000.png,54213_x02048_y00000.png,54213_x02048_y00000.tif,0.0,0
54213,2560,0,54213_x02560_y00000.png,54213_x02560_y00000.png,54213_x02560_y00000.tif,0.0,0
54213,3072,0,54213_x03072_y00000.png,54213_x03072_y00000.png,54213_x03072_y00000.tif,0.0,0
54213,3584,0,54213_x03584_y00000.png,54213_x03584_y00000.png,54213_x03584_y00000.tif,0.0,0
54213,4096,0,54213_x04096_y00000.png,54213_x04096_y00000.png,54213_x04096_y00000.tif,0.0,0
54213,0,512,54213_x00000_y00512.png,54213_x00000_y00512.png,54213_x00000_y00512.tif,0.0,0
54213,512,512,54213_x00512_y00512.png,54213_x00512_y00512.png,54213_x00512_y00512.tif,0.0,0
54213,1024,512,54213_x01024_y00512.png,54213_x01024_y00512.png,54213_x01024_y00512.tif,0.0,0
54213,1536,512,54213_x01536_y00512.png,54213_x01536_y00512.png,54213_x01536_y00512.tif,0.0,0
54213,2048,512,54213_x02048_y00512.png,54213_x02048_y00512.png,54213_x02048_y00512.tif,0.0,0
54213,2560,512,54213_x02560_y00512.png,54213_x02560_y00512.png,54213_x02560_y00512.tif,0.0,0
54213,3072,512,54213_x03072_y00512.png,54213_x03072_y00512.png,54213_x03072_y00512.tif,0.0,0
54213,3584,512,54213_x03584_y00512.png,54213_x03584_y00512.png,54213_x03584_y00512.tif,0.0333099365234375,8732
54213,4096,512,54213_x04096_y00512.png,54213_x04096_y00512.png,54213_x04096_y00512.tif,0.0,0
54213,0,1024,54213_x00000_y01024.png,54213_x00000_y01024.png,54213_x00000_y01024.tif,0.0,0
54213,512,1024,54213_x00512_y01024.png,54213_x00512_y01024.png,54213_x00512_y01024.tif,0.0,0
54213,1024,1024,54213_x01024_y01024.png,54213_x01024_y01024.png,54213_x01024_y01024.tif,0.0,0
54213,1536,1024,54213_x01536_y01024.png,54213_x01536_y01024.png,54213_x01536_y01024.tif,0.0,0
54213,2048,1024,54213_x02048_y01024.png,54213_x02048_y01024.png,54213_x02048_y01024.tif,0.0,0
54213,2560,1024,54213_x02560_y01024.png,54213_x02560_y01024.png,54213_x02560_y01024.tif,0.0,0
54213,3072,1024,54213_x03072_y01024.png,54213_x03072_y01024.png,54213_x03072_y01024.tif,0.0,0
54213,3584,1024,54213_x03584_y01024.png,54213_x03584_y01024.png,54213_x03584_y01024.tif,0.0,0
54213,4096,1024,54213_x04096_y01024.png,54213_x04096_y01024.png,54213_x04096_y01024.tif,0.0,0
54213,0,1536,54213_x00000_y01536.png,54213_x00000_y01536.png,54213_x00000_y01536.tif,0.0,0
54213,512,1536,54213_x00512_y01536.png,54213_x00512_y01536.png,54213_x00512_y01536.tif,0.0,0
54213,1024,1536,54213_x01024_y01536.png,54213_x01024_y01536.png,54213_x01024_y01536.tif,0.0,0
54213,1536,1536,54213_x01536_y01536.png,54213_x01536_y01536.png,54213_x01536_y01536.tif,0.0,0
54213,2048,1536,54213_x02048_y01536.png,54213_x02048_y01536.png,54213_x02048_y01536.tif,0.0,0
54213,2560,1536,54213_x02560_y01536.png,54213_x02560_y01536.png,54213_x02560_y01536.tif,0.0,0
54213,3072,1536,54213_x03072_y01536.png,54213_x03072_y01536.png,54213_x03072_y01536.tif,0.0,0
54213,3584,1536,54213_x03584_y01536.png,54213_x03584_y01536.png,54213_x03584_y01536.tif,0.0,0
54213,4096,1536,54213_x04096_y01536.png,54213_x04096_y01536.png,54213_x04096_y01536.tif,0.0,0
54213,0,2048,54213_x00000_y02048.png,54213_x00000_y02048.png,54213_x00000_y02048.tif,0.0,0
54213,512,2048,54213_x00512_y02048.png,54213_x00512_y02048.png,54213_x00512_y02048.tif,0.0,0
54213,1024,2048,54213_x01024_y02048.png,54213_x01024_y02048.png,54213_x01024_y02048.tif,0.0,0
54213,1536,2048,54213_x01536_y02048.png,54213_x01536_y02048.png,54213_x01536_y02048.tif,0.0,0
54213,2048,2048,54213_x02048_y02048.png,54213_x02048_y02048.png,54213_x02048_y02048.tif,0.0,0
54213,2560,2048,54213_x02560_y02048.png,54213_x02560_y02048.png,54213_x02560_y02048.tif,0.0,0
54213,3072,2048,54213_x03072_y02048.png,54213_x03072_y02048.png,54213_x03072_y02048.tif,0.0,0
54213,3584,2048,54213_x03584_y02048.png,54213_x03584_y02048.png,54213_x03584_y02048.tif,0.0,0
54213,4096,2048,54213_x04096_y02048.png,54213_x04096_y02048.png,54213_x04096_y02048.tif,0.0,0
54213,0,2560,54213_x00000_y02560.png,54213_x00000_y02560.png,54213_x00000_y02560.tif,0.0,0
54213,512,2560,54213_x00512_y02560.png,54213_x00512_y02560.png,54213_x00512_y02560.tif,0.0,0
54213,1024,2560,54213_x01024_y02560.png,54213_x01024_y02560.png,54213_x01024_y02560.tif,0.0,0
54213,1536,2560,54213_x01536_y02560.png,54213_x01536_y02560.png,54213_x01536_y02560.tif,0.0,0
54213,2048,2560,54213_x02048_y02560.png,54213_x02048_y02560.png,54213_x02048_y02560.tif,0.0,0
54213,2560,2560,54213_x02560_y02560.png,54213_x02560_y02560.png,54213_x02560_y02560.tif,0.0,0
54213,3072,2560,54213_x03072_y02560.png,54213_x03072_y02560.png,54213_x03072_y02560.tif,0.0,0
54213,3584,2560,54213_x03584_y02560.png,54213_x03584_y02560.png,54213_x03584_y02560.tif,0.0,0
54213,4096,2560,54213_x04096_y02560.png,54213_x04096_y02560.png,54213_x04096_y02560.tif,0.0,0
54213,0,3072,54213_x00000_y03072.png,54213_x00000_y03072.png,54213_x00000_y03072.tif,0.0,0
54213,512,3072,54213_x00512_y03072.png,54213_x00512_y03072.png,54213_x00512_y03072.tif,0.0,0
54213,1024,3072,54213_x01024_y03072.png,54213_x01024_y03072.png,54213_x01024_y03072.tif,0.0,0
54213,1536,3072,54213_x01536_y03072.png,54213_x01536_y03072.png,54213_x01536_y03072.tif,0.0,0
54213,2048,3072,54213_x02048_y03072.png,54213_x02048_y03072.png,54213_x02048_y03072.tif,0.0,0
54213,2560,3072,54213_x02560_y03072.png,54213_x02560_y03072.png,54213_x02560_y03072.tif,0.0,0
54213,3072,3072,54213_x03072_y03072.png,54213_x03072_y03072.png,54213_x03072_y03072.tif,0.0,0
54213,3584,3072,54213_x03584_y03072.png,54213_x03584_y03072.png,54213_x03584_y03072.tif,0.0,0
54213,4096,3072,54213_x04096_y03072.png,54213_x04096_y03072.png,54213_x04096_y03072.tif,0.0,0
54213,0,3584,54213_x00000_y03584.png,54213_x00000_y03584.png,54213_x00000_y03584.tif,0.0,0
54213,512,3584,54213_x00512_y03584.png,54213_x00512_y03584.png,54213_x00512_y03584.tif,0.0,0
54213,1024,3584,54213_x01024_y03584.png,54213_x01024_y03584.png,54213_x01024_y03584.tif,0.0,0
54213,1536,3584,54213_x01536_y03584.png,54213_x01536_y03584.png,54213_x01536_y03584.tif,0.0,0
54213,2048,3584,54213_x02048_y03584.png,54213_x02048_y03584.png,54213_x02048_y03584.tif,0.0,0
54213,2560,3584,54213_x02560_y03584.png,54213_x02560_y03584.png,54213_x02560_y03584.tif,0.0,0
54213,3072,3584,54213_x03072_y03584.png,54213_x03072_y03584.png,54213_x03072_y03584.tif,0.0,0
54213,3584,3584,54213_x03584_y03584.png,54213_x03584_y03584.png,54213_x03584_y03584.tif,0.0,0
54213,4096,3584,54213_x04096_y03584.png,54213_x04096_y03584.png,54213_x04096_y03584.tif,0.0,0
54213,0,4096,54213_x00000_y04096.png,54213_x00000_y04096.png,54213_x00000_y04096.tif,0.0,0
54213,512,4096,54213_x00512_y04096.png,54213_x00512_y04096.png,54213_x00512_y04096.tif,0.0,0
54213,1024,4096,54213_x01024_y04096.png,54213_x01024_y04096.png,54213_x01024_y04096.tif,0.0,0
54213,1536,4096,54213_x01536_y04096.png,54213_x01536_y04096.png,54213_x01536_y04096.tif,0.0,0
54213,2048,4096,54213_x02048_y04096.png,54213_x02048_y04096.png,54213_x02048_y04096.tif,0.0,0
54213,2560,4096,54213_x02560_y04096.png,54213_x02560_y04096.png,54213_x02560_y04096.tif,0.0,0
54213,3072,4096,54213_x03072_y04096.png,54213_x03072_y04096.png,54213_x03072_y04096.tif,0.0,0
54213,3584,4096,54213_x03584_y04096.png,54213_x03584_y04096.png,54213_x03584_y04096.tif,0.0,0
54213,4096,4096,54213_x04096_y04096.png,54213_x04096_y04096.png,54213_x04096_y04096.tif,0.0,0
54543,0,0,54543_x00000_y00000.png,54543_x00000_y00000.png,54543_x00000_y00000.tif,0.0,0
54543,512,0,54543_x00512_y00000.png,54543_x00512_y00000.png,54543_x00512_y00000.tif,0.0,0
54543,1024,0,54543_x01024_y00000.png,54543_x01024_y00000.png,54543_x01024_y00000.tif,0.0,0
54543,1536,0,54543_x01536_y00000.png,54543_x01536_y00000.png,54543_x01536_y00000.tif,0.0,0
54543,2048,0,54543_x02048_y00000.png,54543_x02048_y00000.png,54543_x02048_y00000.tif,0.0,0
54543,2560,0,54543_x02560_y00000.png,54543_x02560_y00000.png,54543_x02560_y00000.tif,0.0,0
54543,3072,0,54543_x03072_y00000.png,54543_x03072_y00000.png,54543_x03072_y00000.tif,0.0,0
54543,3584,0,54543_x03584_y00000.png,54543_x03584_y00000.png,54543_x03584_y00000.tif,0.0,0
54543,4096,0,54543_x04096_y00000.png,54543_x04096_y00000.png,54543_x04096_y00000.tif,0.0,0
54543,0,512,54543_x00000_y00512.png,54543_x00000_y00512.png,54543_x00000_y00512.tif,0.0,0
54543,512,512,54543_x00512_y00512.png,54543_x00512_y00512.png,54543_x00512_y00512.tif,0.0,0
54543,1024,512,54543_x01024_y00512.png,54543_x01024_y00512.png,54543_x01024_y00512.tif,0.0,0
54543,1536,512,54543_x01536_y00512.png,54543_x01536_y00512.png,54543_x01536_y00512.tif,0.0,0
54543,2048,512,54543_x02048_y00512.png,54543_x02048_y00512.png,54543_x02048_y00512.tif,0.0,0
54543,2560,512,54543_x02560_y00512.png,54543_x02560_y00512.png,54543_x02560_y00512.tif,0.0,0
54543,3072,512,54543_x03072_y00512.png,54543_x03072_y00512.png,54543_x03072_y00512.tif,0.0,0
54543,3584,512,54543_x03584_y00512.png,54543_x03584_y00512.png,54543_x03584_y00512.tif,0.0,0
54543,4096,512,54543_x04096_y00512.png,54543_x04096_y00512.png,54543_x04096_y00512.tif,0.0,0
54543,0,1024,54543_x00000_y01024.png,54543_x00000_y01024.png,54543_x00000_y01024.tif,0.0,0
54543,512,1024,54543_x00512_y01024.png,54543_x00512_y01024.png,54543_x00512_y01024.tif,0.0,0
54543,1024,1024,54543_x01024_y01024.png,54543_x01024_y01024.png,54543_x01024_y01024.tif,0.0,0
54543,1536,1024,54543_x01536_y01024.png,54543_x01536_y01024.png,54543_x01536_y01024.tif,0.0,0
54543,2048,1024,54543_x02048_y01024.png,54543_x02048_y01024.png,54543_x02048_y01024.tif,0.0,0
54543,2560,1024,54543_x02560_y01024.png,54543_x02560_y01024.png,54543_x02560_y01024.tif,0.0,0
54543,3072,1024,54543_x03072_y01024.png,54543_x03072_y01024.png,54543_x03072_y01024.tif,0.0,0
54543,3584,1024,54543_x03584_y01024.png,54543_x03584_y01024.png,54543_x03584_y01024.tif,0.0,0
54543,4096,1024,54543_x04096_y01024.png,54543_x04096_y01024.png,54543_x04096_y01024.tif,0.0,0
54543,0,1536,54543_x00000_y01536.png,54543_x00000_y01536.png,54543_x00000_y01536.tif,0.0,0
54543,512,1536,54543_x00512_y01536.png,54543_x00512_y01536.png,54543_x00512_y01536.tif,0.0,0
54543,1024,1536,54543_x01024_y01536.png,54543_x01024_y01536.png,54543_x01024_y01536.tif,0.0,0
54543,1536,1536,54543_x01536_y01536.png,54543_x01536_y01536.png,54543_x01536_y01536.tif,0.0,0
54543,2048,1536,54543_x02048_y01536.png,54543_x02048_y01536.png,54543_x02048_y01536.tif,0.0,0
54543,2560,1536,54543_x02560_y01536.png,54543_x02560_y01536.png,54543_x02560_y01536.tif,0.0,0
54543,3072,1536,54543_x03072_y01536.png,54543_x03072_y01536.png,54543_x03072_y01536.tif,0.0,0
54543,3584,1536,54543_x03584_y01536.png,54543_x03584_y01536.png,54543_x03584_y01536.tif,0.040210723876953125,10541
54543,4096,1536,54543_x04096_y01536.png,54543_x04096_y01536.png,54543_x04096_y01536.tif,0.01342010498046875,3518
54543,0,2048,54543_x00000_y02048.png,54543_x00000_y02048.png,54543_x00000_y02048.tif,0.0,0
54543,512,2048,54543_x00512_y02048.png,54543_x00512_y02048.png,54543_x00512_y02048.tif,0.0,0
54543,1024,2048,54543_x01024_y02048.png,54543_x01024_y02048.png,54543_x01024_y02048.tif,0.0,0
54543,1536,2048,54543_x01536_y02048.png,54543_x01536_y02048.png,54543_x01536_y02048.tif,0.0,0
54543,2048,2048,54543_x02048_y02048.png,54543_x02048_y02048.png,54543_x02048_y02048.tif,0.0,0
54543,2560,2048,54543_x02560_y02048.png,54543_x02560_y02048.png,54543_x02560_y02048.tif,0.0,0
54543,3072,2048,54543_x03072_y02048.png,54543_x03072_y02048.png,54543_x03072_y02048.tif,0.0,0
54543,3584,2048,54543_x03584_y02048.png,54543_x03584_y02048.png,54543_x03584_y02048.tif,0.0,0
54543,4096,2048,54543_x04096_y02048.png,54543_x04096_y02048.png,54543_x04096_y02048.tif,0.0,0
54543,0,2560,54543_x00000_y02560.png,54543_x00000_y02560.png,54543_x00000_y02560.tif,0.0,0
54543,512,2560,54543_x00512_y02560.png,54543_x00512_y02560.png,54543_x00512_y02560.tif,0.0,0
54543,1024,2560,54543_x01024_y02560.png,54543_x01024_y02560.png,54543_x01024_y02560.tif,0.0,0
54543,1536,2560,54543_x01536_y02560.png,54543_x01536_y02560.png,54543_x01536_y02560.tif,0.0,0
54543,2048,2560,54543_x02048_y02560.png,54543_x02048_y02560.png,54543_x02048_y02560.tif,0.0,0
54543,2560,2560,54543_x02560_y02560.png,54543_x02560_y02560.png,54543_x02560_y02560.tif,0.0,0
54543,3072,2560,54543_x03072_y02560.png,54543_x03072_y02560.png,54543_x03072_y02560.tif,0.0,0
54543,3584,2560,54543_x03584_y02560.png,54543_x03584_y02560.png,54543_x03584_y02560.tif,0.0,0
54543,4096,2560,54543_x04096_y02560.png,54543_x04096_y02560.png,54543_x04096_y02560.tif,0.0,0
54543,0,3072,54543_x00000_y03072.png,54543_x00000_y03072.png,54543_x00000_y03072.tif,0.0,0
54543,512,3072,54543_x00512_y03072.png,54543_x00512_y03072.png,54543_x00512_y03072.tif,0.0,0
54543,1024,3072,54543_x01024_y03072.png,54543_x01024_y03072.png,54543_x01024_y03072.tif,0.0,0
54543,1536,3072,54543_x01536_y03072.png,54543_x01536_y03072.png,54543_x01536_y03072.tif,0.0,0
54543,2048,3072,54543_x02048_y03072.png,54543_x02048_y03072.png,54543_x02048_y03072.tif,0.0,0
54543,2560,3072,54543_x02560_y03072.png,54543_x02560_y03072.png,54543_x02560_y03072.tif,0.0,0
54543,3072,3072,54543_x03072_y03072.png,54543_x03072_y03072.png,54543_x03072_y03072.tif,0.0,0
54543,3584,3072,54543_x03584_y03072.png,54543_x03584_y03072.png,54543_x03584_y03072.tif,0.0,0
54543,4096,3072,54543_x04096_y03072.png,54543_x04096_y03072.png,54543_x04096_y03072.tif,0.0,0
54543,0,3584,54543_x00000_y03584.png,54543_x00000_y03584.png,54543_x00000_y03584.tif,0.0,0
54543,512,3584,54543_x00512_y03584.png,54543_x00512_y03584.png,54543_x00512_y03584.tif,0.0,0
54543,1024,3584,54543_x01024_y03584.png,54543_x01024_y03584.png,54543_x01024_y03584.tif,0.0,0
54543,1536,3584,54543_x01536_y03584.png,54543_x01536_y03584.png,54543_x01536_y03584.tif,0.0,0
54543,2048,3584,54543_x02048_y03584.png,54543_x02048_y03584.png,54543_x02048_y03584.tif,0.0,0
54543,2560,3584,54543_x02560_y03584.png,54543_x02560_y03584.png,54543_x02560_y03584.tif,0.0,0
54543,3072,3584,54543_x03072_y03584.png,54543_x03072_y03584.png,54543_x03072_y03584.tif,0.0,0
54543,3584,3584,54543_x03584_y03584.png,54543_x03584_y03584.png,54543_x03584_y03584.tif,0.0,0
54543,4096,3584,54543_x04096_y03584.png,54543_x04096_y03584.png,54543_x04096_y03584.tif,0.0,0
54543,0,4096,54543_x00000_y04096.png,54543_x00000_y04096.png,54543_x00000_y04096.tif,0.0,0
54543,512,4096,54543_x00512_y04096.png,54543_x00512_y04096.png,54543_x00512_y04096.tif,0.0,0
54543,1024,4096,54543_x01024_y04096.png,54543_x01024_y04096.png,54543_x01024_y04096.tif,0.0,0
54543,1536,4096,54543_x01536_y04096.png,54543_x01536_y04096.png,54543_x01536_y04096.tif,0.0,0
54543,2048,4096,54543_x02048_y04096.png,54543_x02048_y04096.png,54543_x02048_y04096.tif,0.0,0
54543,2560,4096,54543_x02560_y04096.png,54543_x02560_y04096.png,54543_x02560_y04096.tif,0.0,0
54543,3072,4096,54543_x03072_y04096.png,54543_x03072_y04096.png,54543_x03072_y04096.tif,0.0,0
54543,3584,4096,54543_x03584_y04096.png,54543_x03584_y04096.png,54543_x03584_y04096.tif,0.0,0
54543,4096,4096,54543_x04096_y04096.png,54543_x04096_y04096.png,54543_x04096_y04096.tif,0.0,0
64342,0,0,64342_x00000_y00000.png,64342_x00000_y00000.png,64342_x00000_y00000.tif,0.0,0
64342,512,0,64342_x00512_y00000.png,64342_x00512_y00000.png,64342_x00512_y00000.tif,0.0,0
64342,1024,0,64342_x01024_y00000.png,64342_x01024_y00000.png,64342_x01024_y00000.tif,0.0,0
64342,1536,0,64342_x01536_y00000.png,64342_x01536_y00000.png,64342_x01536_y00000.tif,0.0,0
64342,2048,0,64342_x02048_y00000.png,64342_x02048_y00000.png,64342_x02048_y00000.tif,0.0,0
64342,2560,0,64342_x02560_y00000.png,64342_x02560_y00000.png,64342_x02560_y00000.tif,0.0,0
64342,3072,0,64342_x03072_y00000.png,64342_x03072_y00000.png,64342_x03072_y00000.tif,0.0,0
64342,3584,0,64342_x03584_y00000.png,64342_x03584_y00000.png,64342_x03584_y00000.tif,0.0,0
64342,4096,0,64342_x04096_y00000.png,64342_x04096_y00000.png,64342_x04096_y00000.tif,0.0,0
64342,0,512,64342_x00000_y00512.png,64342_x00000_y00512.png,64342_x00000_y00512.tif,0.0,0
64342,512,512,64342_x00512_y00512.png,64342_x00512_y00512.png,64342_x00512_y00512.tif,0.0,0
64342,1024,512,64342_x01024_y00512.png,64342_x01024_y00512.png,64342_x01024_y00512.tif,0.0,0
64342,1536,512,64342_x01536_y00512.png,64342_x01536_y00512.png,64342_x01536_y00512.tif,0.0,0
64342,2048,512,64342_x02048_y00512.png,64342_x02048_y00512.png,64342_x02048_y00512.tif,0.0,0
64342,2560,512,64342_x02560_y00512.png,64342_x02560_y00512.png,64342_x02560_y00512.tif,0.0,0
64342,3072,512,64342_x03072_y00512.png,64342_x03072_y00512.png,64342_x03072_y00512.tif,0.0,0
64342,3584,512,64342_x03584_y00512.png,64342_x03584_y00512.png,64342_x03584_y00512.tif,0.0,0
64342,4096,512,64342_x04096_y00512.png,64342_x04096_y00512.png,64342_x04096_y00512.tif,0.0,0
64342,0,1024,64342_x00000_y01024.png,64342_x00000_y01024.png,64342_x00000_y01024.tif,0.0,0
64342,512,1024,64342_x00512_y01024.png,64342_x00512_y01024.png,64342_x00512_y01024.tif,0.0,0
64342,1024,1024,64342_x01024_y01024.png,64342_x01024_y01024.png,64342_x01024_y01024.tif,0.0,0
64342,1536,1024,64342_x01536_y01024.png,64342_x01536_y01024.png,64342_x01536_y01024.tif,0.0,0
64342,2048,1024,64342_x02048_y01024.png,64342_x02048_y01024.png,64342_x02048_y01024.tif,0.0,0
64342,2560,1024,64342_x02560_y01024.png,64342_x02560_y01024.png,64342_x02560_y01024.tif,0.0,0
64342,3072,1024,64342_x03072_y01024.png,64342_x03072_y01024.png,64342_x03072_y01024.tif,0.0,0
64342,3584,1024,64342_x03584_y01024.png,64342_x03584_y01024.png,64342_x03584_y01024.tif,0.0,0
64342,4096,1024,64342_x04096_y01024.png,64342_x04096_y01024.png,64342_x04096_y01024.tif,0.0,0
64342,0,1536,64342_x00000_y01536.png,64342_x00000_y01536.png,64342_x00000_y01536.tif,0.0,0
64342,512,1536,64342_x00512_y01536.png,64342_x00512_y01536.png,64342_x00512_y01536.tif,0.0,0
64342,1024,1536,64342_x01024_y01536.png,64342_x01024_y01536.png,64342_x01024_y01536.tif,0.0,0
64342,1536,1536,64342_x01536_y01536.png,64342_x01536_y01536.png,64342_x01536_y01536.tif,0.0,0
64342,2048,1536,64342_x02048_y01536.png,64342_x02048_y01536.png,64342_x02048_y01536.tif,0.0,0
64342,2560,1536,64342_x02560_y01536.png,64342_x02560_y01536.png,64342_x02560_y01536.tif,0.0,0
64342,3072,1536,64342_x03072_y01536.png,64342_x03072_y01536.png,64342_x03072_y01536.tif,0.0,0
64342,3584,1536,64342_x03584_y01536.png,64342_x03584_y01536.png,64342_x03584_y01536.tif,0.0,0
64342,4096,1536,64342_x04096_y01536.png,64342_x04096_y01536.png,64342_x04096_y01536.tif,0.0,0
64342,0,2048,64342_x00000_y02048.png,64342_x00000_y02048.png,64342_x00000_y02048.tif,0.0,0
64342,512,2048,64342_x00512_y02048.png,64342_x00512_y02048.png,64342_x00512_y02048.tif,0.0,0
64342,1024,2048,64342_x01024_y02048.png,64342_x01024_y02048.png,64342_x01024_y02048.tif,0.0,0
64342,1536,2048,64342_x01536_y02048.png,64342_x01536_y02048.png,64342_x01536_y02048.tif,0.0,0
64342,2048,2048,64342_x02048_y02048.png,64342_x02048_y02048.png,64342_x02048_y02048.tif,0.0,0
64342,2560,2048,64342_x02560_y02048.png,64342_x02560_y02048.png,64342_x02560_y02048.tif,0.0,0
64342,3072,2048,64342_x03072_y02048.png,64342_x03072_y02048.png,64342_x03072_y02048.tif,0.0,0
64342,3584,2048,64342_x03584_y02048.png,64342_x03584_y02048.png,64342_x03584_y02048.tif,0.0,0
64342,4096,2048,64342_x04096_y02048.png,64342_x04096_y02048.png,64342_x04096_y02048.tif,0.0,0
64342,0,2560,64342_x00000_y02560.png,64342_x00000_y02560.png,64342_x00000_y02560.tif,0.0,0
64342,512,2560,64342_x00512_y02560.png,64342_x00512_y02560.png,64342_x00512_y02560.tif,0.0,0
64342,1024,2560,64342_x01024_y02560.png,64342_x01024_y02560.png,64342_x01024_y02560.tif,0.0,0
64342,1536,2560,64342_x01536_y02560.png,64342_x01536_y02560.png,64342_x01536_y02560.tif,0.0,0
64342,2048,2560,64342_x02048_y02560.png,64342_x02048_y02560.png,64342_x02048_y02560.tif,0.0,0
64342,2560,2560,64342_x02560_y02560.png,64342_x02560_y02560.png,64342_x02560_y02560.tif,0.0,0
64342,3072,2560,64342_x03072_y02560.png,64342_x03072_y02560.png,64342_x03072_y02560.tif,0.0,0
64342,3584,2560,64342_x03584_y02560.png,64342_x03584_y02560.png,64342_x03584_y02560.tif,0.0,0
64342,4096,2560,64342_x04096_y02560.png,64342_x04096_y02560.png,64342_x04096_y02560.tif,0.09337234497070312,24477
64342,0,3072,64342_x00000_y03072.png,64342_x00000_y03072.png,64342_x00000_y03072.tif,0.0,0
64342,512,3072,64342_x00512_y03072.png,64342_x00512_y03072.png,64342_x00512_y03072.tif,0.0,0
64342,1024,3072,64342_x01024_y03072.png,64342_x01024_y03072.png,64342_x01024_y03072.tif,0.0,0
64342,1536,3072,64342_x01536_y03072.png,64342_x01536_y03072.png,64342_x01536_y03072.tif,0.0,0
64342,2048,3072,64342_x02048_y03072.png,64342_x02048_y03072.png,64342_x02048_y03072.tif,0.0,0
64342,2560,3072,64342_x02560_y03072.png,64342_x02560_y03072.png,64342_x02560_y03072.tif,0.0,0
64342,3072,3072,64342_x03072_y03072.png,64342_x03072_y03072.png,64342_x03072_y03072.tif,0.0,0
64342,3584,3072,64342_x03584_y03072.png,64342_x03584_y03072.png,64342_x03584_y03072.tif,0.005405426025390625,1417
64342,4096,3072,64342_x04096_y03072.png,64342_x04096_y03072.png,64342_x04096_y03072.tif,0.0069122314453125,1812
64342,0,3584,64342_x00000_y03584.png,64342_x00000_y03584.png,64342_x00000_y03584.tif,0.0,0
64342,512,3584,64342_x00512_y03584.png,64342_x00512_y03584.png,64342_x00512_y03584.tif,0.0,0
64342,1024,3584,64342_x01024_y03584.png,64342_x01024_y03584.png,64342_x01024_y03584.tif,0.0,0
64342,1536,3584,64342_x01536_y03584.png,64342_x01536_y03584.png,64342_x01536_y03584.tif,0.0,0
64342,2048,3584,64342_x02048_y03584.png,64342_x02048_y03584.png,64342_x02048_y03584.tif,0.0726318359375,19040
64342,2560,3584,64342_x02560_y03584.png,64342_x02560_y03584.png,64342_x02560_y03584.tif,9.918212890625e-05,26
64342,3072,3584,64342_x03072_y03584.png,64342_x03072_y03584.png,64342_x03072_y03584.tif,0.0,0
64342,3584,3584,64342_x03584_y03584.png,64342_x03584_y03584.png,64342_x03584_y03584.tif,0.0,0
64342,4096,3584,64342_x04096_y03584.png,64342_x04096_y03584.png,64342_x04096_y03584.tif,0.0,0
64342,0,4096,64342_x00000_y04096.png,64342_x00000_y04096.png,64342_x00000_y04096.tif,0.0,0
64342,512,4096,64342_x00512_y04096.png,64342_x00512_y04096.png,64342_x00512_y04096.tif,0.0,0
64342,1024,4096,64342_x01024_y04096.png,64342_x01024_y04096.png,64342_x01024_y04096.tif,0.0,0
64342,1536,4096,64342_x01536_y04096.png,64342_x01536_y04096.png,64342_x01536_y04096.tif,0.0,0
64342,2048,4096,64342_x02048_y04096.png,64342_x02048_y04096.png,64342_x02048_y04096.tif,0.0,0
64342,2560,4096,64342_x02560_y04096.png,64342_x02560_y04096.png,64342_x02560_y04096.tif,0.024669647216796875,6467
64342,3072,4096,64342_x03072_y04096.png,64342_x03072_y04096.png,64342_x03072_y04096.tif,0.0,0
64342,3584,4096,64342_x03584_y04096.png,64342_x03584_y04096.png,64342_x03584_y04096.tif,0.0,0
64342,4096,4096,64342_x04096_y04096.png,64342_x04096_y04096.png,64342_x04096_y04096.tif,0.0,0
52741,0,0,52741_x00000_y00000.png,52741_x00000_y00000.png,52741_x00000_y00000.tif,0.0,0
52741,512,0,52741_x00512_y00000.png,52741_x00512_y00000.png,52741_x00512_y00000.tif,0.0,0
52741,1024,0,52741_x01024_y00000.png,52741_x01024_y00000.png,52741_x01024_y00000.tif,0.0,0
52741,1536,0,52741_x01536_y00000.png,52741_x01536_y00000.png,52741_x01536_y00000.tif,0.0,0
52741,2048,0,52741_x02048_y00000.png,52741_x02048_y00000.png,52741_x02048_y00000.tif,0.005764007568359375,1511
52741,2560,0,52741_x02560_y00000.png,52741_x02560_y00000.png,52741_x02560_y00000.tif,0.035594940185546875,9331
52741,3072,0,52741_x03072_y00000.png,52741_x03072_y00000.png,52741_x03072_y00000.tif,0.0,0
52741,3584,0,52741_x03584_y00000.png,52741_x03584_y00000.png,52741_x03584_y00000.tif,0.0,0
52741,4096,0,52741_x04096_y00000.png,52741_x04096_y00000.png,52741_x04096_y00000.tif,0.0,0
52741,0,512,52741_x00000_y00512.png,52741_x00000_y00512.png,52741_x00000_y00512.tif,0.0,0
52741,512,512,52741_x00512_y00512.png,52741_x00512_y00512.png,52741_x00512_y00512.tif,0.0,0
52741,1024,512,52741_x01024_y00512.png,52741_x01024_y00512.png,52741_x01024_y00512.tif,0.0,0
52741,1536,512,52741_x01536_y00512.png,52741_x01536_y00512.png,52741_x01536_y00512.tif,0.0,0
52741,2048,512,52741_x02048_y00512.png,52741_x02048_y00512.png,52741_x02048_y00512.tif,0.0,0
52741,2560,512,52741_x02560_y00512.png,52741_x02560_y00512.png,52741_x02560_y00512.tif,0.0,0
52741,3072,512,52741_x03072_y00512.png,52741_x03072_y00512.png,52741_x03072_y00512.tif,0.0,0
52741,3584,512,52741_x03584_y00512.png,52741_x03584_y00512.png,52741_x03584_y00512.tif,0.0,0
52741,4096,512,52741_x04096_y00512.png,52741_x04096_y00512.png,52741_x04096_y00512.tif,0.0,0
52741,0,1024,52741_x00000_y01024.png,52741_x00000_y01024.png,52741_x00000_y01024.tif,0.0,0
52741,512,1024,52741_x00512_y01024.png,52741_x00512_y01024.png,52741_x00512_y01024.tif,0.0,0
52741,1024,1024,52741_x01024_y01024.png,52741_x01024_y01024.png,52741_x01024_y01024.tif,0.0,0
52741,1536,1024,52741_x01536_y01024.png,52741_x01536_y01024.png,52741_x01536_y01024.tif,0.0,0
52741,2048,1024,52741_x02048_y01024.png,52741_x02048_y01024.png,52741_x02048_y01024.tif,0.0,0
52741,2560,1024,52741_x02560_y01024.png,52741_x02560_y01024.png,52741_x02560_y01024.tif,0.0,0
52741,3072,1024,52741_x03072_y01024.png,52741_x03072_y01024.png,52741_x03072_y01024.tif,0.0,0
52741,3584,1024,52741_x03584_y01024.png,52741_x03584_y01024.png,52741_x03584_y01024.tif,0.0,0
52741,4096,1024,52741_x04096_y01024.png,52741_x04096_y01024.png,52741_x04096_y01024.tif,0.0,0
52741,0,1536,52741_x00000_y01536.png,52741_x00000_y01536.png,52741_x00000_y01536.tif,0.0,0
52741,512,1536,52741_x00512_y01536.png,52741_x00512_y01536.png,52741_x00512_y01536.tif,0.0,0
52741,1024,1536,52741_x01024_y01536.png,52741_x01024_y01536.png,52741_x01024_y01536.tif,0.0,0
52741,1536,1536,52741_x01536_y01536.png,52741_x01536_y01536.png,52741_x01536_y01536.tif,0.0,0
52741,2048,1536,52741_x02048_y01536.png,52741_x02048_y01536.png,52741_x02048_y01536.tif,0.0,0
52741,2560,1536,52741_x02560_y01536.png,52741_x02560_y01536.png,52741_x02560_y01536.tif,0.0,0
52741,3072,1536,52741_x03072_y01536.png,52741_x03072_y01536.png,52741_x03072_y01536.tif,0.0,0
52741,3584,1536,52741_x03584_y01536.png,52741_x03584_y01536.png,52741_x03584_y01536.tif,0.0,0
52741,4096,1536,52741_x04096_y01536.png,52741_x04096_y01536.png,52741_x04096_y01536.tif,0.0,0
52741,0,2048,52741_x00000_y02048.png,52741_x00000_y02048.png,52741_x00000_y02048.tif,0.0,0
52741,512,2048,52741_x00512_y02048.png,52741_x00512_y02048.png,52741_x00512_y02048.tif,0.0,0
52741,1024,2048,52741_x01024_y02048.png,52741_x01024_y02048.png,52741_x01024_y02048.tif,0.0,0
52741,1536,2048,52741_x01536_y02048.png,52741_x01536_y02048.png,52741_x01536_y02048.tif,0.0,0
52741,2048,2048,52741_x02048_y02048.png,52741_x02048_y02048.png,52741_x02048_y02048.tif,0.0,0
52741,2560,2048,52741_x02560_y02048.png,52741_x02560_y02048.png,52741_x02560_y02048.tif,0.0,0
52741,3072,2048,52741_x03072_y02048.png,52741_x03072_y02048.png,52741_x03072_y02048.tif,0.0,0
52741,3584,2048,52741_x03584_y02048.png,52741_x03584_y02048.png,52741_x03584_y02048.tif,0.0,0
52741,4096,2048,52741_x04096_y02048.png,52741_x04096_y02048.png,52741_x04096_y02048.tif,0.0,0
52741,0,2560,52741_x00000_y02560.png,52741_x00000_y02560.png,52741_x00000_y02560.tif,0.0,0
52741,512,2560,52741_x00512_y02560.png,52741_x00512_y02560.png,52741_x00512_y02560.tif,0.0,0
52741,1024,2560,52741_x01024_y02560.png,52741_x01024_y02560.png,52741_x01024_y02560.tif,0.0,0
52741,1536,2560,52741_x01536_y02560.png,52741_x01536_y02560.png,52741_x01536_y02560.tif,0.0,0
52741,2048,2560,52741_x02048_y02560.png,52741_x02048_y02560.png,52741_x02048_y02560.tif,0.0,0
52741,2560,2560,52741_x02560_y02560.png,52741_x02560_y02560.png,52741_x02560_y02560.tif,0.0,0
52741,3072,2560,52741_x03072_y02560.png,52741_x03072_y02560.png,52741_x03072_y02560.tif,0.0,0
52741,3584,2560,52741_x03584_y02560.png,52741_x03584_y02560.png,52741_x03584_y02560.tif,0.0,0
52741,4096,2560,52741_x04096_y02560.png,52741_x04096_y02560.png,52741_x04096_y02560.tif,0.0,0
52741,0,3072,52741_x00000_y03072.png,52741_x00000_y03072.png,52741_x00000_y03072.tif,0.0,0
52741,512,3072,52741_x00512_y03072.png,52741_x00512_y03072.png,52741_x00512_y03072.tif,0.0,0
52741,1024,3072,52741_x01024_y03072.png,52741_x01024_y03072.png,52741_x01024_y03072.tif,0.0,0
52741,1536,3072,52741_x01536_y03072.png,52741_x01536_y03072.png,52741_x01536_y03072.tif,0.0,0
52741,2048,3072,52741_x02048_y03072.png,52741_x02048_y03072.png,52741_x02048_y03072.tif,0.0,0
52741,2560,3072,52741_x02560_y03072.png,52741_x02560_y03072.png,52741_x02560_y03072.tif,0.0,0
52741,3072,3072,52741_x03072_y03072.png,52741_x03072_y03072.png,52741_x03072_y03072.tif,0.0,0
52741,3584,3072,52741_x03584_y03072.png,52741_x03584_y03072.png,52741_x03584_y03072.tif,0.0,0
52741,4096,3072,52741_x04096_y03072.png,52741_x04096_y03072.png,52741_x04096_y03072.tif,0.0,0
52741,0,3584,52741_x00000_y03584.png,52741_x00000_y03584.png,52741_x00000_y03584.tif,0.0,0
52741,512,3584,52741_x00512_y03584.png,52741_x00512_y03584.png,52741_x00512_y03584.tif,0.0,0
52741,1024,3584,52741_x01024_y03584.png,52741_x01024_y03584.png,52741_x01024_y03584.tif,0.0,0
52741,1536,3584,52741_x01536_y03584.png,52741_x01536_y03584.png,52741_x01536_y03584.tif,0.0,0
52741,2048,3584,52741_x02048_y03584.png,52741_x02048_y03584.png,52741_x02048_y03584.tif,0.0,0
52741,2560,3584,52741_x02560_y03584.png,52741_x02560_y03584.png,52741_x02560_y03584.tif,0.0,0
52741,3072,3584,52741_x03072_y03584.png,52741_x03072_y03584.png,52741_x03072_y03584.tif,0.0,0
52741,3584,3584,52741_x03584_y03584.png,52741_x03584_y03584.png,52741_x03584_y03584.tif,0.0,0
52741,4096,3584,52741_x04096_y03584.png,52741_x04096_y03584.png,52741_x04096_y03584.tif,0.0,0
52741,0,4096,52741_x00000_y04096.png,52741_x00000_y04096.png,52741_x00000_y04096.tif,0.0,0
52741,512,4096,52741_x00512_y04096.png,52741_x00512_y04096.png,52741_x00512_y04096.tif,0.0,0
52741,1024,4096,52741_x01024_y04096.png,52741_x01024_y04096.png,52741_x01024_y04096.tif,0.0,0
52741,1536,4096,52741_x01536_y04096.png,52741_x01536_y04096.png,52741_x01536_y04096.tif,0.0,0
52741,2048,4096,52741_x02048_y04096.png,52741_x02048_y04096.png,52741_x02048_y04096.tif,0.0,0
52741,2560,4096,52741_x02560_y04096.png,52741_x02560_y04096.png,52741_x02560_y04096.tif,0.0,0
52741,3072,4096,52741_x03072_y04096.png,52741_x03072_y04096.png,52741_x03072_y04096.tif,0.0,0
52741,3584,4096,52741_x03584_y04096.png,52741_x03584_y04096.png,52741_x03584_y04096.tif,0.0,0
52741,4096,4096,52741_x04096_y04096.png,52741_x04096_y04096.png,52741_x04096_y04096.tif,0.0,0
62482,0,0,62482_x00000_y00000.png,62482_x00000_y00000.png,62482_x00000_y00000.tif,0.0,0
62482,512,0,62482_x00512_y00000.png,62482_x00512_y00000.png,62482_x00512_y00000.tif,0.0,0
62482,1024,0,62482_x01024_y00000.png,62482_x01024_y00000.png,62482_x01024_y00000.tif,0.0,0
62482,1536,0,62482_x01536_y00000.png,62482_x01536_y00000.png,62482_x01536_y00000.tif,0.0,0
62482,2048,0,62482_x02048_y00000.png,62482_x02048_y00000.png,62482_x02048_y00000.tif,0.0,0
62482,2560,0,62482_x02560_y00000.png,62482_x02560_y00000.png,62482_x02560_y00000.tif,0.0,0
62482,3072,0,62482_x03072_y00000.png,62482_x03072_y00000.png,62482_x03072_y00000.tif,0.0,0
62482,3584,0,62482_x03584_y00000.png,62482_x03584_y00000.png,62482_x03584_y00000.tif,0.0,0
62482,4096,0,62482_x04096_y00000.png,62482_x04096_y00000.png,62482_x04096_y00000.tif,0.0,0
62482,0,512,62482_x00000_y00512.png,62482_x00000_y00512.png,62482_x00000_y00512.tif,0.0,0
62482,512,512,62482_x00512_y00512.png,62482_x00512_y00512.png,62482_x00512_y00512.tif,0.0,0
62482,1024,512,62482_x01024_y00512.png,62482_x01024_y00512.png,62482_x01024_y00512.tif,0.0,0
62482,1536,512,62482_x01536_y00512.png,62482_x01536_y00512.png,62482_x01536_y00512.tif,0.0,0
62482,2048,512,62482_x02048_y00512.png,62482_x02048_y00512.png,62482_x02048_y00512.tif,0.0,0
62482,2560,512,62482_x02560_y00512.png,62482_x02560_y00512.png,62482_x02560_y00512.tif,0.0,0
62482,3072,512,62482_x03072_y00512.png,62482_x03072_y00512.png,62482_x03072_y00512.tif,0.0,0
62482,3584,512,62482_x03584_y00512.png,62482_x03584_y00512.png,62482_x03584_y00512.tif,0.0,0
62482,4096,512,62482_x04096_y00512.png,62482_x04096_y00512.png,62482_x04096_y00512.tif,0.0,0
62482,0,1024,62482_x00000_y01024.png,62482_x00000_y01024.png,62482_x00000_y01024.tif,0.0,0
62482,512,1024,62482_x00512_y01024.png,62482_x00512_y01024.png,62482_x00512_y01024.tif,0.0,0
62482,1024,1024,62482_x01024_y01024.png,62482_x01024_y01024.png,62482_x01024_y01024.tif,0.0,0
62482,1536,1024,62482_x01536_y01024.png,62482_x01536_y01024.png,62482_x01536_y01024.tif,0.0,0
62482,2048,1024,62482_x02048_y01024.png,62482_x02048_y01024.png,62482_x02048_y01024.tif,0.0,0
62482,2560,1024,62482_x02560_y01024.png,62482_x02560_y01024.png,62482_x02560_y01024.tif,0.0,0
62482,3072,1024,62482_x03072_y01024.png,62482_x03072_y01024.png,62482_x03072_y01024.tif,0.0,0
62482,3584,1024,62482_x03584_y01024.png,62482_x03584_y01024.png,62482_x03584_y01024.tif,0.0,0
62482,4096,1024,62482_x04096_y01024.png,62482_x04096_y01024.png,62482_x04096_y01024.tif,0.0,0
62482,0,1536,62482_x00000_y01536.png,62482_x00000_y01536.png,62482_x00000_y01536.tif,0.0,0
62482,512,1536,62482_x00512_y01536.png,62482_x00512_y01536.png,62482_x00512_y01536.tif,0.0,0
62482,1024,1536,62482_x01024_y01536.png,62482_x01024_y01536.png,62482_x01024_y01536.tif,0.0,0
62482,1536,1536,62482_x01536_y01536.png,62482_x01536_y01536.png,62482_x01536_y01536.tif,0.0,0
62482,2048,1536,62482_x02048_y01536.png,62482_x02048_y01536.png,62482_x02048_y01536.tif,0.0,0
62482,2560,1536,62482_x02560_y01536.png,62482_x02560_y01536.png,62482_x02560_y01536.tif,0.0,0
62482,3072,1536,62482_x03072_y01536.png,62482_x03072_y01536.png,62482_x03072_y01536.tif,0.0,0
62482,3584,1536,62482_x03584_y01536.png,62482_x03584_y01536.png,62482_x03584_y01536.tif,0.0,0
62482,4096,1536,62482_x04096_y01536.png,62482_x04096_y01536.png,62482_x04096_y01536.tif,0.0,0
62482,0,2048,62482_x00000_y02048.png,62482_x00000_y02048.png,62482_x00000_y02048.tif,0.0,0
62482,512,2048,62482_x00512_y02048.png,62482_x00512_y02048.png,62482_x00512_y02048.tif,0.0,0
62482,1024,2048,62482_x01024_y02048.png,62482_x01024_y02048.png,62482_x01024_y02048.tif,0.0,0
62482,1536,2048,62482_x01536_y02048.png,62482_x01536_y02048.png,62482_x01536_y02048.tif,0.0,0
62482,2048,2048,62482_x02048_y02048.png,62482_x02048_y02048.png,62482_x02048_y02048.tif,0.0,0
62482,2560,2048,62482_x02560_y02048.png,62482_x02560_y02048.png,62482_x02560_y02048.tif,0.0,0
62482,3072,2048,62482_x03072_y02048.png,62482_x03072_y02048.png,62482_x03072_y02048.tif,0.0,0
62482,3584,2048,62482_x03584_y02048.png,62482_x03584_y02048.png,62482_x03584_y02048.tif,0.0,0
62482,4096,2048,62482_x04096_y02048.png,62482_x04096_y02048.png,62482_x04096_y02048.tif,0.0,0
62482,0,2560,62482_x00000_y02560.png,62482_x00000_y02560.png,62482_x00000_y02560.tif,0.0,0
62482,512,2560,62482_x00512_y02560.png,62482_x00512_y02560.png,62482_x00512_y02560.tif,0.0,0
62482,1024,2560,62482_x01024_y02560.png,62482_x01024_y02560.png,62482_x01024_y02560.tif,0.0,0
62482,1536,2560,62482_x01536_y02560.png,62482_x01536_y02560.png,62482_x01536_y02560.tif,0.0,0
62482,2048,2560,62482_x02048_y02560.png,62482_x02048_y02560.png,62482_x02048_y02560.tif,0.0,0
62482,2560,2560,62482_x02560_y02560.png,62482_x02560_y02560.png,62482_x02560_y02560.tif,0.00820159912109375,2150
62482,3072,2560,62482_x03072_y02560.png,62482_x03072_y02560.png,62482_x03072_y02560.tif,0.0,0
62482,3584,2560,62482_x03584_y02560.png,62482_x03584_y02560.png,62482_x03584_y02560.tif,0.0,0
62482,4096,2560,62482_x04096_y02560.png,62482_x04096_y02560.png,62482_x04096_y02560.tif,0.0,0
62482,0,3072,62482_x00000_y03072.png,62482_x00000_y03072.png,62482_x00000_y03072.tif,0.0,0
62482,512,3072,62482_x00512_y03072.png,62482_x00512_y03072.png,62482_x00512_y03072.tif,0.0,0
62482,1024,3072,62482_x01024_y03072.png,62482_x01024_y03072.png,62482_x01024_y03072.tif,0.0,0
62482,1536,3072,62482_x01536_y03072.png,62482_x01536_y03072.png,62482_x01536_y03072.tif,0.0,0
62482,2048,3072,62482_x02048_y03072.png,62482_x02048_y03072.png,62482_x02048_y03072.tif,0.0,0
62482,2560,3072,62482_x02560_y03072.png,62482_x02560_y03072.png,62482_x02560_y03072.tif,0.0,0
62482,3072,3072,62482_x03072_y03072.png,62482_x03072_y03072.png,62482_x03072_y03072.tif,0.0,0
62482,3584,3072,62482_x03584_y03072.png,62482_x03584_y03072.png,62482_x03584_y03072.tif,0.0,0
62482,4096,3072,62482_x04096_y03072.png,62482_x04096_y03072.png,62482_x04096_y03072.tif,0.0,0
62482,0,3584,62482_x00000_y03584.png,62482_x00000_y03584.png,62482_x00000_y03584.tif,0.0,0
62482,512,3584,62482_x00512_y03584.png,62482_x00512_y03584.png,62482_x00512_y03584.tif,0.0,0
62482,1024,3584,62482_x01024_y03584.png,62482_x01024_y03584.png,62482_x01024_y03584.tif,0.0,0
62482,1536,3584,62482_x01536_y03584.png,62482_x01536_y03584.png,62482_x01536_y03584.tif,0.0,0
62482,2048,3584,62482_x02048_y03584.png,62482_x02048_y03584.png,62482_x02048_y03584.tif,0.0,0
62482,2560,3584,62482_x02560_y03584.png,62482_x02560_y03584.png,62482_x02560_y03584.tif,0.0,0
62482,3072,3584,62482_x03072_y03584.png,62482_x03072_y03584.png,62482_x03072_y03584.tif,0.0,0
62482,3584,3584,62482_x03584_y03584.png,62482_x03584_y03584.png,62482_x03584_y03584.tif,0.0,0
62482,4096,3584,62482_x04096_y03584.png,62482_x04096_y03584.png,62482_x04096_y03584.tif,0.0,0
62482,0,4096,62482_x00000_y04096.png,62482_x00000_y04096.png,62482_x00000_y04096.tif,0.0,0
62482,512,4096,62482_x00512_y04096.png,62482_x00512_y04096.png,62482_x00512_y04096.tif,0.0,0
62482,1024,4096,62482_x01024_y04096.png,62482_x01024_y04096.png,62482_x01024_y04096.tif,0.0,0
62482,1536,4096,62482_x01536_y04096.png,62482_x01536_y04096.png,62482_x01536_y04096.tif,0.0,0
62482,2048,4096,62482_x02048_y04096.png,62482_x02048_y04096.png,62482_x02048_y04096.tif,0.0,0
62482,2560,4096,62482_x02560_y04096.png,62482_x02560_y04096.png,62482_x02560_y04096.tif,0.0,0
62482,3072,4096,62482_x03072_y04096.png,62482_x03072_y04096.png,62482_x03072_y04096.tif,0.0,0
62482,3584,4096,62482_x03584_y04096.png,62482_x03584_y04096.png,62482_x03584_y04096.tif,0.0,0
62482,4096,4096,62482_x04096_y04096.png,62482_x04096_y04096.png,62482_x04096_y04096.tif,0.0,0
62491,0,0,62491_x00000_y00000.png,62491_x00000_y00000.png,62491_x00000_y00000.tif,0.0,0
62491,512,0,62491_x00512_y00000.png,62491_x00512_y00000.png,62491_x00512_y00000.tif,0.0,0
62491,1024,0,62491_x01024_y00000.png,62491_x01024_y00000.png,62491_x01024_y00000.tif,0.0,0
62491,1536,0,62491_x01536_y00000.png,62491_x01536_y00000.png,62491_x01536_y00000.tif,0.0,0
62491,2048,0,62491_x02048_y00000.png,62491_x02048_y00000.png,62491_x02048_y00000.tif,0.0,0
62491,2560,0,62491_x02560_y00000.png,62491_x02560_y00000.png,62491_x02560_y00000.tif,0.0,0
62491,3072,0,62491_x03072_y00000.png,62491_x03072_y00000.png,62491_x03072_y00000.tif,0.0,0
62491,3584,0,62491_x03584_y00000.png,62491_x03584_y00000.png,62491_x03584_y00000.tif,0.0,0
62491,4096,0,62491_x04096_y00000.png,62491_x04096_y00000.png,62491_x04096_y00000.tif,0.0,0
62491,0,512,62491_x00000_y00512.png,62491_x00000_y00512.png,62491_x00000_y00512.tif,0.0,0
62491,512,512,62491_x00512_y00512.png,62491_x00512_y00512.png,62491_x00512_y00512.tif,0.0,0
62491,1024,512,62491_x01024_y00512.png,62491_x01024_y00512.png,62491_x01024_y00512.tif,0.0,0
62491,1536,512,62491_x01536_y00512.png,62491_x01536_y00512.png,62491_x01536_y00512.tif,0.0,0
62491,2048,512,62491_x02048_y00512.png,62491_x02048_y00512.png,62491_x02048_y00512.tif,0.0,0
62491,2560,512,62491_x02560_y00512.png,62491_x02560_y00512.png,62491_x02560_y00512.tif,0.0,0
62491,3072,512,62491_x03072_y00512.png,62491_x03072_y00512.png,62491_x03072_y00512.tif,0.0,0
62491,3584,512,62491_x03584_y00512.png,62491_x03584_y00512.png,62491_x03584_y00512.tif,0.0,0
62491,4096,512,62491_x04096_y00512.png,62491_x04096_y00512.png,62491_x04096_y00512.tif,0.0,0
62491,0,1024,62491_x00000_y01024.png,62491_x00000_y01024.png,62491_x00000_y01024.tif,0.0,0
62491,512,1024,62491_x00512_y01024.png,62491_x00512_y01024.png,62491_x00512_y01024.tif,0.0,0
62491,1024,1024,62491_x01024_y01024.png,62491_x01024_y01024.png,62491_x01024_y01024.tif,0.0,0
62491,1536,1024,62491_x01536_y01024.png,62491_x01536_y01024.png,62491_x01536_y01024.tif,0.0,0
62491,2048,1024,62491_x02048_y01024.png,62491_x02048_y01024.png,62491_x02048_y01024.tif,0.0,0
62491,2560,1024,62491_x02560_y01024.png,62491_x02560_y01024.png,62491_x02560_y01024.tif,0.0,0
62491,3072,1024,62491_x03072_y01024.png,62491_x03072_y01024.png,62491_x03072_y01024.tif,0.0,0
62491,3584,1024,62491_x03584_y01024.png,62491_x03584_y01024.png,62491_x03584_y01024.tif,0.0,0
62491,4096,1024,62491_x04096_y01024.png,62491_x04096_y01024.png,62491_x04096_y01024.tif,0.0,0
62491,0,1536,62491_x00000_y01536.png,62491_x00000_y01536.png,62491_x00000_y01536.tif,0.0,0
62491,512,1536,62491_x00512_y01536.png,62491_x00512_y01536.png,62491_x00512_y01536.tif,0.0,0
62491,1024,1536,62491_x01024_y01536.png,62491_x01024_y01536.png,62491_x01024_y01536.tif,0.0,0
62491,1536,1536,62491_x01536_y01536.png,62491_x01536_y01536.png,62491_x01536_y01536.tif,0.0,0
62491,2048,1536,62491_x02048_y01536.png,62491_x02048_y01536.png,62491_x02048_y01536.tif,0.0,0
62491,2560,1536,62491_x02560_y01536.png,62491_x02560_y01536.png,62491_x02560_y01536.tif,0.0,0
62491,3072,1536,62491_x03072_y01536.png,62491_x03072_y01536.png,62491_x03072_y01536.tif,0.0,0
62491,3584,1536,62491_x03584_y01536.png,62491_x03584_y01536.png,62491_x03584_y01536.tif,0.0,0
62491,4096,1536,62491_x04096_y01536.png,62491_x04096_y01536.png,62491_x04096_y01536.tif,0.0,0
62491,0,2048,62491_x00000_y02048.png,62491_x00000_y02048.png,62491_x00000_y02048.tif,0.0,0
62491,512,2048,62491_x00512_y02048.png,62491_x00512_y02048.png,62491_x00512_y02048.tif,0.015407562255859375,4039
62491,1024,2048,62491_x01024_y02048.png,62491_x01024_y02048.png,62491_x01024_y02048.tif,0.0,0
62491,1536,2048,62491_x01536_y02048.png,62491_x01536_y02048.png,62491_x01536_y02048.tif,0.0,0
62491,2048,2048,62491_x02048_y02048.png,62491_x02048_y02048.png,62491_x02048_y02048.tif,0.0,0
62491,2560,2048,62491_x02560_y02048.png,62491_x02560_y02048.png,62491_x02560_y02048.tif,0.0,0
62491,3072,2048,62491_x03072_y02048.png,62491_x03072_y02048.png,62491_x03072_y02048.tif,0.0,0
62491,3584,2048,62491_x03584_y02048.png,62491_x03584_y02048.png,62491_x03584_y02048.tif,0.0,0
62491,4096,2048,62491_x04096_y02048.png,62491_x04096_y02048.png,62491_x04096_y02048.tif,0.0,0
62491,0,2560,62491_x00000_y02560.png,62491_x00000_y02560.png,62491_x00000_y02560.tif,0.0,0
62491,512,2560,62491_x00512_y02560.png,62491_x00512_y02560.png,62491_x00512_y02560.tif,0.0,0
62491,1024,2560,62491_x01024_y02560.png,62491_x01024_y02560.png,62491_x01024_y02560.tif,0.0,0
62491,1536,2560,62491_x01536_y02560.png,62491_x01536_y02560.png,62491_x01536_y02560.tif,0.0,0
62491,2048,2560,62491_x02048_y02560.png,62491_x02048_y02560.png,62491_x02048_y02560.tif,0.0,0
62491,2560,2560,62491_x02560_y02560.png,62491_x02560_y02560.png,62491_x02560_y02560.tif,0.0,0
62491,3072,2560,62491_x03072_y02560.png,62491_x03072_y02560.png,62491_x03072_y02560.tif,0.0,0
62491,3584,2560,62491_x03584_y02560.png,62491_x03584_y02560.png,62491_x03584_y02560.tif,0.0,0
62491,4096,2560,62491_x04096_y02560.png,62491_x04096_y02560.png,62491_x04096_y02560.tif,0.0,0
62491,0,3072,62491_x00000_y03072.png,62491_x00000_y03072.png,62491_x00000_y03072.tif,0.0,0
62491,512,3072,62491_x00512_y03072.png,62491_x00512_y03072.png,62491_x00512_y03072.tif,0.0,0
62491,1024,3072,62491_x01024_y03072.png,62491_x01024_y03072.png,62491_x01024_y03072.tif,0.0,0
62491,1536,3072,62491_x01536_y03072.png,62491_x01536_y03072.png,62491_x01536_y03072.tif,0.0,0
62491,2048,3072,62491_x02048_y03072.png,62491_x02048_y03072.png,62491_x02048_y03072.tif,0.0,0
62491,2560,3072,62491_x02560_y03072.png,62491_x02560_y03072.png,62491_x02560_y03072.tif,0.0,0
62491,3072,3072,62491_x03072_y03072.png,62491_x03072_y03072.png,62491_x03072_y03072.tif,0.0,0
62491,3584,3072,62491_x03584_y03072.png,62491_x03584_y03072.png,62491_x03584_y03072.tif,0.0,0
62491,4096,3072,62491_x04096_y03072.png,62491_x04096_y03072.png,62491_x04096_y03072.tif,0.0,0
62491,0,3584,62491_x00000_y03584.png,62491_x00000_y03584.png,62491_x00000_y03584.tif,0.0,0
62491,512,3584,62491_x00512_y03584.png,62491_x00512_y03584.png,62491_x00512_y03584.tif,0.0,0
62491,1024,3584,62491_x01024_y03584.png,62491_x01024_y03584.png,62491_x01024_y03584.tif,0.0,0
62491,1536,3584,62491_x01536_y03584.png,62491_x01536_y03584.png,62491_x01536_y03584.tif,0.0,0
62491,2048,3584,62491_x02048_y03584.png,62491_x02048_y03584.png,62491_x02048_y03584.tif,0.0,0
62491,2560,3584,62491_x02560_y03584.png,62491_x02560_y03584.png,62491_x02560_y03584.tif,0.0,0
62491,3072,3584,62491_x03072_y03584.png,62491_x03072_y03584.png,62491_x03072_y03584.tif,0.0,0
62491,3584,3584,62491_x03584_y03584.png,62491_x03584_y03584.png,62491_x03584_y03584.tif,0.0,0
62491,4096,3584,62491_x04096_y03584.png,62491_x04096_y03584.png,62491_x04096_y03584.tif,0.0,0
62491,0,4096,62491_x00000_y04096.png,62491_x00000_y04096.png,62491_x00000_y04096.tif,0.0,0
62491,512,4096,62491_x00512_y04096.png,62491_x00512_y04096.png,62491_x00512_y04096.tif,0.0,0
62491,1024,4096,62491_x01024_y04096.png,62491_x01024_y04096.png,62491_x01024_y04096.tif,0.0,0
62491,1536,4096,62491_x01536_y04096.png,62491_x01536_y04096.png,62491_x01536_y04096.tif,0.0,0
62491,2048,4096,62491_x02048_y04096.png,62491_x02048_y04096.png,62491_x02048_y04096.tif,0.0,0
62491,2560,4096,62491_x02560_y04096.png,62491_x02560_y04096.png,62491_x02560_y04096.tif,0.0,0
62491,3072,4096,62491_x03072_y04096.png,62491_x03072_y04096.png,62491_x03072_y04096.tif,0.0,0
62491,3584,4096,62491_x03584_y04096.png,62491_x03584_y04096.png,62491_x03584_y04096.tif,0.0,0
62491,4096,4096,62491_x04096_y04096.png,62491_x04096_y04096.png,62491_x04096_y04096.tif,0.0,0
64161,0,0,64161_x00000_y00000.png,64161_x00000_y00000.png,64161_x00000_y00000.tif,0.0,0
64161,512,0,64161_x00512_y00000.png,64161_x00512_y00000.png,64161_x00512_y00000.tif,0.0,0
64161,1024,0,64161_x01024_y00000.png,64161_x01024_y00000.png,64161_x01024_y00000.tif,0.0,0
64161,1536,0,64161_x01536_y00000.png,64161_x01536_y00000.png,64161_x01536_y00000.tif,0.0,0
64161,2048,0,64161_x02048_y00000.png,64161_x02048_y00000.png,64161_x02048_y00000.tif,0.0,0
64161,2560,0,64161_x02560_y00000.png,64161_x02560_y00000.png,64161_x02560_y00000.tif,0.0,0
64161,3072,0,64161_x03072_y00000.png,64161_x03072_y00000.png,64161_x03072_y00000.tif,0.0,0
64161,3584,0,64161_x03584_y00000.png,64161_x03584_y00000.png,64161_x03584_y00000.tif,0.0,0
64161,4096,0,64161_x04096_y00000.png,64161_x04096_y00000.png,64161_x04096_y00000.tif,0.0,0
64161,0,512,64161_x00000_y00512.png,64161_x00000_y00512.png,64161_x00000_y00512.tif,0.0,0
64161,512,512,64161_x00512_y00512.png,64161_x00512_y00512.png,64161_x00512_y00512.tif,0.0,0
64161,1024,512,64161_x01024_y00512.png,64161_x01024_y00512.png,64161_x01024_y00512.tif,0.0,0
64161,1536,512,64161_x01536_y00512.png,64161_x01536_y00512.png,64161_x01536_y00512.tif,0.0,0
64161,2048,512,64161_x02048_y00512.png,64161_x02048_y00512.png,64161_x02048_y00512.tif,0.0,0
64161,2560,512,64161_x02560_y00512.png,64161_x02560_y00512.png,64161_x02560_y00512.tif,0.0,0
64161,3072,512,64161_x03072_y00512.png,64161_x03072_y00512.png,64161_x03072_y00512.tif,0.0,0
64161,3584,512,64161_x03584_y00512.png,64161_x03584_y00512.png,64161_x03584_y00512.tif,0.0,0
64161,4096,512,64161_x04096_y00512.png,64161_x04096_y00512.png,64161_x04096_y00512.tif,0.0,0
64161,0,1024,64161_x00000_y01024.png,64161_x00000_y01024.png,64161_x00000_y01024.tif,0.0,0
64161,512,1024,64161_x00512_y01024.png,64161_x00512_y01024.png,64161_x00512_y01024.tif,0.0,0
64161,1024,1024,64161_x01024_y01024.png,64161_x01024_y01024.png,64161_x01024_y01024.tif,0.0,0
64161,1536,1024,64161_x01536_y01024.png,64161_x01536_y01024.png,64161_x01536_y01024.tif,0.0,0
64161,2048,1024,64161_x02048_y01024.png,64161_x02048_y01024.png,64161_x02048_y01024.tif,0.0,0
64161,2560,1024,64161_x02560_y01024.png,64161_x02560_y01024.png,64161_x02560_y01024.tif,0.0,0
64161,3072,1024,64161_x03072_y01024.png,64161_x03072_y01024.png,64161_x03072_y01024.tif,0.0,0
64161,3584,1024,64161_x03584_y01024.png,64161_x03584_y01024.png,64161_x03584_y01024.tif,0.0,0
64161,4096,1024,64161_x04096_y01024.png,64161_x04096_y01024.png,64161_x04096_y01024.tif,0.0,0
64161,0,1536,64161_x00000_y01536.png,64161_x00000_y01536.png,64161_x00000_y01536.tif,0.0,0
64161,512,1536,64161_x00512_y01536.png,64161_x00512_y01536.png,64161_x00512_y01536.tif,0.0,0
64161,1024,1536,64161_x01024_y01536.png,64161_x01024_y01536.png,64161_x01024_y01536.tif,0.0,0
64161,1536,1536,64161_x01536_y01536.png,64161_x01536_y01536.png,64161_x01536_y01536.tif,0.0,0
64161,2048,1536,64161_x02048_y01536.png,64161_x02048_y01536.png,64161_x02048_y01536.tif,0.0,0
64161,2560,1536,64161_x02560_y01536.png,64161_x02560_y01536.png,64161_x02560_y01536.tif,0.0,0
64161,3072,1536,64161_x03072_y01536.png,64161_x03072_y01536.png,64161_x03072_y01536.tif,0.0,0
64161,3584,1536,64161_x03584_y01536.png,64161_x03584_y01536.png,64161_x03584_y01536.tif,0.0,0
64161,4096,1536,64161_x04096_y01536.png,64161_x04096_y01536.png,64161_x04096_y01536.tif,0.0,0
64161,0,2048,64161_x00000_y02048.png,64161_x00000_y02048.png,64161_x00000_y02048.tif,0.0,0
64161,512,2048,64161_x00512_y02048.png,64161_x00512_y02048.png,64161_x00512_y02048.tif,0.0,0
64161,1024,2048,64161_x01024_y02048.png,64161_x01024_y02048.png,64161_x01024_y02048.tif,0.0,0
64161,1536,2048,64161_x01536_y02048.png,64161_x01536_y02048.png,64161_x01536_y02048.tif,0.0,0
64161,2048,2048,64161_x02048_y02048.png,64161_x02048_y02048.png,64161_x02048_y02048.tif,0.0,0
64161,2560,2048,64161_x02560_y02048.png,64161_x02560_y02048.png,64161_x02560_y02048.tif,0.0,0
64161,3072,2048,64161_x03072_y02048.png,64161_x03072_y02048.png,64161_x03072_y02048.tif,0.0,0
64161,3584,2048,64161_x03584_y02048.png,64161_x03584_y02048.png,64161_x03584_y02048.tif,0.0,0
64161,4096,2048,64161_x04096_y02048.png,64161_x04096_y02048.png,64161_x04096_y02048.tif,0.0,0
64161,0,2560,64161_x00000_y02560.png,64161_x00000_y02560.png,64161_x00000_y02560.tif,0.0,0
64161,512,2560,64161_x00512_y02560.png,64161_x00512_y02560.png,64161_x00512_y02560.tif,0.0,0
64161,1024,2560,64161_x01024_y02560.png,64161_x01024_y02560.png,64161_x01024_y02560.tif,0.0,0
64161,1536,2560,64161_x01536_y02560.png,64161_x01536_y02560.png,64161_x01536_y02560.tif,0.0,0
64161,2048,2560,64161_x02048_y02560.png,64161_x02048_y02560.png,64161_x02048_y02560.tif,0.0,0
64161,2560,2560,64161_x02560_y02560.png,64161_x02560_y02560.png,64161_x02560_y02560.tif,0.0,0
64161,3072,2560,64161_x03072_y02560.png,64161_x03072_y02560.png,64161_x03072_y02560.tif,0.0,0
64161,3584,2560,64161_x03584_y02560.png,64161_x03584_y02560.png,64161_x03584_y02560.tif,0.0,0
64161,4096,2560,64161_x04096_y02560.png,64161_x04096_y02560.png,64161_x04096_y02560.tif,0.0,0
64161,0,3072,64161_x00000_y03072.png,64161_x00000_y03072.png,64161_x00000_y03072.tif,0.0,0
64161,512,3072,64161_x00512_y03072.png,64161_x00512_y03072.png,64161_x00512_y03072.tif,0.0,0
64161,1024,3072,64161_x01024_y03072.png,64161_x01024_y03072.png,64161_x01024_y03072.tif,0.0,0
64161,1536,3072,64161_x01536_y03072.png,64161_x01536_y03072.png,64161_x01536_y03072.tif,0.0,0
64161,2048,3072,64161_x02048_y03072.png,64161_x02048_y03072.png,64161_x02048_y03072.tif,0.0,0
64161,2560,3072,64161_x02560_y03072.png,64161_x02560_y03072.png,64161_x02560_y03072.tif,0.0,0
64161,3072,3072,64161_x03072_y03072.png,64161_x03072_y03072.png,64161_x03072_y03072.tif,0.0,0
64161,3584,3072,64161_x03584_y03072.png,64161_x03584_y03072.png,64161_x03584_y03072.tif,0.0,0
64161,4096,3072,64161_x04096_y03072.png,64161_x04096_y03072.png,64161_x04096_y03072.tif,0.0,0
64161,0,3584,64161_x00000_y03584.png,64161_x00000_y03584.png,64161_x00000_y03584.tif,0.056903839111328125,14917
64161,512,3584,64161_x00512_y03584.png,64161_x00512_y03584.png,64161_x00512_y03584.tif,0.0,0
64161,1024,3584,64161_x01024_y03584.png,64161_x01024_y03584.png,64161_x01024_y03584.tif,0.0,0
64161,1536,3584,64161_x01536_y03584.png,64161_x01536_y03584.png,64161_x01536_y03584.tif,0.0,0
64161,2048,3584,64161_x02048_y03584.png,64161_x02048_y03584.png,64161_x02048_y03584.tif,0.0,0
64161,2560,3584,64161_x02560_y03584.png,64161_x02560_y03584.png,64161_x02560_y03584.tif,0.0,0
64161,3072,3584,64161_x03072_y03584.png,64161_x03072_y03584.png,64161_x03072_y03584.tif,0.0,0
64161,3584,3584,64161_x03584_y03584.png,64161_x03584_y03584.png,64161_x03584_y03584.tif,0.0,0
64161,4096,3584,64161_x04096_y03584.png,64161_x04096_y03584.png,64161_x04096_y03584.tif,0.0,0
64161,0,4096,64161_x00000_y04096.png,64161_x00000_y04096.png,64161_x00000_y04096.tif,0.00606536865234375,1590
64161,512,4096,64161_x00512_y04096.png,64161_x00512_y04096.png,64161_x00512_y04096.tif,0.0,0
64161,1024,4096,64161_x01024_y04096.png,64161_x01024_y04096.png,64161_x01024_y04096.tif,0.0,0
64161,1536,4096,64161_x01536_y04096.png,64161_x01536_y04096.png,64161_x01536_y04096.tif,0.0,0
64161,2048,4096,64161_x02048_y04096.png,64161_x02048_y04096.png,64161_x02048_y04096.tif,0.0,0
64161,2560,4096,64161_x02560_y04096.png,64161_x02560_y04096.png,64161_x02560_y04096.tif,0.0,0
64161,3072,4096,64161_x03072_y04096.png,64161_x03072_y04096.png,64161_x03072_y04096.tif,0.0,0
64161,3584,4096,64161_x03584_y04096.png,64161_x03584_y04096.png,64161_x03584_y04096.tif,0.0,0
64161,4096,4096,64161_x04096_y04096.png,64161_x04096_y04096.png,64161_x04096_y04096.tif,0.0,0
54854,0,0,54854_x00000_y00000.png,54854_x00000_y00000.png,54854_x00000_y00000.tif,0.0,0
54854,512,0,54854_x00512_y00000.png,54854_x00512_y00000.png,54854_x00512_y00000.tif,0.0,0
54854,1024,0,54854_x01024_y00000.png,54854_x01024_y00000.png,54854_x01024_y00000.tif,0.0,0
54854,1536,0,54854_x01536_y00000.png,54854_x01536_y00000.png,54854_x01536_y00000.tif,0.0,0
54854,2048,0,54854_x02048_y00000.png,54854_x02048_y00000.png,54854_x02048_y00000.tif,0.0,0
54854,2560,0,54854_x02560_y00000.png,54854_x02560_y00000.png,54854_x02560_y00000.tif,0.0,0
54854,3072,0,54854_x03072_y00000.png,54854_x03072_y00000.png,54854_x03072_y00000.tif,0.0,0
54854,3584,0,54854_x03584_y00000.png,54854_x03584_y00000.png,54854_x03584_y00000.tif,0.0,0
54854,4096,0,54854_x04096_y00000.png,54854_x04096_y00000.png,54854_x04096_y00000.tif,0.0,0
54854,0,512,54854_x00000_y00512.png,54854_x00000_y00512.png,54854_x00000_y00512.tif,0.0,0
54854,512,512,54854_x00512_y00512.png,54854_x00512_y00512.png,54854_x00512_y00512.tif,0.0,0
54854,1024,512,54854_x01024_y00512.png,54854_x01024_y00512.png,54854_x01024_y00512.tif,0.0,0
54854,1536,512,54854_x01536_y00512.png,54854_x01536_y00512.png,54854_x01536_y00512.tif,0.0,0
54854,2048,512,54854_x02048_y00512.png,54854_x02048_y00512.png,54854_x02048_y00512.tif,0.0,0
54854,2560,512,54854_x02560_y00512.png,54854_x02560_y00512.png,54854_x02560_y00512.tif,0.0,0
54854,3072,512,54854_x03072_y00512.png,54854_x03072_y00512.png,54854_x03072_y00512.tif,0.0,0
54854,3584,512,54854_x03584_y00512.png,54854_x03584_y00512.png,54854_x03584_y00512.tif,0.0,0
54854,4096,512,54854_x04096_y00512.png,54854_x04096_y00512.png,54854_x04096_y00512.tif,0.0,0
54854,0,1024,54854_x00000_y01024.png,54854_x00000_y01024.png,54854_x00000_y01024.tif,0.0,0
54854,512,1024,54854_x00512_y01024.png,54854_x00512_y01024.png,54854_x00512_y01024.tif,0.0,0
54854,1024,1024,54854_x01024_y01024.png,54854_x01024_y01024.png,54854_x01024_y01024.tif,0.0,0
54854,1536,1024,54854_x01536_y01024.png,54854_x01536_y01024.png,54854_x01536_y01024.tif,0.0,0
54854,2048,1024,54854_x02048_y01024.png,54854_x02048_y01024.png,54854_x02048_y01024.tif,0.0,0
54854,2560,1024,54854_x02560_y01024.png,54854_x02560_y01024.png,54854_x02560_y01024.tif,0.0,0
54854,3072,1024,54854_x03072_y01024.png,54854_x03072_y01024.png,54854_x03072_y01024.tif,0.0,0
54854,3584,1024,54854_x03584_y01024.png,54854_x03584_y01024.png,54854_x03584_y01024.tif,0.0,0
54854,4096,1024,54854_x04096_y01024.png,54854_x04096_y01024.png,54854_x04096_y01024.tif,0.0,0
54854,0,1536,54854_x00000_y01536.png,54854_x00000_y01536.png,54854_x00000_y01536.tif,0.0,0
54854,512,1536,54854_x00512_y01536.png,54854_x00512_y01536.png,54854_x00512_y01536.tif,0.0,0
54854,1024,1536,54854_x01024_y01536.png,54854_x01024_y01536.png,54854_x01024_y01536.tif,0.0,0
54854,1536,1536,54854_x01536_y01536.png,54854_x01536_y01536.png,54854_x01536_y01536.tif,0.0,0
54854,2048,1536,54854_x02048_y01536.png,54854_x02048_y01536.png,54854_x02048_y01536.tif,0.0,0
54854,2560,1536,54854_x02560_y01536.png,54854_x02560_y01536.png,54854_x02560_y01536.tif,0.0,0
54854,3072,1536,54854_x03072_y01536.png,54854_x03072_y01536.png,54854_x03072_y01536.tif,0.0,0
54854,3584,1536,54854_x03584_y01536.png,54854_x03584_y01536.png,54854_x03584_y01536.tif,0.0,0
54854,4096,1536,54854_x04096_y01536.png,54854_x04096_y01536.png,54854_x04096_y01536.tif,0.0,0
54854,0,2048,54854_x00000_y02048.png,54854_x00000_y02048.png,54854_x00000_y02048.tif,0.0,0
54854,512,2048,54854_x00512_y02048.png,54854_x00512_y02048.png,54854_x00512_y02048.tif,0.0,0
54854,1024,2048,54854_x01024_y02048.png,54854_x01024_y02048.png,54854_x01024_y02048.tif,0.0,0
54854,1536,2048,54854_x01536_y02048.png,54854_x01536_y02048.png,54854_x01536_y02048.tif,0.0,0
54854,2048,2048,54854_x02048_y02048.png,54854_x02048_y02048.png,54854_x02048_y02048.tif,0.0,0
54854,2560,2048,54854_x02560_y02048.png,54854_x02560_y02048.png,54854_x02560_y02048.tif,0.0,0
54854,3072,2048,54854_x03072_y02048.png,54854_x03072_y02048.png,54854_x03072_y02048.tif,0.0,0
54854,3584,2048,54854_x03584_y02048.png,54854_x03584_y02048.png,54854_x03584_y02048.tif,0.0,0
54854,4096,2048,54854_x04096_y02048.png,54854_x04096_y02048.png,54854_x04096_y02048.tif,0.0,0
54854,0,2560,54854_x00000_y02560.png,54854_x00000_y02560.png,54854_x00000_y02560.tif,0.0,0
54854,512,2560,54854_x00512_y02560.png,54854_x00512_y02560.png,54854_x00512_y02560.tif,0.0,0
54854,1024,2560,54854_x01024_y02560.png,54854_x01024_y02560.png,54854_x01024_y02560.tif,0.0,0
54854,1536,2560,54854_x01536_y02560.png,54854_x01536_y02560.png,54854_x01536_y02560.tif,0.01491546630859375,3910
54854,2048,2560,54854_x02048_y02560.png,54854_x02048_y02560.png,54854_x02048_y02560.tif,0.06346893310546875,16638
54854,2560,2560,54854_x02560_y02560.png,54854_x02560_y02560.png,54854_x02560_y02560.tif,0.0,0
54854,3072,2560,54854_x03072_y02560.png,54854_x03072_y02560.png,54854_x03072_y02560.tif,0.0,0
54854,3584,2560,54854_x03584_y02560.png,54854_x03584_y02560.png,54854_x03584_y02560.tif,0.0,0
54854,4096,2560,54854_x04096_y02560.png,54854_x04096_y02560.png,54854_x04096_y02560.tif,0.0,0
54854,0,3072,54854_x00000_y03072.png,54854_x00000_y03072.png,54854_x00000_y03072.tif,0.0,0
54854,512,3072,54854_x00512_y03072.png,54854_x00512_y03072.png,54854_x00512_y03072.tif,0.0,0
54854,1024,3072,54854_x01024_y03072.png,54854_x01024_y03072.png,54854_x01024_y03072.tif,0.0,0
54854,1536,3072,54854_x01536_y03072.png,54854_x01536_y03072.png,54854_x01536_y03072.tif,0.0,0
54854,2048,3072,54854_x02048_y03072.png,54854_x02048_y03072.png,54854_x02048_y03072.tif,0.0,0
54854,2560,3072,54854_x02560_y03072.png,54854_x02560_y03072.png,54854_x02560_y03072.tif,0.0,0
54854,3072,3072,54854_x03072_y03072.png,54854_x03072_y03072.png,54854_x03072_y03072.tif,0.0,0
54854,3584,3072,54854_x03584_y03072.png,54854_x03584_y03072.png,54854_x03584_y03072.tif,0.0,0
54854,4096,3072,54854_x04096_y03072.png,54854_x04096_y03072.png,54854_x04096_y03072.tif,0.0,0
54854,0,3584,54854_x00000_y03584.png,54854_x00000_y03584.png,54854_x00000_y03584.tif,0.0,0
54854,512,3584,54854_x00512_y03584.png,54854_x00512_y03584.png,54854_x00512_y03584.tif,0.0,0
54854,1024,3584,54854_x01024_y03584.png,54854_x01024_y03584.png,54854_x01024_y03584.tif,0.0,0
54854,1536,3584,54854_x01536_y03584.png,54854_x01536_y03584.png,54854_x01536_y03584.tif,0.0,0
54854,2048,3584,54854_x02048_y03584.png,54854_x02048_y03584.png,54854_x02048_y03584.tif,0.0,0
54854,2560,3584,54854_x02560_y03584.png,54854_x02560_y03584.png,54854_x02560_y03584.tif,0.0,0
54854,3072,3584,54854_x03072_y03584.png,54854_x03072_y03584.png,54854_x03072_y03584.tif,0.0,0
54854,3584,3584,54854_x03584_y03584.png,54854_x03584_y03584.png,54854_x03584_y03584.tif,0.0,0
54854,4096,3584,54854_x04096_y03584.png,54854_x04096_y03584.png,54854_x04096_y03584.tif,0.0,0
54854,0,4096,54854_x00000_y04096.png,54854_x00000_y04096.png,54854_x00000_y04096.tif,0.0,0
54854,512,4096,54854_x00512_y04096.png,54854_x00512_y04096.png,54854_x00512_y04096.tif,0.0,0
54854,1024,4096,54854_x01024_y04096.png,54854_x01024_y04096.png,54854_x01024_y04096.tif,0.0,0
54854,1536,4096,54854_x01536_y04096.png,54854_x01536_y04096.png,54854_x01536_y04096.tif,0.0,0
54854,2048,4096,54854_x02048_y04096.png,54854_x02048_y04096.png,54854_x02048_y04096.tif,0.0,0
54854,2560,4096,54854_x02560_y04096.png,54854_x02560_y04096.png,54854_x02560_y04096.tif,0.0,0
54854,3072,4096,54854_x03072_y04096.png,54854_x03072_y04096.png,54854_x03072_y04096.tif,0.0,0
54854,3584,4096,54854_x03584_y04096.png,54854_x03584_y04096.png,54854_x03584_y04096.tif,0.0,0
54854,4096,4096,54854_x04096_y04096.png,54854_x04096_y04096.png,54854_x04096_y04096.tif,0.0,0
52883,0,0,52883_x00000_y00000.png,52883_x00000_y00000.png,52883_x00000_y00000.tif,0.0,0
52883,512,0,52883_x00512_y00000.png,52883_x00512_y00000.png,52883_x00512_y00000.tif,0.0,0
52883,1024,0,52883_x01024_y00000.png,52883_x01024_y00000.png,52883_x01024_y00000.tif,0.0,0
52883,1536,0,52883_x01536_y00000.png,52883_x01536_y00000.png,52883_x01536_y00000.tif,0.0,0
52883,2048,0,52883_x02048_y00000.png,52883_x02048_y00000.png,52883_x02048_y00000.tif,0.0,0
52883,2560,0,52883_x02560_y00000.png,52883_x02560_y00000.png,52883_x02560_y00000.tif,0.0,0
52883,3072,0,52883_x03072_y00000.png,52883_x03072_y00000.png,52883_x03072_y00000.tif,0.0,0
52883,3584,0,52883_x03584_y00000.png,52883_x03584_y00000.png,52883_x03584_y00000.tif,0.0,0
52883,4096,0,52883_x04096_y00000.png,52883_x04096_y00000.png,52883_x04096_y00000.tif,0.0,0
52883,0,512,52883_x00000_y00512.png,52883_x00000_y00512.png,52883_x00000_y00512.tif,0.0,0
52883,512,512,52883_x00512_y00512.png,52883_x00512_y00512.png,52883_x00512_y00512.tif,0.0,0
52883,1024,512,52883_x01024_y00512.png,52883_x01024_y00512.png,52883_x01024_y00512.tif,0.0,0
52883,1536,512,52883_x01536_y00512.png,52883_x01536_y00512.png,52883_x01536_y00512.tif,0.0,0
52883,2048,512,52883_x02048_y00512.png,52883_x02048_y00512.png,52883_x02048_y00512.tif,0.0,0
52883,2560,512,52883_x02560_y00512.png,52883_x02560_y00512.png,52883_x02560_y00512.tif,0.0,0
52883,3072,512,52883_x03072_y00512.png,52883_x03072_y00512.png,52883_x03072_y00512.tif,0.0,0
52883,3584,512,52883_x03584_y00512.png,52883_x03584_y00512.png,52883_x03584_y00512.tif,0.0,0
52883,4096,512,52883_x04096_y00512.png,52883_x04096_y00512.png,52883_x04096_y00512.tif,0.0,0
52883,0,1024,52883_x00000_y01024.png,52883_x00000_y01024.png,52883_x00000_y01024.tif,0.0,0
52883,512,1024,52883_x00512_y01024.png,52883_x00512_y01024.png,52883_x00512_y01024.tif,0.0,0
52883,1024,1024,52883_x01024_y01024.png,52883_x01024_y01024.png,52883_x01024_y01024.tif,0.0,0
52883,1536,1024,52883_x01536_y01024.png,52883_x01536_y01024.png,52883_x01536_y01024.tif,0.0,0
52883,2048,1024,52883_x02048_y01024.png,52883_x02048_y01024.png,52883_x02048_y01024.tif,0.0,0
52883,2560,1024,52883_x02560_y01024.png,52883_x02560_y01024.png,52883_x02560_y01024.tif,0.0,0
52883,3072,1024,52883_x03072_y01024.png,52883_x03072_y01024.png,52883_x03072_y01024.tif,0.0,0
52883,3584,1024,52883_x03584_y01024.png,52883_x03584_y01024.png,52883_x03584_y01024.tif,0.0,0
52883,4096,1024,52883_x04096_y01024.png,52883_x04096_y01024.png,52883_x04096_y01024.tif,0.0,0
52883,0,1536,52883_x00000_y01536.png,52883_x00000_y01536.png,52883_x00000_y01536.tif,0.0,0
52883,512,1536,52883_x00512_y01536.png,52883_x00512_y01536.png,52883_x00512_y01536.tif,0.0,0
52883,1024,1536,52883_x01024_y01536.png,52883_x01024_y01536.png,52883_x01024_y01536.tif,0.0,0
52883,1536,1536,52883_x01536_y01536.png,52883_x01536_y01536.png,52883_x01536_y01536.tif,0.0,0
52883,2048,1536,52883_x02048_y01536.png,52883_x02048_y01536.png,52883_x02048_y01536.tif,0.0,0
52883,2560,1536,52883_x02560_y01536.png,52883_x02560_y01536.png,52883_x02560_y01536.tif,0.0,0
52883,3072,1536,52883_x03072_y01536.png,52883_x03072_y01536.png,52883_x03072_y01536.tif,0.0,0
52883,3584,1536,52883_x03584_y01536.png,52883_x03584_y01536.png,52883_x03584_y01536.tif,0.0,0
52883,4096,1536,52883_x04096_y01536.png,52883_x04096_y01536.png,52883_x04096_y01536.tif,0.0,0
52883,0,2048,52883_x00000_y02048.png,52883_x00000_y02048.png,52883_x00000_y02048.tif,0.0,0
52883,512,2048,52883_x00512_y02048.png,52883_x00512_y02048.png,52883_x00512_y02048.tif,0.0,0
52883,1024,2048,52883_x01024_y02048.png,52883_x01024_y02048.png,52883_x01024_y02048.tif,0.0,0
52883,1536,2048,52883_x01536_y02048.png,52883_x01536_y02048.png,52883_x01536_y02048.tif,0.0,0
52883,2048,2048,52883_x02048_y02048.png,52883_x02048_y02048.png,52883_x02048_y02048.tif,0.0,0
52883,2560,2048,52883_x02560_y02048.png,52883_x02560_y02048.png,52883_x02560_y02048.tif,0.0,0
52883,3072,2048,52883_x03072_y02048.png,52883_x03072_y02048.png,52883_x03072_y02048.tif,0.0,0
52883,3584,2048,52883_x03584_y02048.png,52883_x03584_y02048.png,52883_x03584_y02048.tif,0.0,0
52883,4096,2048,52883_x04096_y02048.png,52883_x04096_y02048.png,52883_x04096_y02048.tif,0.0,0
52883,0,2560,52883_x00000_y02560.png,52883_x00000_y02560.png,52883_x00000_y02560.tif,0.0,0
52883,512,2560,52883_x00512_y02560.png,52883_x00512_y02560.png,52883_x00512_y02560.tif,0.0,0
52883,1024,2560,52883_x01024_y02560.png,52883_x01024_y02560.png,52883_x01024_y02560.tif,0.0,0
52883,1536,2560,52883_x01536_y02560.png,52883_x01536_y02560.png,52883_x01536_y02560.tif,0.0,0
52883,2048,2560,52883_x02048_y02560.png,52883_x02048_y02560.png,52883_x02048_y02560.tif,0.0,0
52883,2560,2560,52883_x02560_y02560.png,52883_x02560_y02560.png,52883_x02560_y02560.tif,0.0,0
52883,3072,2560,52883_x03072_y02560.png,52883_x03072_y02560.png,52883_x03072_y02560.tif,0.0,0
52883,3584,2560,52883_x03584_y02560.png,52883_x03584_y02560.png,52883_x03584_y02560.tif,0.0,0
52883,4096,2560,52883_x04096_y02560.png,52883_x04096_y02560.png,52883_x04096_y02560.tif,0.0,0
52883,0,3072,52883_x00000_y03072.png,52883_x00000_y03072.png,52883_x00000_y03072.tif,0.0,0
52883,512,3072,52883_x00512_y03072.png,52883_x00512_y03072.png,52883_x00512_y03072.tif,0.0,0
52883,1024,3072,52883_x01024_y03072.png,52883_x01024_y03072.png,52883_x01024_y03072.tif,0.0,0
52883,1536,3072,52883_x01536_y03072.png,52883_x01536_y03072.png,52883_x01536_y03072.tif,0.0,0
52883,2048,3072,52883_x02048_y03072.png,52883_x02048_y03072.png,52883_x02048_y03072.tif,0.0,0
52883,2560,3072,52883_x02560_y03072.png,52883_x02560_y03072.png,52883_x02560_y03072.tif,0.0,0
52883,3072,3072,52883_x03072_y03072.png,52883_x03072_y03072.png,52883_x03072_y03072.tif,0.0,0
52883,3584,3072,52883_x03584_y03072.png,52883_x03584_y03072.png,52883_x03584_y03072.tif,0.0,0
52883,4096,3072,52883_x04096_y03072.png,52883_x04096_y03072.png,52883_x04096_y03072.tif,0.0,0
52883,0,3584,52883_x00000_y03584.png,52883_x00000_y03584.png,52883_x00000_y03584.tif,0.0,0
52883,512,3584,52883_x00512_y03584.png,52883_x00512_y03584.png,52883_x00512_y03584.tif,0.0,0
52883,1024,3584,52883_x01024_y03584.png,52883_x01024_y03584.png,52883_x01024_y03584.tif,0.0,0
52883,1536,3584,52883_x01536_y03584.png,52883_x01536_y03584.png,52883_x01536_y03584.tif,0.0,0
52883,2048,3584,52883_x02048_y03584.png,52883_x02048_y03584.png,52883_x02048_y03584.tif,0.0,0
52883,2560,3584,52883_x02560_y03584.png,52883_x02560_y03584.png,52883_x02560_y03584.tif,0.0,0
52883,3072,3584,52883_x03072_y03584.png,52883_x03072_y03584.png,52883_x03072_y03584.tif,0.0,0
52883,3584,3584,52883_x03584_y03584.png,52883_x03584_y03584.png,52883_x03584_y03584.tif,0.0,0
52883,4096,3584,52883_x04096_y03584.png,52883_x04096_y03584.png,52883_x04096_y03584.tif,0.0,0
52883,0,4096,52883_x00000_y04096.png,52883_x00000_y04096.png,52883_x00000_y04096.tif,0.0,0
52883,512,4096,52883_x00512_y04096.png,52883_x00512_y04096.png,52883_x00512_y04096.tif,0.0,0
52883,1024,4096,52883_x01024_y04096.png,52883_x01024_y04096.png,52883_x01024_y04096.tif,0.0,0
52883,1536,4096,52883_x01536_y04096.png,52883_x01536_y04096.png,52883_x01536_y04096.tif,0.0,0
52883,2048,4096,52883_x02048_y04096.png,52883_x02048_y04096.png,52883_x02048_y04096.tif,0.0,0
52883,2560,4096,52883_x02560_y04096.png,52883_x02560_y04096.png,52883_x02560_y04096.tif,0.0,0
52883,3072,4096,52883_x03072_y04096.png,52883_x03072_y04096.png,52883_x03072_y04096.tif,0.0,0
52883,3584,4096,52883_x03584_y04096.png,52883_x03584_y04096.png,52883_x03584_y04096.tif,0.0,0
52883,4096,4096,52883_x04096_y04096.png,52883_x04096_y04096.png,52883_x04096_y04096.tif,0.0,0
74032,0,0,74032_x00000_y00000.png,74032_x00000_y00000.png,74032_x00000_y00000.tif,0.0,0
74032,512,0,74032_x00512_y00000.png,74032_x00512_y00000.png,74032_x00512_y00000.tif,0.0,0
74032,1024,0,74032_x01024_y00000.png,74032_x01024_y00000.png,74032_x01024_y00000.tif,0.0,0
74032,1536,0,74032_x01536_y00000.png,74032_x01536_y00000.png,74032_x01536_y00000.tif,0.0,0
74032,2048,0,74032_x02048_y00000.png,74032_x02048_y00000.png,74032_x02048_y00000.tif,0.0,0
74032,2560,0,74032_x02560_y00000.png,74032_x02560_y00000.png,74032_x02560_y00000.tif,0.0,0
74032,3072,0,74032_x03072_y00000.png,74032_x03072_y00000.png,74032_x03072_y00000.tif,0.0,0
74032,3584,0,74032_x03584_y00000.png,74032_x03584_y00000.png,74032_x03584_y00000.tif,0.0,0
74032,4096,0,74032_x04096_y00000.png,74032_x04096_y00000.png,74032_x04096_y00000.tif,0.0,0
74032,0,512,74032_x00000_y00512.png,74032_x00000_y00512.png,74032_x00000_y00512.tif,0.0,0
74032,512,512,74032_x00512_y00512.png,74032_x00512_y00512.png,74032_x00512_y00512.tif,0.0,0
74032,1024,512,74032_x01024_y00512.png,74032_x01024_y00512.png,74032_x01024_y00512.tif,0.0,0
74032,1536,512,74032_x01536_y00512.png,74032_x01536_y00512.png,74032_x01536_y00512.tif,0.0,0
74032,2048,512,74032_x02048_y00512.png,74032_x02048_y00512.png,74032_x02048_y00512.tif,0.0,0
74032,2560,512,74032_x02560_y00512.png,74032_x02560_y00512.png,74032_x02560_y00512.tif,0.0,0
74032,3072,512,74032_x03072_y00512.png,74032_x03072_y00512.png,74032_x03072_y00512.tif,0.0,0
74032,3584,512,74032_x03584_y00512.png,74032_x03584_y00512.png,74032_x03584_y00512.tif,0.0,0
74032,4096,512,74032_x04096_y00512.png,74032_x04096_y00512.png,74032_x04096_y00512.tif,0.0,0
74032,0,1024,74032_x00000_y01024.png,74032_x00000_y01024.png,74032_x00000_y01024.tif,0.0,0
74032,512,1024,74032_x00512_y01024.png,74032_x00512_y01024.png,74032_x00512_y01024.tif,0.0,0
74032,1024,1024,74032_x01024_y01024.png,74032_x01024_y01024.png,74032_x01024_y01024.tif,0.0,0
74032,1536,1024,74032_x01536_y01024.png,74032_x01536_y01024.png,74032_x01536_y01024.tif,0.0,0
74032,2048,1024,74032_x02048_y01024.png,74032_x02048_y01024.png,74032_x02048_y01024.tif,0.0,0
74032,2560,1024,74032_x02560_y01024.png,74032_x02560_y01024.png,74032_x02560_y01024.tif,0.0,0
74032,3072,1024,74032_x03072_y01024.png,74032_x03072_y01024.png,74032_x03072_y01024.tif,0.0,0
74032,3584,1024,74032_x03584_y01024.png,74032_x03584_y01024.png,74032_x03584_y01024.tif,0.0,0
74032,4096,1024,74032_x04096_y01024.png,74032_x04096_y01024.png,74032_x04096_y01024.tif,0.0,0
74032,0,1536,74032_x00000_y01536.png,74032_x00000_y01536.png,74032_x00000_y01536.tif,0.0,0
74032,512,1536,74032_x00512_y01536.png,74032_x00512_y01536.png,74032_x00512_y01536.tif,0.0,0
74032,1024,1536,74032_x01024_y01536.png,74032_x01024_y01536.png,74032_x01024_y01536.tif,0.0,0
74032,1536,1536,74032_x01536_y01536.png,74032_x01536_y01536.png,74032_x01536_y01536.tif,0.0,0
74032,2048,1536,74032_x02048_y01536.png,74032_x02048_y01536.png,74032_x02048_y01536.tif,0.0,0
74032,2560,1536,74032_x02560_y01536.png,74032_x02560_y01536.png,74032_x02560_y01536.tif,0.0,0
74032,3072,1536,74032_x03072_y01536.png,74032_x03072_y01536.png,74032_x03072_y01536.tif,0.0,0
74032,3584,1536,74032_x03584_y01536.png,74032_x03584_y01536.png,74032_x03584_y01536.tif,0.0,0
74032,4096,1536,74032_x04096_y01536.png,74032_x04096_y01536.png,74032_x04096_y01536.tif,0.0,0
74032,0,2048,74032_x00000_y02048.png,74032_x00000_y02048.png,74032_x00000_y02048.tif,0.0,0
74032,512,2048,74032_x00512_y02048.png,74032_x00512_y02048.png,74032_x00512_y02048.tif,0.0,0
74032,1024,2048,74032_x01024_y02048.png,74032_x01024_y02048.png,74032_x01024_y02048.tif,0.0,0
74032,1536,2048,74032_x01536_y02048.png,74032_x01536_y02048.png,74032_x01536_y02048.tif,0.0,0
74032,2048,2048,74032_x02048_y02048.png,74032_x02048_y02048.png,74032_x02048_y02048.tif,0.0,0
74032,2560,2048,74032_x02560_y02048.png,74032_x02560_y02048.png,74032_x02560_y02048.tif,0.0,0
74032,3072,2048,74032_x03072_y02048.png,74032_x03072_y02048.png,74032_x03072_y02048.tif,0.0,0
74032,3584,2048,74032_x03584_y02048.png,74032_x03584_y02048.png,74032_x03584_y02048.tif,0.0,0
74032,4096,2048,74032_x04096_y02048.png,74032_x04096_y02048.png,74032_x04096_y02048.tif,0.0,0
74032,0,2560,74032_x00000_y02560.png,74032_x00000_y02560.png,74032_x00000_y02560.tif,0.0,0
74032,512,2560,74032_x00512_y02560.png,74032_x00512_y02560.png,74032_x00512_y02560.tif,0.0,0
74032,1024,2560,74032_x01024_y02560.png,74032_x01024_y02560.png,74032_x01024_y02560.tif,0.0,0
74032,1536,2560,74032_x01536_y02560.png,74032_x01536_y02560.png,74032_x01536_y02560.tif,0.0,0
74032,2048,2560,74032_x02048_y02560.png,74032_x02048_y02560.png,74032_x02048_y02560.tif,0.0,0
74032,2560,2560,74032_x02560_y02560.png,74032_x02560_y02560.png,74032_x02560_y02560.tif,0.0,0
74032,3072,2560,74032_x03072_y02560.png,74032_x03072_y02560.png,74032_x03072_y02560.tif,0.0,0
74032,3584,2560,74032_x03584_y02560.png,74032_x03584_y02560.png,74032_x03584_y02560.tif,0.0,0
74032,4096,2560,74032_x04096_y02560.png,74032_x04096_y02560.png,74032_x04096_y02560.tif,0.0,0
74032,0,3072,74032_x00000_y03072.png,74032_x00000_y03072.png,74032_x00000_y03072.tif,0.0,0
74032,512,3072,74032_x00512_y03072.png,74032_x00512_y03072.png,74032_x00512_y03072.tif,0.0,0
74032,1024,3072,74032_x01024_y03072.png,74032_x01024_y03072.png,74032_x01024_y03072.tif,0.0,0
74032,1536,3072,74032_x01536_y03072.png,74032_x01536_y03072.png,74032_x01536_y03072.tif,0.0,0
74032,2048,3072,74032_x02048_y03072.png,74032_x02048_y03072.png,74032_x02048_y03072.tif,0.0,0
74032,2560,3072,74032_x02560_y03072.png,74032_x02560_y03072.png,74032_x02560_y03072.tif,0.0,0
74032,3072,3072,74032_x03072_y03072.png,74032_x03072_y03072.png,74032_x03072_y03072.tif,0.0,0
74032,3584,3072,74032_x03584_y03072.png,74032_x03584_y03072.png,74032_x03584_y03072.tif,0.0,0
74032,4096,3072,74032_x04096_y03072.png,74032_x04096_y03072.png,74032_x04096_y03072.tif,0.0,0
74032,0,3584,74032_x00000_y03584.png,74032_x00000_y03584.png,74032_x00000_y03584.tif,0.0,0
74032,512,3584,74032_x00512_y03584.png,74032_x00512_y03584.png,74032_x00512_y03584.tif,0.0,0
74032,1024,3584,74032_x01024_y03584.png,74032_x01024_y03584.png,74032_x01024_y03584.tif,0.0,0
74032,1536,3584,74032_x01536_y03584.png,74032_x01536_y03584.png,74032_x01536_y03584.tif,0.0,0
74032,2048,3584,74032_x02048_y03584.png,74032_x02048_y03584.png,74032_x02048_y03584.tif,0.0,0
74032,2560,3584,74032_x02560_y03584.png,74032_x02560_y03584.png,74032_x02560_y03584.tif,0.0,0
74032,3072,3584,74032_x03072_y03584.png,74032_x03072_y03584.png,74032_x03072_y03584.tif,0.0,0
74032,3584,3584,74032_x03584_y03584.png,74032_x03584_y03584.png,74032_x03584_y03584.tif,0.0,0
74032,4096,3584,74032_x04096_y03584.png,74032_x04096_y03584.png,74032_x04096_y03584.tif,0.0,0
74032,0,4096,74032_x00000_y04096.png,74032_x00000_y04096.png,74032_x00000_y04096.tif,0.0,0
74032,512,4096,74032_x00512_y04096.png,74032_x00512_y04096.png,74032_x00512_y04096.tif,0.0,0
74032,1024,4096,74032_x01024_y04096.png,74032_x01024_y04096.png,74032_x01024_y04096.tif,0.0,0
74032,1536,4096,74032_x01536_y04096.png,74032_x01536_y04096.png,74032_x01536_y04096.tif,0.0,0
74032,2048,4096,74032_x02048_y04096.png,74032_x02048_y04096.png,74032_x02048_y04096.tif,0.0,0
74032,2560,4096,74032_x02560_y04096.png,74032_x02560_y04096.png,74032_x02560_y04096.tif,0.0,0
74032,3072,4096,74032_x03072_y04096.png,74032_x03072_y04096.png,74032_x03072_y04096.tif,0.0,0
74032,3584,4096,74032_x03584_y04096.png,74032_x03584_y04096.png,74032_x03584_y04096.tif,0.0,0
74032,4096,4096,74032_x04096_y04096.png,74032_x04096_y04096.png,74032_x04096_y04096.tif,0.0,0
54673,0,0,54673_x00000_y00000.png,54673_x00000_y00000.png,54673_x00000_y00000.tif,0.0,0
54673,512,0,54673_x00512_y00000.png,54673_x00512_y00000.png,54673_x00512_y00000.tif,0.0,0
54673,1024,0,54673_x01024_y00000.png,54673_x01024_y00000.png,54673_x01024_y00000.tif,0.0,0
54673,1536,0,54673_x01536_y00000.png,54673_x01536_y00000.png,54673_x01536_y00000.tif,0.0,0
54673,2048,0,54673_x02048_y00000.png,54673_x02048_y00000.png,54673_x02048_y00000.tif,0.0,0
54673,2560,0,54673_x02560_y00000.png,54673_x02560_y00000.png,54673_x02560_y00000.tif,0.0,0
54673,3072,0,54673_x03072_y00000.png,54673_x03072_y00000.png,54673_x03072_y00000.tif,0.0,0
54673,3584,0,54673_x03584_y00000.png,54673_x03584_y00000.png,54673_x03584_y00000.tif,0.0,0
54673,4096,0,54673_x04096_y00000.png,54673_x04096_y00000.png,54673_x04096_y00000.tif,0.0,0
54673,0,512,54673_x00000_y00512.png,54673_x00000_y00512.png,54673_x00000_y00512.tif,0.0,0
54673,512,512,54673_x00512_y00512.png,54673_x00512_y00512.png,54673_x00512_y00512.tif,0.0,0
54673,1024,512,54673_x01024_y00512.png,54673_x01024_y00512.png,54673_x01024_y00512.tif,0.0,0
54673,1536,512,54673_x01536_y00512.png,54673_x01536_y00512.png,54673_x01536_y00512.tif,0.0,0
54673,2048,512,54673_x02048_y00512.png,54673_x02048_y00512.png,54673_x02048_y00512.tif,0.0,0
54673,2560,512,54673_x02560_y00512.png,54673_x02560_y00512.png,54673_x02560_y00512.tif,0.0,0
54673,3072,512,54673_x03072_y00512.png,54673_x03072_y00512.png,54673_x03072_y00512.tif,0.0,0
54673,3584,512,54673_x03584_y00512.png,54673_x03584_y00512.png,54673_x03584_y00512.tif,0.0,0
54673,4096,512,54673_x04096_y00512.png,54673_x04096_y00512.png,54673_x04096_y00512.tif,0.0,0
54673,0,1024,54673_x00000_y01024.png,54673_x00000_y01024.png,54673_x00000_y01024.tif,0.0,0
54673,512,1024,54673_x00512_y01024.png,54673_x00512_y01024.png,54673_x00512_y01024.tif,0.0,0
54673,1024,1024,54673_x01024_y01024.png,54673_x01024_y01024.png,54673_x01024_y01024.tif,0.0,0
54673,1536,1024,54673_x01536_y01024.png,54673_x01536_y01024.png,54673_x01536_y01024.tif,0.0,0
54673,2048,1024,54673_x02048_y01024.png,54673_x02048_y01024.png,54673_x02048_y01024.tif,0.0,0
54673,2560,1024,54673_x02560_y01024.png,54673_x02560_y01024.png,54673_x02560_y01024.tif,0.0,0
54673,3072,1024,54673_x03072_y01024.png,54673_x03072_y01024.png,54673_x03072_y01024.tif,0.0,0
54673,3584,1024,54673_x03584_y01024.png,54673_x03584_y01024.png,54673_x03584_y01024.tif,0.051372528076171875,13467
54673,4096,1024,54673_x04096_y01024.png,54673_x04096_y01024.png,54673_x04096_y01024.tif,0.0,0
54673,0,1536,54673_x00000_y01536.png,54673_x00000_y01536.png,54673_x00000_y01536.tif,0.0,0
54673,512,1536,54673_x00512_y01536.png,54673_x00512_y01536.png,54673_x00512_y01536.tif,0.0,0
54673,1024,1536,54673_x01024_y01536.png,54673_x01024_y01536.png,54673_x01024_y01536.tif,0.0,0
54673,1536,1536,54673_x01536_y01536.png,54673_x01536_y01536.png,54673_x01536_y01536.tif,0.0,0
54673,2048,1536,54673_x02048_y01536.png,54673_x02048_y01536.png,54673_x02048_y01536.tif,0.0,0
54673,2560,1536,54673_x02560_y01536.png,54673_x02560_y01536.png,54673_x02560_y01536.tif,0.0,0
54673,3072,1536,54673_x03072_y01536.png,54673_x03072_y01536.png,54673_x03072_y01536.tif,0.0,0
54673,3584,1536,54673_x03584_y01536.png,54673_x03584_y01536.png,54673_x03584_y01536.tif,0.0,0
54673,4096,1536,54673_x04096_y01536.png,54673_x04096_y01536.png,54673_x04096_y01536.tif,0.0,0
54673,0,2048,54673_x00000_y02048.png,54673_x00000_y02048.png,54673_x00000_y02048.tif,0.0,0
54673,512,2048,54673_x00512_y02048.png,54673_x00512_y02048.png,54673_x00512_y02048.tif,0.0,0
54673,1024,2048,54673_x01024_y02048.png,54673_x01024_y02048.png,54673_x01024_y02048.tif,0.0,0
54673,1536,2048,54673_x01536_y02048.png,54673_x01536_y02048.png,54673_x01536_y02048.tif,0.0,0
54673,2048,2048,54673_x02048_y02048.png,54673_x02048_y02048.png,54673_x02048_y02048.tif,0.0,0
54673,2560,2048,54673_x02560_y02048.png,54673_x02560_y02048.png,54673_x02560_y02048.tif,0.0,0
54673,3072,2048,54673_x03072_y02048.png,54673_x03072_y02048.png,54673_x03072_y02048.tif,0.0,0
54673,3584,2048,54673_x03584_y02048.png,54673_x03584_y02048.png,54673_x03584_y02048.tif,0.0,0
54673,4096,2048,54673_x04096_y02048.png,54673_x04096_y02048.png,54673_x04096_y02048.tif,0.0,0
54673,0,2560,54673_x00000_y02560.png,54673_x00000_y02560.png,54673_x00000_y02560.tif,0.0,0
54673,512,2560,54673_x00512_y02560.png,54673_x00512_y02560.png,54673_x00512_y02560.tif,0.0,0
54673,1024,2560,54673_x01024_y02560.png,54673_x01024_y02560.png,54673_x01024_y02560.tif,0.0,0
54673,1536,2560,54673_x01536_y02560.png,54673_x01536_y02560.png,54673_x01536_y02560.tif,0.0,0
54673,2048,2560,54673_x02048_y02560.png,54673_x02048_y02560.png,54673_x02048_y02560.tif,0.0,0
54673,2560,2560,54673_x02560_y02560.png,54673_x02560_y02560.png,54673_x02560_y02560.tif,0.0,0
54673,3072,2560,54673_x03072_y02560.png,54673_x03072_y02560.png,54673_x03072_y02560.tif,0.0,0
54673,3584,2560,54673_x03584_y02560.png,54673_x03584_y02560.png,54673_x03584_y02560.tif,0.0,0
54673,4096,2560,54673_x04096_y02560.png,54673_x04096_y02560.png,54673_x04096_y02560.tif,0.0,0
54673,0,3072,54673_x00000_y03072.png,54673_x00000_y03072.png,54673_x00000_y03072.tif,0.0,0
54673,512,3072,54673_x00512_y03072.png,54673_x00512_y03072.png,54673_x00512_y03072.tif,0.0,0
54673,1024,3072,54673_x01024_y03072.png,54673_x01024_y03072.png,54673_x01024_y03072.tif,0.0,0
54673,1536,3072,54673_x01536_y03072.png,54673_x01536_y03072.png,54673_x01536_y03072.tif,0.0,0
54673,2048,3072,54673_x02048_y03072.png,54673_x02048_y03072.png,54673_x02048_y03072.tif,0.0,0
54673,2560,3072,54673_x02560_y03072.png,54673_x02560_y03072.png,54673_x02560_y03072.tif,0.0,0
54673,3072,3072,54673_x03072_y03072.png,54673_x03072_y03072.png,54673_x03072_y03072.tif,0.0,0
54673,3584,3072,54673_x03584_y03072.png,54673_x03584_y03072.png,54673_x03584_y03072.tif,0.0,0
54673,4096,3072,54673_x04096_y03072.png,54673_x04096_y03072.png,54673_x04096_y03072.tif,0.0,0
54673,0,3584,54673_x00000_y03584.png,54673_x00000_y03584.png,54673_x00000_y03584.tif,0.0,0
54673,512,3584,54673_x00512_y03584.png,54673_x00512_y03584.png,54673_x00512_y03584.tif,0.0,0
54673,1024,3584,54673_x01024_y03584.png,54673_x01024_y03584.png,54673_x01024_y03584.tif,0.0,0
54673,1536,3584,54673_x01536_y03584.png,54673_x01536_y03584.png,54673_x01536_y03584.tif,0.0,0
54673,2048,3584,54673_x02048_y03584.png,54673_x02048_y03584.png,54673_x02048_y03584.tif,0.0,0
54673,2560,3584,54673_x02560_y03584.png,54673_x02560_y03584.png,54673_x02560_y03584.tif,0.0,0
54673,3072,3584,54673_x03072_y03584.png,54673_x03072_y03584.png,54673_x03072_y03584.tif,0.0,0
54673,3584,3584,54673_x03584_y03584.png,54673_x03584_y03584.png,54673_x03584_y03584.tif,0.0,0
54673,4096,3584,54673_x04096_y03584.png,54673_x04096_y03584.png,54673_x04096_y03584.tif,0.0,0
54673,0,4096,54673_x00000_y04096.png,54673_x00000_y04096.png,54673_x00000_y04096.tif,0.0,0
54673,512,4096,54673_x00512_y04096.png,54673_x00512_y04096.png,54673_x00512_y04096.tif,0.0,0
54673,1024,4096,54673_x01024_y04096.png,54673_x01024_y04096.png,54673_x01024_y04096.tif,0.0,0
54673,1536,4096,54673_x01536_y04096.png,54673_x01536_y04096.png,54673_x01536_y04096.tif,0.0,0
54673,2048,4096,54673_x02048_y04096.png,54673_x02048_y04096.png,54673_x02048_y04096.tif,0.0,0
54673,2560,4096,54673_x02560_y04096.png,54673_x02560_y04096.png,54673_x02560_y04096.tif,0.0,0
54673,3072,4096,54673_x03072_y04096.png,54673_x03072_y04096.png,54673_x03072_y04096.tif,0.0,0
54673,3584,4096,54673_x03584_y04096.png,54673_x03584_y04096.png,54673_x03584_y04096.tif,0.0,0
54673,4096,4096,54673_x04096_y04096.png,54673_x04096_y04096.png,54673_x04096_y04096.tif,0.0,0
54371,0,0,54371_x00000_y00000.png,54371_x00000_y00000.png,54371_x00000_y00000.tif,0.0,0
54371,512,0,54371_x00512_y00000.png,54371_x00512_y00000.png,54371_x00512_y00000.tif,0.0,0
54371,1024,0,54371_x01024_y00000.png,54371_x01024_y00000.png,54371_x01024_y00000.tif,0.0,0
54371,1536,0,54371_x01536_y00000.png,54371_x01536_y00000.png,54371_x01536_y00000.tif,0.0,0
54371,2048,0,54371_x02048_y00000.png,54371_x02048_y00000.png,54371_x02048_y00000.tif,0.0,0
54371,2560,0,54371_x02560_y00000.png,54371_x02560_y00000.png,54371_x02560_y00000.tif,0.0,0
54371,3072,0,54371_x03072_y00000.png,54371_x03072_y00000.png,54371_x03072_y00000.tif,0.0,0
54371,3584,0,54371_x03584_y00000.png,54371_x03584_y00000.png,54371_x03584_y00000.tif,0.0,0
54371,4096,0,54371_x04096_y00000.png,54371_x04096_y00000.png,54371_x04096_y00000.tif,0.0,0
54371,0,512,54371_x00000_y00512.png,54371_x00000_y00512.png,54371_x00000_y00512.tif,0.0,0
54371,512,512,54371_x00512_y00512.png,54371_x00512_y00512.png,54371_x00512_y00512.tif,0.0,0
54371,1024,512,54371_x01024_y00512.png,54371_x01024_y00512.png,54371_x01024_y00512.tif,0.0,0
54371,1536,512,54371_x01536_y00512.png,54371_x01536_y00512.png,54371_x01536_y00512.tif,0.0,0
54371,2048,512,54371_x02048_y00512.png,54371_x02048_y00512.png,54371_x02048_y00512.tif,0.006256103515625,1640
54371,2560,512,54371_x02560_y00512.png,54371_x02560_y00512.png,54371_x02560_y00512.tif,0.0,0
54371,3072,512,54371_x03072_y00512.png,54371_x03072_y00512.png,54371_x03072_y00512.tif,0.0,0
54371,3584,512,54371_x03584_y00512.png,54371_x03584_y00512.png,54371_x03584_y00512.tif,0.0,0
54371,4096,512,54371_x04096_y00512.png,54371_x04096_y00512.png,54371_x04096_y00512.tif,0.0,0
54371,0,1024,54371_x00000_y01024.png,54371_x00000_y01024.png,54371_x00000_y01024.tif,0.0,0
54371,512,1024,54371_x00512_y01024.png,54371_x00512_y01024.png,54371_x00512_y01024.tif,0.0,0
54371,1024,1024,54371_x01024_y01024.png,54371_x01024_y01024.png,54371_x01024_y01024.tif,0.0,0
54371,1536,1024,54371_x01536_y01024.png,54371_x01536_y01024.png,54371_x01536_y01024.tif,0.0,0
54371,2048,1024,54371_x02048_y01024.png,54371_x02048_y01024.png,54371_x02048_y01024.tif,0.04537200927734375,11894
54371,2560,1024,54371_x02560_y01024.png,54371_x02560_y01024.png,54371_x02560_y01024.tif,0.0,0
54371,3072,1024,54371_x03072_y01024.png,54371_x03072_y01024.png,54371_x03072_y01024.tif,0.0,0
54371,3584,1024,54371_x03584_y01024.png,54371_x03584_y01024.png,54371_x03584_y01024.tif,0.0,0
54371,4096,1024,54371_x04096_y01024.png,54371_x04096_y01024.png,54371_x04096_y01024.tif,0.0,0
54371,0,1536,54371_x00000_y01536.png,54371_x00000_y01536.png,54371_x00000_y01536.tif,0.0,0
54371,512,1536,54371_x00512_y01536.png,54371_x00512_y01536.png,54371_x00512_y01536.tif,0.0,0
54371,1024,1536,54371_x01024_y01536.png,54371_x01024_y01536.png,54371_x01024_y01536.tif,0.0,0
54371,1536,1536,54371_x01536_y01536.png,54371_x01536_y01536.png,54371_x01536_y01536.tif,0.0,0
54371,2048,1536,54371_x02048_y01536.png,54371_x02048_y01536.png,54371_x02048_y01536.tif,0.0,0
54371,2560,1536,54371_x02560_y01536.png,54371_x02560_y01536.png,54371_x02560_y01536.tif,0.0,0
54371,3072,1536,54371_x03072_y01536.png,54371_x03072_y01536.png,54371_x03072_y01536.tif,0.0,0
54371,3584,1536,54371_x03584_y01536.png,54371_x03584_y01536.png,54371_x03584_y01536.tif,0.0,0
54371,4096,1536,54371_x04096_y01536.png,54371_x04096_y01536.png,54371_x04096_y01536.tif,0.0,0
54371,0,2048,54371_x00000_y02048.png,54371_x00000_y02048.png,54371_x00000_y02048.tif,0.0,0
54371,512,2048,54371_x00512_y02048.png,54371_x00512_y02048.png,54371_x00512_y02048.tif,0.0,0
54371,1024,2048,54371_x01024_y02048.png,54371_x01024_y02048.png,54371_x01024_y02048.tif,0.0,0
54371,1536,2048,54371_x01536_y02048.png,54371_x01536_y02048.png,54371_x01536_y02048.tif,0.0,0
54371,2048,2048,54371_x02048_y02048.png,54371_x02048_y02048.png,54371_x02048_y02048.tif,0.0,0
54371,2560,2048,54371_x02560_y02048.png,54371_x02560_y02048.png,54371_x02560_y02048.tif,0.0,0
54371,3072,2048,54371_x03072_y02048.png,54371_x03072_y02048.png,54371_x03072_y02048.tif,0.0,0
54371,3584,2048,54371_x03584_y02048.png,54371_x03584_y02048.png,54371_x03584_y02048.tif,0.0,0
54371,4096,2048,54371_x04096_y02048.png,54371_x04096_y02048.png,54371_x04096_y02048.tif,0.0,0
54371,0,2560,54371_x00000_y02560.png,54371_x00000_y02560.png,54371_x00000_y02560.tif,0.0,0
54371,512,2560,54371_x00512_y02560.png,54371_x00512_y02560.png,54371_x00512_y02560.tif,0.0,0
54371,1024,2560,54371_x01024_y02560.png,54371_x01024_y02560.png,54371_x01024_y02560.tif,0.0,0
54371,1536,2560,54371_x01536_y02560.png,54371_x01536_y02560.png,54371_x01536_y02560.tif,0.0,0
54371,2048,2560,54371_x02048_y02560.png,54371_x02048_y02560.png,54371_x02048_y02560.tif,0.0,0
54371,2560,2560,54371_x02560_y02560.png,54371_x02560_y02560.png,54371_x02560_y02560.tif,0.0,0
54371,3072,2560,54371_x03072_y02560.png,54371_x03072_y02560.png,54371_x03072_y02560.tif,0.0,0
54371,3584,2560,54371_x03584_y02560.png,54371_x03584_y02560.png,54371_x03584_y02560.tif,0.0,0
54371,4096,2560,54371_x04096_y02560.png,54371_x04096_y02560.png,54371_x04096_y02560.tif,0.0,0
54371,0,3072,54371_x00000_y03072.png,54371_x00000_y03072.png,54371_x00000_y03072.tif,0.0,0
54371,512,3072,54371_x00512_y03072.png,54371_x00512_y03072.png,54371_x00512_y03072.tif,0.0,0
54371,1024,3072,54371_x01024_y03072.png,54371_x01024_y03072.png,54371_x01024_y03072.tif,0.0,0
54371,1536,3072,54371_x01536_y03072.png,54371_x01536_y03072.png,54371_x01536_y03072.tif,0.0,0
54371,2048,3072,54371_x02048_y03072.png,54371_x02048_y03072.png,54371_x02048_y03072.tif,0.0,0
54371,2560,3072,54371_x02560_y03072.png,54371_x02560_y03072.png,54371_x02560_y03072.tif,0.0,0
54371,3072,3072,54371_x03072_y03072.png,54371_x03072_y03072.png,54371_x03072_y03072.tif,0.0,0
54371,3584,3072,54371_x03584_y03072.png,54371_x03584_y03072.png,54371_x03584_y03072.tif,0.0,0
54371,4096,3072,54371_x04096_y03072.png,54371_x04096_y03072.png,54371_x04096_y03072.tif,0.0,0
54371,0,3584,54371_x00000_y03584.png,54371_x00000_y03584.png,54371_x00000_y03584.tif,0.0,0
54371,512,3584,54371_x00512_y03584.png,54371_x00512_y03584.png,54371_x00512_y03584.tif,0.0,0
54371,1024,3584,54371_x01024_y03584.png,54371_x01024_y03584.png,54371_x01024_y03584.tif,0.0,0
54371,1536,3584,54371_x01536_y03584.png,54371_x01536_y03584.png,54371_x01536_y03584.tif,0.0,0
54371,2048,3584,54371_x02048_y03584.png,54371_x02048_y03584.png,54371_x02048_y03584.tif,0.0,0
54371,2560,3584,54371_x02560_y03584.png,54371_x02560_y03584.png,54371_x02560_y03584.tif,0.0,0
54371,3072,3584,54371_x03072_y03584.png,54371_x03072_y03584.png,54371_x03072_y03584.tif,0.0,0
54371,3584,3584,54371_x03584_y03584.png,54371_x03584_y03584.png,54371_x03584_y03584.tif,0.0,0
54371,4096,3584,54371_x04096_y03584.png,54371_x04096_y03584.png,54371_x04096_y03584.tif,0.0,0
54371,0,4096,54371_x00000_y04096.png,54371_x00000_y04096.png,54371_x00000_y04096.tif,0.0,0
54371,512,4096,54371_x00512_y04096.png,54371_x00512_y04096.png,54371_x00512_y04096.tif,0.0,0
54371,1024,4096,54371_x01024_y04096.png,54371_x01024_y04096.png,54371_x01024_y04096.tif,0.0,0
54371,1536,4096,54371_x01536_y04096.png,54371_x01536_y04096.png,54371_x01536_y04096.tif,0.0,0
54371,2048,4096,54371_x02048_y04096.png,54371_x02048_y04096.png,54371_x02048_y04096.tif,0.0,0
54371,2560,4096,54371_x02560_y04096.png,54371_x02560_y04096.png,54371_x02560_y04096.tif,0.0,0
54371,3072,4096,54371_x03072_y04096.png,54371_x03072_y04096.png,54371_x03072_y04096.tif,0.0,0
54371,3584,4096,54371_x03584_y04096.png,54371_x03584_y04096.png,54371_x03584_y04096.tif,0.0,0
54371,4096,4096,54371_x04096_y04096.png,54371_x04096_y04096.png,54371_x04096_y04096.tif,0.0,0
63962,0,0,63962_x00000_y00000.png,63962_x00000_y00000.png,63962_x00000_y00000.tif,0.0,0
63962,512,0,63962_x00512_y00000.png,63962_x00512_y00000.png,63962_x00512_y00000.tif,0.0,0
63962,1024,0,63962_x01024_y00000.png,63962_x01024_y00000.png,63962_x01024_y00000.tif,0.0,0
63962,1536,0,63962_x01536_y00000.png,63962_x01536_y00000.png,63962_x01536_y00000.tif,0.0,0
63962,2048,0,63962_x02048_y00000.png,63962_x02048_y00000.png,63962_x02048_y00000.tif,0.0,0
63962,2560,0,63962_x02560_y00000.png,63962_x02560_y00000.png,63962_x02560_y00000.tif,0.0,0
63962,3072,0,63962_x03072_y00000.png,63962_x03072_y00000.png,63962_x03072_y00000.tif,0.0,0
63962,3584,0,63962_x03584_y00000.png,63962_x03584_y00000.png,63962_x03584_y00000.tif,0.0,0
63962,4096,0,63962_x04096_y00000.png,63962_x04096_y00000.png,63962_x04096_y00000.tif,0.0,0
63962,0,512,63962_x00000_y00512.png,63962_x00000_y00512.png,63962_x00000_y00512.tif,0.0,0
63962,512,512,63962_x00512_y00512.png,63962_x00512_y00512.png,63962_x00512_y00512.tif,0.0,0
63962,1024,512,63962_x01024_y00512.png,63962_x01024_y00512.png,63962_x01024_y00512.tif,0.0,0
63962,1536,512,63962_x01536_y00512.png,63962_x01536_y00512.png,63962_x01536_y00512.tif,0.0,0
63962,2048,512,63962_x02048_y00512.png,63962_x02048_y00512.png,63962_x02048_y00512.tif,0.0,0
63962,2560,512,63962_x02560_y00512.png,63962_x02560_y00512.png,63962_x02560_y00512.tif,0.0,0
63962,3072,512,63962_x03072_y00512.png,63962_x03072_y00512.png,63962_x03072_y00512.tif,0.0,0
63962,3584,512,63962_x03584_y00512.png,63962_x03584_y00512.png,63962_x03584_y00512.tif,0.0,0
63962,4096,512,63962_x04096_y00512.png,63962_x04096_y00512.png,63962_x04096_y00512.tif,0.0,0
63962,0,1024,63962_x00000_y01024.png,63962_x00000_y01024.png,63962_x00000_y01024.tif,0.0,0
63962,512,1024,63962_x00512_y01024.png,63962_x00512_y01024.png,63962_x00512_y01024.tif,0.0,0
63962,1024,1024,63962_x01024_y01024.png,63962_x01024_y01024.png,63962_x01024_y01024.tif,0.0,0
63962,1536,1024,63962_x01536_y01024.png,63962_x01536_y01024.png,63962_x01536_y01024.tif,0.0,0
63962,2048,1024,63962_x02048_y01024.png,63962_x02048_y01024.png,63962_x02048_y01024.tif,0.0,0
63962,2560,1024,63962_x02560_y01024.png,63962_x02560_y01024.png,63962_x02560_y01024.tif,0.0,0
63962,3072,1024,63962_x03072_y01024.png,63962_x03072_y01024.png,63962_x03072_y01024.tif,0.0,0
63962,3584,1024,63962_x03584_y01024.png,63962_x03584_y01024.png,63962_x03584_y01024.tif,0.0,0
63962,4096,1024,63962_x04096_y01024.png,63962_x04096_y01024.png,63962_x04096_y01024.tif,0.0,0
63962,0,1536,63962_x00000_y01536.png,63962_x00000_y01536.png,63962_x00000_y01536.tif,0.0,0
63962,512,1536,63962_x00512_y01536.png,63962_x00512_y01536.png,63962_x00512_y01536.tif,0.0,0
63962,1024,1536,63962_x01024_y01536.png,63962_x01024_y01536.png,63962_x01024_y01536.tif,0.0,0
63962,1536,1536,63962_x01536_y01536.png,63962_x01536_y01536.png,63962_x01536_y01536.tif,0.0,0
63962,2048,1536,63962_x02048_y01536.png,63962_x02048_y01536.png,63962_x02048_y01536.tif,0.0,0
63962,2560,1536,63962_x02560_y01536.png,63962_x02560_y01536.png,63962_x02560_y01536.tif,0.0,0
63962,3072,1536,63962_x03072_y01536.png,63962_x03072_y01536.png,63962_x03072_y01536.tif,0.0,0
63962,3584,1536,63962_x03584_y01536.png,63962_x03584_y01536.png,63962_x03584_y01536.tif,0.0,0
63962,4096,1536,63962_x04096_y01536.png,63962_x04096_y01536.png,63962_x04096_y01536.tif,0.0,0
63962,0,2048,63962_x00000_y02048.png,63962_x00000_y02048.png,63962_x00000_y02048.tif,0.0,0
63962,512,2048,63962_x00512_y02048.png,63962_x00512_y02048.png,63962_x00512_y02048.tif,0.15057754516601562,39473
63962,1024,2048,63962_x01024_y02048.png,63962_x01024_y02048.png,63962_x01024_y02048.tif,0.0,0
63962,1536,2048,63962_x01536_y02048.png,63962_x01536_y02048.png,63962_x01536_y02048.tif,0.0,0
63962,2048,2048,63962_x02048_y02048.png,63962_x02048_y02048.png,63962_x02048_y02048.tif,0.0,0
63962,2560,2048,63962_x02560_y02048.png,63962_x02560_y02048.png,63962_x02560_y02048.tif,0.0,0
63962,3072,2048,63962_x03072_y02048.png,63962_x03072_y02048.png,63962_x03072_y02048.tif,0.0,0
63962,3584,2048,63962_x03584_y02048.png,63962_x03584_y02048.png,63962_x03584_y02048.tif,0.0,0
63962,4096,2048,63962_x04096_y02048.png,63962_x04096_y02048.png,63962_x04096_y02048.tif,0.0,0
63962,0,2560,63962_x00000_y02560.png,63962_x00000_y02560.png,63962_x00000_y02560.tif,0.0,0
63962,512,2560,63962_x00512_y02560.png,63962_x00512_y02560.png,63962_x00512_y02560.tif,0.0,0
63962,1024,2560,63962_x01024_y02560.png,63962_x01024_y02560.png,63962_x01024_y02560.tif,0.0,0
63962,1536,2560,63962_x01536_y02560.png,63962_x01536_y02560.png,63962_x01536_y02560.tif,0.0,0
63962,2048,2560,63962_x02048_y02560.png,63962_x02048_y02560.png,63962_x02048_y02560.tif,0.0,0
63962,2560,2560,63962_x02560_y02560.png,63962_x02560_y02560.png,63962_x02560_y02560.tif,0.0,0
63962,3072,2560,63962_x03072_y02560.png,63962_x03072_y02560.png,63962_x03072_y02560.tif,0.0,0
63962,3584,2560,63962_x03584_y02560.png,63962_x03584_y02560.png,63962_x03584_y02560.tif,0.0,0
63962,4096,2560,63962_x04096_y02560.png,63962_x04096_y02560.png,63962_x04096_y02560.tif,0.0,0
63962,0,3072,63962_x00000_y03072.png,63962_x00000_y03072.png,63962_x00000_y03072.tif,0.0,0
63962,512,3072,63962_x00512_y03072.png,63962_x00512_y03072.png,63962_x00512_y03072.tif,0.0,0
63962,1024,3072,63962_x01024_y03072.png,63962_x01024_y03072.png,63962_x01024_y03072.tif,0.0,0
63962,1536,3072,63962_x01536_y03072.png,63962_x01536_y03072.png,63962_x01536_y03072.tif,0.0,0
63962,2048,3072,63962_x02048_y03072.png,63962_x02048_y03072.png,63962_x02048_y03072.tif,0.0,0
63962,2560,3072,63962_x02560_y03072.png,63962_x02560_y03072.png,63962_x02560_y03072.tif,0.0,0
63962,3072,3072,63962_x03072_y03072.png,63962_x03072_y03072.png,63962_x03072_y03072.tif,0.0,0
63962,3584,3072,63962_x03584_y03072.png,63962_x03584_y03072.png,63962_x03584_y03072.tif,0.0,0
63962,4096,3072,63962_x04096_y03072.png,63962_x04096_y03072.png,63962_x04096_y03072.tif,0.0,0
63962,0,3584,63962_x00000_y03584.png,63962_x00000_y03584.png,63962_x00000_y03584.tif,0.0,0
63962,512,3584,63962_x00512_y03584.png,63962_x00512_y03584.png,63962_x00512_y03584.tif,0.0,0
63962,1024,3584,63962_x01024_y03584.png,63962_x01024_y03584.png,63962_x01024_y03584.tif,0.0,0
63962,1536,3584,63962_x01536_y03584.png,63962_x01536_y03584.png,63962_x01536_y03584.tif,0.0,0
63962,2048,3584,63962_x02048_y03584.png,63962_x02048_y03584.png,63962_x02048_y03584.tif,0.0,0
63962,2560,3584,63962_x02560_y03584.png,63962_x02560_y03584.png,63962_x02560_y03584.tif,0.0,0
63962,3072,3584,63962_x03072_y03584.png,63962_x03072_y03584.png,63962_x03072_y03584.tif,0.0,0
63962,3584,3584,63962_x03584_y03584.png,63962_x03584_y03584.png,63962_x03584_y03584.tif,0.0,0
63962,4096,3584,63962_x04096_y03584.png,63962_x04096_y03584.png,63962_x04096_y03584.tif,0.0,0
63962,0,4096,63962_x00000_y04096.png,63962_x00000_y04096.png,63962_x00000_y04096.tif,0.0,0
63962,512,4096,63962_x00512_y04096.png,63962_x00512_y04096.png,63962_x00512_y04096.tif,0.0,0
63962,1024,4096,63962_x01024_y04096.png,63962_x01024_y04096.png,63962_x01024_y04096.tif,0.0,0
63962,1536,4096,63962_x01536_y04096.png,63962_x01536_y04096.png,63962_x01536_y04096.tif,0.0,0
63962,2048,4096,63962_x02048_y04096.png,63962_x02048_y04096.png,63962_x02048_y04096.tif,0.0,0
63962,2560,4096,63962_x02560_y04096.png,63962_x02560_y04096.png,63962_x02560_y04096.tif,0.0,0
63962,3072,4096,63962_x03072_y04096.png,63962_x03072_y04096.png,63962_x03072_y04096.tif,0.0,0
63962,3584,4096,63962_x03584_y04096.png,63962_x03584_y04096.png,63962_x03584_y04096.tif,0.0,0
63962,4096,4096,63962_x04096_y04096.png,63962_x04096_y04096.png,63962_x04096_y04096.tif,0.0,0
53794,0,0,53794_x00000_y00000.png,53794_x00000_y00000.png,53794_x00000_y00000.tif,0.0,0
53794,512,0,53794_x00512_y00000.png,53794_x00512_y00000.png,53794_x00512_y00000.tif,0.0,0
53794,1024,0,53794_x01024_y00000.png,53794_x01024_y00000.png,53794_x01024_y00000.tif,0.0,0
53794,1536,0,53794_x01536_y00000.png,53794_x01536_y00000.png,53794_x01536_y00000.tif,0.0,0
53794,2048,0,53794_x02048_y00000.png,53794_x02048_y00000.png,53794_x02048_y00000.tif,0.0,0
53794,2560,0,53794_x02560_y00000.png,53794_x02560_y00000.png,53794_x02560_y00000.tif,0.0,0
53794,3072,0,53794_x03072_y00000.png,53794_x03072_y00000.png,53794_x03072_y00000.tif,0.0,0
53794,3584,0,53794_x03584_y00000.png,53794_x03584_y00000.png,53794_x03584_y00000.tif,0.0,0
53794,4096,0,53794_x04096_y00000.png,53794_x04096_y00000.png,53794_x04096_y00000.tif,0.0,0
53794,0,512,53794_x00000_y00512.png,53794_x00000_y00512.png,53794_x00000_y00512.tif,0.0,0
53794,512,512,53794_x00512_y00512.png,53794_x00512_y00512.png,53794_x00512_y00512.tif,0.0,0
53794,1024,512,53794_x01024_y00512.png,53794_x01024_y00512.png,53794_x01024_y00512.tif,0.0,0
53794,1536,512,53794_x01536_y00512.png,53794_x01536_y00512.png,53794_x01536_y00512.tif,0.0,0
53794,2048,512,53794_x02048_y00512.png,53794_x02048_y00512.png,53794_x02048_y00512.tif,0.0,0
53794,2560,512,53794_x02560_y00512.png,53794_x02560_y00512.png,53794_x02560_y00512.tif,0.0,0
53794,3072,512,53794_x03072_y00512.png,53794_x03072_y00512.png,53794_x03072_y00512.tif,0.0,0
53794,3584,512,53794_x03584_y00512.png,53794_x03584_y00512.png,53794_x03584_y00512.tif,0.0,0
53794,4096,512,53794_x04096_y00512.png,53794_x04096_y00512.png,53794_x04096_y00512.tif,0.0,0
53794,0,1024,53794_x00000_y01024.png,53794_x00000_y01024.png,53794_x00000_y01024.tif,0.0,0
53794,512,1024,53794_x00512_y01024.png,53794_x00512_y01024.png,53794_x00512_y01024.tif,0.0,0
53794,1024,1024,53794_x01024_y01024.png,53794_x01024_y01024.png,53794_x01024_y01024.tif,0.0,0
53794,1536,1024,53794_x01536_y01024.png,53794_x01536_y01024.png,53794_x01536_y01024.tif,0.0,0
53794,2048,1024,53794_x02048_y01024.png,53794_x02048_y01024.png,53794_x02048_y01024.tif,0.0,0
53794,2560,1024,53794_x02560_y01024.png,53794_x02560_y01024.png,53794_x02560_y01024.tif,0.0,0
53794,3072,1024,53794_x03072_y01024.png,53794_x03072_y01024.png,53794_x03072_y01024.tif,0.0,0
53794,3584,1024,53794_x03584_y01024.png,53794_x03584_y01024.png,53794_x03584_y01024.tif,0.0,0
53794,4096,1024,53794_x04096_y01024.png,53794_x04096_y01024.png,53794_x04096_y01024.tif,0.0,0
53794,0,1536,53794_x00000_y01536.png,53794_x00000_y01536.png,53794_x00000_y01536.tif,0.0,0
53794,512,1536,53794_x00512_y01536.png,53794_x00512_y01536.png,53794_x00512_y01536.tif,0.0,0
53794,1024,1536,53794_x01024_y01536.png,53794_x01024_y01536.png,53794_x01024_y01536.tif,0.0,0
53794,1536,1536,53794_x01536_y01536.png,53794_x01536_y01536.png,53794_x01536_y01536.tif,0.0,0
53794,2048,1536,53794_x02048_y01536.png,53794_x02048_y01536.png,53794_x02048_y01536.tif,0.0,0
53794,2560,1536,53794_x02560_y01536.png,53794_x02560_y01536.png,53794_x02560_y01536.tif,0.0,0
53794,3072,1536,53794_x03072_y01536.png,53794_x03072_y01536.png,53794_x03072_y01536.tif,0.056224822998046875,14739
53794,3584,1536,53794_x03584_y01536.png,53794_x03584_y01536.png,53794_x03584_y01536.tif,0.0,0
53794,4096,1536,53794_x04096_y01536.png,53794_x04096_y01536.png,53794_x04096_y01536.tif,0.0,0
53794,0,2048,53794_x00000_y02048.png,53794_x00000_y02048.png,53794_x00000_y02048.tif,0.0,0
53794,512,2048,53794_x00512_y02048.png,53794_x00512_y02048.png,53794_x00512_y02048.tif,0.0,0
53794,1024,2048,53794_x01024_y02048.png,53794_x01024_y02048.png,53794_x01024_y02048.tif,0.0,0
53794,1536,2048,53794_x01536_y02048.png,53794_x01536_y02048.png,53794_x01536_y02048.tif,0.0,0
53794,2048,2048,53794_x02048_y02048.png,53794_x02048_y02048.png,53794_x02048_y02048.tif,0.0,0
53794,2560,2048,53794_x02560_y02048.png,53794_x02560_y02048.png,53794_x02560_y02048.tif,0.0,0
53794,3072,2048,53794_x03072_y02048.png,53794_x03072_y02048.png,53794_x03072_y02048.tif,0.0,0
53794,3584,2048,53794_x03584_y02048.png,53794_x03584_y02048.png,53794_x03584_y02048.tif,0.0,0
53794,4096,2048,53794_x04096_y02048.png,53794_x04096_y02048.png,53794_x04096_y02048.tif,0.0,0
53794,0,2560,53794_x00000_y02560.png,53794_x00000_y02560.png,53794_x00000_y02560.tif,0.0,0
53794,512,2560,53794_x00512_y02560.png,53794_x00512_y02560.png,53794_x00512_y02560.tif,0.0,0
53794,1024,2560,53794_x01024_y02560.png,53794_x01024_y02560.png,53794_x01024_y02560.tif,0.0,0
53794,1536,2560,53794_x01536_y02560.png,53794_x01536_y02560.png,53794_x01536_y02560.tif,0.0,0
53794,2048,2560,53794_x02048_y02560.png,53794_x02048_y02560.png,53794_x02048_y02560.tif,0.0,0
53794,2560,2560,53794_x02560_y02560.png,53794_x02560_y02560.png,53794_x02560_y02560.tif,0.0,0
53794,3072,2560,53794_x03072_y02560.png,53794_x03072_y02560.png,53794_x03072_y02560.tif,0.0,0
53794,3584,2560,53794_x03584_y02560.png,53794_x03584_y02560.png,53794_x03584_y02560.tif,0.0,0
53794,4096,2560,53794_x04096_y02560.png,53794_x04096_y02560.png,53794_x04096_y02560.tif,0.0,0
53794,0,3072,53794_x00000_y03072.png,53794_x00000_y03072.png,53794_x00000_y03072.tif,0.0,0
53794,512,3072,53794_x00512_y03072.png,53794_x00512_y03072.png,53794_x00512_y03072.tif,0.0,0
53794,1024,3072,53794_x01024_y03072.png,53794_x01024_y03072.png,53794_x01024_y03072.tif,0.0,0
53794,1536,3072,53794_x01536_y03072.png,53794_x01536_y03072.png,53794_x01536_y03072.tif,0.0,0
53794,2048,3072,53794_x02048_y03072.png,53794_x02048_y03072.png,53794_x02048_y03072.tif,0.0,0
53794,2560,3072,53794_x02560_y03072.png,53794_x02560_y03072.png,53794_x02560_y03072.tif,0.0,0
53794,3072,3072,53794_x03072_y03072.png,53794_x03072_y03072.png,53794_x03072_y03072.tif,0.0,0
53794,3584,3072,53794_x03584_y03072.png,53794_x03584_y03072.png,53794_x03584_y03072.tif,0.0,0
53794,4096,3072,53794_x04096_y03072.png,53794_x04096_y03072.png,53794_x04096_y03072.tif,0.0,0
53794,0,3584,53794_x00000_y03584.png,53794_x00000_y03584.png,53794_x00000_y03584.tif,0.0,0
53794,512,3584,53794_x00512_y03584.png,53794_x00512_y03584.png,53794_x00512_y03584.tif,0.0,0
53794,1024,3584,53794_x01024_y03584.png,53794_x01024_y03584.png,53794_x01024_y03584.tif,0.0,0
53794,1536,3584,53794_x01536_y03584.png,53794_x01536_y03584.png,53794_x01536_y03584.tif,0.0,0
53794,2048,3584,53794_x02048_y03584.png,53794_x02048_y03584.png,53794_x02048_y03584.tif,0.0,0
53794,2560,3584,53794_x02560_y03584.png,53794_x02560_y03584.png,53794_x02560_y03584.tif,0.0,0
53794,3072,3584,53794_x03072_y03584.png,53794_x03072_y03584.png,53794_x03072_y03584.tif,0.0,0
53794,3584,3584,53794_x03584_y03584.png,53794_x03584_y03584.png,53794_x03584_y03584.tif,0.0,0
53794,4096,3584,53794_x04096_y03584.png,53794_x04096_y03584.png,53794_x04096_y03584.tif,0.0,0
53794,0,4096,53794_x00000_y04096.png,53794_x00000_y04096.png,53794_x00000_y04096.tif,0.0,0
53794,512,4096,53794_x00512_y04096.png,53794_x00512_y04096.png,53794_x00512_y04096.tif,0.0,0
53794,1024,4096,53794_x01024_y04096.png,53794_x01024_y04096.png,53794_x01024_y04096.tif,0.0,0
53794,1536,4096,53794_x01536_y04096.png,53794_x01536_y04096.png,53794_x01536_y04096.tif,0.0,0
53794,2048,4096,53794_x02048_y04096.png,53794_x02048_y04096.png,53794_x02048_y04096.tif,0.0,0
53794,2560,4096,53794_x02560_y04096.png,53794_x02560_y04096.png,53794_x02560_y04096.tif,0.0,0
53794,3072,4096,53794_x03072_y04096.png,53794_x03072_y04096.png,53794_x03072_y04096.tif,0.0,0
53794,3584,4096,53794_x03584_y04096.png,53794_x03584_y04096.png,53794_x03584_y04096.tif,0.0,0
53794,4096,4096,53794_x04096_y04096.png,53794_x04096_y04096.png,53794_x04096_y04096.tif,0.0,0
64431,0,0,64431_x00000_y00000.png,64431_x00000_y00000.png,64431_x00000_y00000.tif,0.0,0
64431,512,0,64431_x00512_y00000.png,64431_x00512_y00000.png,64431_x00512_y00000.tif,0.0,0
64431,1024,0,64431_x01024_y00000.png,64431_x01024_y00000.png,64431_x01024_y00000.tif,0.0,0
64431,1536,0,64431_x01536_y00000.png,64431_x01536_y00000.png,64431_x01536_y00000.tif,0.0,0
64431,2048,0,64431_x02048_y00000.png,64431_x02048_y00000.png,64431_x02048_y00000.tif,0.0,0
64431,2560,0,64431_x02560_y00000.png,64431_x02560_y00000.png,64431_x02560_y00000.tif,0.0,0
64431,3072,0,64431_x03072_y00000.png,64431_x03072_y00000.png,64431_x03072_y00000.tif,0.0,0
64431,3584,0,64431_x03584_y00000.png,64431_x03584_y00000.png,64431_x03584_y00000.tif,0.0,0
64431,4096,0,64431_x04096_y00000.png,64431_x04096_y00000.png,64431_x04096_y00000.tif,0.0,0
64431,0,512,64431_x00000_y00512.png,64431_x00000_y00512.png,64431_x00000_y00512.tif,0.0,0
64431,512,512,64431_x00512_y00512.png,64431_x00512_y00512.png,64431_x00512_y00512.tif,0.0,0
64431,1024,512,64431_x01024_y00512.png,64431_x01024_y00512.png,64431_x01024_y00512.tif,0.0,0
64431,1536,512,64431_x01536_y00512.png,64431_x01536_y00512.png,64431_x01536_y00512.tif,0.0,0
64431,2048,512,64431_x02048_y00512.png,64431_x02048_y00512.png,64431_x02048_y00512.tif,0.0,0
64431,2560,512,64431_x02560_y00512.png,64431_x02560_y00512.png,64431_x02560_y00512.tif,0.0,0
64431,3072,512,64431_x03072_y00512.png,64431_x03072_y00512.png,64431_x03072_y00512.tif,0.0,0
64431,3584,512,64431_x03584_y00512.png,64431_x03584_y00512.png,64431_x03584_y00512.tif,0.0,0
64431,4096,512,64431_x04096_y00512.png,64431_x04096_y00512.png,64431_x04096_y00512.tif,0.0,0
64431,0,1024,64431_x00000_y01024.png,64431_x00000_y01024.png,64431_x00000_y01024.tif,0.0,0
64431,512,1024,64431_x00512_y01024.png,64431_x00512_y01024.png,64431_x00512_y01024.tif,0.0,0
64431,1024,1024,64431_x01024_y01024.png,64431_x01024_y01024.png,64431_x01024_y01024.tif,0.0,0
64431,1536,1024,64431_x01536_y01024.png,64431_x01536_y01024.png,64431_x01536_y01024.tif,0.0,0
64431,2048,1024,64431_x02048_y01024.png,64431_x02048_y01024.png,64431_x02048_y01024.tif,0.0,0
64431,2560,1024,64431_x02560_y01024.png,64431_x02560_y01024.png,64431_x02560_y01024.tif,0.0,0
64431,3072,1024,64431_x03072_y01024.png,64431_x03072_y01024.png,64431_x03072_y01024.tif,0.0,0
64431,3584,1024,64431_x03584_y01024.png,64431_x03584_y01024.png,64431_x03584_y01024.tif,0.0,0
64431,4096,1024,64431_x04096_y01024.png,64431_x04096_y01024.png,64431_x04096_y01024.tif,0.0,0
64431,0,1536,64431_x00000_y01536.png,64431_x00000_y01536.png,64431_x00000_y01536.tif,0.0,0
64431,512,1536,64431_x00512_y01536.png,64431_x00512_y01536.png,64431_x00512_y01536.tif,0.0,0
64431,1024,1536,64431_x01024_y01536.png,64431_x01024_y01536.png,64431_x01024_y01536.tif,0.0,0
64431,1536,1536,64431_x01536_y01536.png,64431_x01536_y01536.png,64431_x01536_y01536.tif,0.0,0
64431,2048,1536,64431_x02048_y01536.png,64431_x02048_y01536.png,64431_x02048_y01536.tif,0.0,0
64431,2560,1536,64431_x02560_y01536.png,64431_x02560_y01536.png,64431_x02560_y01536.tif,0.0,0
64431,3072,1536,64431_x03072_y01536.png,64431_x03072_y01536.png,64431_x03072_y01536.tif,0.0,0
64431,3584,1536,64431_x03584_y01536.png,64431_x03584_y01536.png,64431_x03584_y01536.tif,0.0,0
64431,4096,1536,64431_x04096_y01536.png,64431_x04096_y01536.png,64431_x04096_y01536.tif,0.0,0
64431,0,2048,64431_x00000_y02048.png,64431_x00000_y02048.png,64431_x00000_y02048.tif,0.0,0
64431,512,2048,64431_x00512_y02048.png,64431_x00512_y02048.png,64431_x00512_y02048.tif,0.0,0
64431,1024,2048,64431_x01024_y02048.png,64431_x01024_y02048.png,64431_x01024_y02048.tif,0.0,0
64431,1536,2048,64431_x01536_y02048.png,64431_x01536_y02048.png,64431_x01536_y02048.tif,0.0,0
64431,2048,2048,64431_x02048_y02048.png,64431_x02048_y02048.png,64431_x02048_y02048.tif,0.0,0
64431,2560,2048,64431_x02560_y02048.png,64431_x02560_y02048.png,64431_x02560_y02048.tif,0.0,0
64431,3072,2048,64431_x03072_y02048.png,64431_x03072_y02048.png,64431_x03072_y02048.tif,0.0,0
64431,3584,2048,64431_x03584_y02048.png,64431_x03584_y02048.png,64431_x03584_y02048.tif,0.0,0
64431,4096,2048,64431_x04096_y02048.png,64431_x04096_y02048.png,64431_x04096_y02048.tif,0.0,0
64431,0,2560,64431_x00000_y02560.png,64431_x00000_y02560.png,64431_x00000_y02560.tif,0.0,0
64431,512,2560,64431_x00512_y02560.png,64431_x00512_y02560.png,64431_x00512_y02560.tif,0.0,0
64431,1024,2560,64431_x01024_y02560.png,64431_x01024_y02560.png,64431_x01024_y02560.tif,0.0,0
64431,1536,2560,64431_x01536_y02560.png,64431_x01536_y02560.png,64431_x01536_y02560.tif,0.0,0
64431,2048,2560,64431_x02048_y02560.png,64431_x02048_y02560.png,64431_x02048_y02560.tif,0.0,0
64431,2560,2560,64431_x02560_y02560.png,64431_x02560_y02560.png,64431_x02560_y02560.tif,0.0,0
64431,3072,2560,64431_x03072_y02560.png,64431_x03072_y02560.png,64431_x03072_y02560.tif,0.0,0
64431,3584,2560,64431_x03584_y02560.png,64431_x03584_y02560.png,64431_x03584_y02560.tif,0.0,0
64431,4096,2560,64431_x04096_y02560.png,64431_x04096_y02560.png,64431_x04096_y02560.tif,0.0186004638671875,4876
64431,0,3072,64431_x00000_y03072.png,64431_x00000_y03072.png,64431_x00000_y03072.tif,0.0,0
64431,512,3072,64431_x00512_y03072.png,64431_x00512_y03072.png,64431_x00512_y03072.tif,0.0,0
64431,1024,3072,64431_x01024_y03072.png,64431_x01024_y03072.png,64431_x01024_y03072.tif,0.0,0
64431,1536,3072,64431_x01536_y03072.png,64431_x01536_y03072.png,64431_x01536_y03072.tif,0.0,0
64431,2048,3072,64431_x02048_y03072.png,64431_x02048_y03072.png,64431_x02048_y03072.tif,0.0,0
64431,2560,3072,64431_x02560_y03072.png,64431_x02560_y03072.png,64431_x02560_y03072.tif,0.0,0
64431,3072,3072,64431_x03072_y03072.png,64431_x03072_y03072.png,64431_x03072_y03072.tif,0.0,0
64431,3584,3072,64431_x03584_y03072.png,64431_x03584_y03072.png,64431_x03584_y03072.tif,0.0,0
64431,4096,3072,64431_x04096_y03072.png,64431_x04096_y03072.png,64431_x04096_y03072.tif,0.07191848754882812,18853
64431,0,3584,64431_x00000_y03584.png,64431_x00000_y03584.png,64431_x00000_y03584.tif,0.0,0
64431,512,3584,64431_x00512_y03584.png,64431_x00512_y03584.png,64431_x00512_y03584.tif,0.0,0
64431,1024,3584,64431_x01024_y03584.png,64431_x01024_y03584.png,64431_x01024_y03584.tif,0.0,0
64431,1536,3584,64431_x01536_y03584.png,64431_x01536_y03584.png,64431_x01536_y03584.tif,0.0,0
64431,2048,3584,64431_x02048_y03584.png,64431_x02048_y03584.png,64431_x02048_y03584.tif,0.0,0
64431,2560,3584,64431_x02560_y03584.png,64431_x02560_y03584.png,64431_x02560_y03584.tif,0.0,0
64431,3072,3584,64431_x03072_y03584.png,64431_x03072_y03584.png,64431_x03072_y03584.tif,0.0,0
64431,3584,3584,64431_x03584_y03584.png,64431_x03584_y03584.png,64431_x03584_y03584.tif,0.0,0
64431,4096,3584,64431_x04096_y03584.png,64431_x04096_y03584.png,64431_x04096_y03584.tif,0.0,0
64431,0,4096,64431_x00000_y04096.png,64431_x00000_y04096.png,64431_x00000_y04096.tif,0.0,0
64431,512,4096,64431_x00512_y04096.png,64431_x00512_y04096.png,64431_x00512_y04096.tif,0.0,0
64431,1024,4096,64431_x01024_y04096.png,64431_x01024_y04096.png,64431_x01024_y04096.tif,0.0,0
64431,1536,4096,64431_x01536_y04096.png,64431_x01536_y04096.png,64431_x01536_y04096.tif,0.0,0
64431,2048,4096,64431_x02048_y04096.png,64431_x02048_y04096.png,64431_x02048_y04096.tif,0.0,0
64431,2560,4096,64431_x02560_y04096.png,64431_x02560_y04096.png,64431_x02560_y04096.tif,0.0,0
64431,3072,4096,64431_x03072_y04096.png,64431_x03072_y04096.png,64431_x03072_y04096.tif,0.0,0
64431,3584,4096,64431_x03584_y04096.png,64431_x03584_y04096.png,64431_x03584_y04096.tif,0.0,0
64431,4096,4096,64431_x04096_y04096.png,64431_x04096_y04096.png,64431_x04096_y04096.tif,0.0,0
64244,0,0,64244_x00000_y00000.png,64244_x00000_y00000.png,64244_x00000_y00000.tif,0.0,0
64244,512,0,64244_x00512_y00000.png,64244_x00512_y00000.png,64244_x00512_y00000.tif,0.0,0
64244,1024,0,64244_x01024_y00000.png,64244_x01024_y00000.png,64244_x01024_y00000.tif,0.0,0
64244,1536,0,64244_x01536_y00000.png,64244_x01536_y00000.png,64244_x01536_y00000.tif,0.07755661010742188,20331
64244,2048,0,64244_x02048_y00000.png,64244_x02048_y00000.png,64244_x02048_y00000.tif,0.0,0
64244,2560,0,64244_x02560_y00000.png,64244_x02560_y00000.png,64244_x02560_y00000.tif,0.000774383544921875,203
64244,3072,0,64244_x03072_y00000.png,64244_x03072_y00000.png,64244_x03072_y00000.tif,0.0,0
64244,3584,0,64244_x03584_y00000.png,64244_x03584_y00000.png,64244_x03584_y00000.tif,0.0,0
64244,4096,0,64244_x04096_y00000.png,64244_x04096_y00000.png,64244_x04096_y00000.tif,0.0,0
64244,0,512,64244_x00000_y00512.png,64244_x00000_y00512.png,64244_x00000_y00512.tif,0.0,0
64244,512,512,64244_x00512_y00512.png,64244_x00512_y00512.png,64244_x00512_y00512.tif,0.0,0
64244,1024,512,64244_x01024_y00512.png,64244_x01024_y00512.png,64244_x01024_y00512.tif,0.0,0
64244,1536,512,64244_x01536_y00512.png,64244_x01536_y00512.png,64244_x01536_y00512.tif,0.0,0
64244,2048,512,64244_x02048_y00512.png,64244_x02048_y00512.png,64244_x02048_y00512.tif,0.0,0
64244,2560,512,64244_x02560_y00512.png,64244_x02560_y00512.png,64244_x02560_y00512.tif,0.0,0
64244,3072,512,64244_x03072_y00512.png,64244_x03072_y00512.png,64244_x03072_y00512.tif,0.0,0
64244,3584,512,64244_x03584_y00512.png,64244_x03584_y00512.png,64244_x03584_y00512.tif,0.0,0
64244,4096,512,64244_x04096_y00512.png,64244_x04096_y00512.png,64244_x04096_y00512.tif,0.0,0
64244,0,1024,64244_x00000_y01024.png,64244_x00000_y01024.png,64244_x00000_y01024.tif,0.0,0
64244,512,1024,64244_x00512_y01024.png,64244_x00512_y01024.png,64244_x00512_y01024.tif,0.0,0
64244,1024,1024,64244_x01024_y01024.png,64244_x01024_y01024.png,64244_x01024_y01024.tif,0.0,0
64244,1536,1024,64244_x01536_y01024.png,64244_x01536_y01024.png,64244_x01536_y01024.tif,0.0,0
64244,2048,1024,64244_x02048_y01024.png,64244_x02048_y01024.png,64244_x02048_y01024.tif,0.0,0
64244,2560,1024,64244_x02560_y01024.png,64244_x02560_y01024.png,64244_x02560_y01024.tif,0.0,0
64244,3072,1024,64244_x03072_y01024.png,64244_x03072_y01024.png,64244_x03072_y01024.tif,0.0,0
64244,3584,1024,64244_x03584_y01024.png,64244_x03584_y01024.png,64244_x03584_y01024.tif,0.0,0
64244,4096,1024,64244_x04096_y01024.png,64244_x04096_y01024.png,64244_x04096_y01024.tif,0.0,0
64244,0,1536,64244_x00000_y01536.png,64244_x00000_y01536.png,64244_x00000_y01536.tif,0.0,0
64244,512,1536,64244_x00512_y01536.png,64244_x00512_y01536.png,64244_x00512_y01536.tif,0.0,0
64244,1024,1536,64244_x01024_y01536.png,64244_x01024_y01536.png,64244_x01024_y01536.tif,0.0,0
64244,1536,1536,64244_x01536_y01536.png,64244_x01536_y01536.png,64244_x01536_y01536.tif,0.05760955810546875,15102
64244,2048,1536,64244_x02048_y01536.png,64244_x02048_y01536.png,64244_x02048_y01536.tif,0.0,0
64244,2560,1536,64244_x02560_y01536.png,64244_x02560_y01536.png,64244_x02560_y01536.tif,0.0,0
64244,3072,1536,64244_x03072_y01536.png,64244_x03072_y01536.png,64244_x03072_y01536.tif,0.0,0
64244,3584,1536,64244_x03584_y01536.png,64244_x03584_y01536.png,64244_x03584_y01536.tif,0.0,0
64244,4096,1536,64244_x04096_y01536.png,64244_x04096_y01536.png,64244_x04096_y01536.tif,0.0,0
64244,0,2048,64244_x00000_y02048.png,64244_x00000_y02048.png,64244_x00000_y02048.tif,0.0,0
64244,512,2048,64244_x00512_y02048.png,64244_x00512_y02048.png,64244_x00512_y02048.tif,0.0,0
64244,1024,2048,64244_x01024_y02048.png,64244_x01024_y02048.png,64244_x01024_y02048.tif,0.0,0
64244,1536,2048,64244_x01536_y02048.png,64244_x01536_y02048.png,64244_x01536_y02048.tif,0.048065185546875,12600
64244,2048,2048,64244_x02048_y02048.png,64244_x02048_y02048.png,64244_x02048_y02048.tif,0.0,0
64244,2560,2048,64244_x02560_y02048.png,64244_x02560_y02048.png,64244_x02560_y02048.tif,0.0,0
64244,3072,2048,64244_x03072_y02048.png,64244_x03072_y02048.png,64244_x03072_y02048.tif,0.0,0
64244,3584,2048,64244_x03584_y02048.png,64244_x03584_y02048.png,64244_x03584_y02048.tif,0.0,0
64244,4096,2048,64244_x04096_y02048.png,64244_x04096_y02048.png,64244_x04096_y02048.tif,0.0,0
64244,0,2560,64244_x00000_y02560.png,64244_x00000_y02560.png,64244_x00000_y02560.tif,0.0,0
64244,512,2560,64244_x00512_y02560.png,64244_x00512_y02560.png,64244_x00512_y02560.tif,0.0,0
64244,1024,2560,64244_x01024_y02560.png,64244_x01024_y02560.png,64244_x01024_y02560.tif,0.0,0
64244,1536,2560,64244_x01536_y02560.png,64244_x01536_y02560.png,64244_x01536_y02560.tif,0.04767608642578125,12498
64244,2048,2560,64244_x02048_y02560.png,64244_x02048_y02560.png,64244_x02048_y02560.tif,0.0,0
64244,2560,2560,64244_x02560_y02560.png,64244_x02560_y02560.png,64244_x02560_y02560.tif,0.0,0
64244,3072,2560,64244_x03072_y02560.png,64244_x03072_y02560.png,64244_x03072_y02560.tif,0.0,0
64244,3584,2560,64244_x03584_y02560.png,64244_x03584_y02560.png,64244_x03584_y02560.tif,0.0,0
64244,4096,2560,64244_x04096_y02560.png,64244_x04096_y02560.png,64244_x04096_y02560.tif,0.0,0
64244,0,3072,64244_x00000_y03072.png,64244_x00000_y03072.png,64244_x00000_y03072.tif,0.0,0
64244,512,3072,64244_x00512_y03072.png,64244_x00512_y03072.png,64244_x00512_y03072.tif,0.0,0
64244,1024,3072,64244_x01024_y03072.png,64244_x01024_y03072.png,64244_x01024_y03072.tif,0.0,0
64244,1536,3072,64244_x01536_y03072.png,64244_x01536_y03072.png,64244_x01536_y03072.tif,0.0,0
64244,2048,3072,64244_x02048_y03072.png,64244_x02048_y03072.png,64244_x02048_y03072.tif,0.0,0
64244,2560,3072,64244_x02560_y03072.png,64244_x02560_y03072.png,64244_x02560_y03072.tif,0.0,0
64244,3072,3072,64244_x03072_y03072.png,64244_x03072_y03072.png,64244_x03072_y03072.tif,0.01844024658203125,4834
64244,3584,3072,64244_x03584_y03072.png,64244_x03584_y03072.png,64244_x03584_y03072.tif,0.0,0
64244,4096,3072,64244_x04096_y03072.png,64244_x04096_y03072.png,64244_x04096_y03072.tif,0.0,0
64244,0,3584,64244_x00000_y03584.png,64244_x00000_y03584.png,64244_x00000_y03584.tif,0.0,0
64244,512,3584,64244_x00512_y03584.png,64244_x00512_y03584.png,64244_x00512_y03584.tif,0.0,0
64244,1024,3584,64244_x01024_y03584.png,64244_x01024_y03584.png,64244_x01024_y03584.tif,0.0,0
64244,1536,3584,64244_x01536_y03584.png,64244_x01536_y03584.png,64244_x01536_y03584.tif,0.0,0
64244,2048,3584,64244_x02048_y03584.png,64244_x02048_y03584.png,64244_x02048_y03584.tif,0.0,0
64244,2560,3584,64244_x02560_y03584.png,64244_x02560_y03584.png,64244_x02560_y03584.tif,0.0,0
64244,3072,3584,64244_x03072_y03584.png,64244_x03072_y03584.png,64244_x03072_y03584.tif,0.0,0
64244,3584,3584,64244_x03584_y03584.png,64244_x03584_y03584.png,64244_x03584_y03584.tif,0.0,0
64244,4096,3584,64244_x04096_y03584.png,64244_x04096_y03584.png,64244_x04096_y03584.tif,0.10895156860351562,28561
64244,0,4096,64244_x00000_y04096.png,64244_x00000_y04096.png,64244_x00000_y04096.tif,0.0,0
64244,512,4096,64244_x00512_y04096.png,64244_x00512_y04096.png,64244_x00512_y04096.tif,0.0,0
64244,1024,4096,64244_x01024_y04096.png,64244_x01024_y04096.png,64244_x01024_y04096.tif,0.0,0
64244,1536,4096,64244_x01536_y04096.png,64244_x01536_y04096.png,64244_x01536_y04096.tif,0.0,0
64244,2048,4096,64244_x02048_y04096.png,64244_x02048_y04096.png,64244_x02048_y04096.tif,0.0,0
64244,2560,4096,64244_x02560_y04096.png,64244_x02560_y04096.png,64244_x02560_y04096.tif,0.0,0
64244,3072,4096,64244_x03072_y04096.png,64244_x03072_y04096.png,64244_x03072_y04096.tif,0.0,0
64244,3584,4096,64244_x03584_y04096.png,64244_x03584_y04096.png,64244_x03584_y04096.tif,0.0,0
64244,4096,4096,64244_x04096_y04096.png,64244_x04096_y04096.png,64244_x04096_y04096.tif,0.1094207763671875,28684
63422,0,0,63422_x00000_y00000.png,63422_x00000_y00000.png,63422_x00000_y00000.tif,0.0,0
63422,512,0,63422_x00512_y00000.png,63422_x00512_y00000.png,63422_x00512_y00000.tif,0.0,0
63422,1024,0,63422_x01024_y00000.png,63422_x01024_y00000.png,63422_x01024_y00000.tif,0.0,0
63422,1536,0,63422_x01536_y00000.png,63422_x01536_y00000.png,63422_x01536_y00000.tif,0.0,0
63422,2048,0,63422_x02048_y00000.png,63422_x02048_y00000.png,63422_x02048_y00000.tif,0.0,0
63422,2560,0,63422_x02560_y00000.png,63422_x02560_y00000.png,63422_x02560_y00000.tif,0.0,0
63422,3072,0,63422_x03072_y00000.png,63422_x03072_y00000.png,63422_x03072_y00000.tif,0.0,0
63422,3584,0,63422_x03584_y00000.png,63422_x03584_y00000.png,63422_x03584_y00000.tif,0.0,0
63422,4096,0,63422_x04096_y00000.png,63422_x04096_y00000.png,63422_x04096_y00000.tif,0.20026016235351562,52497
63422,0,512,63422_x00000_y00512.png,63422_x00000_y00512.png,63422_x00000_y00512.tif,0.0,0
63422,512,512,63422_x00512_y00512.png,63422_x00512_y00512.png,63422_x00512_y00512.tif,0.0,0
63422,1024,512,63422_x01024_y00512.png,63422_x01024_y00512.png,63422_x01024_y00512.tif,0.0,0
63422,1536,512,63422_x01536_y00512.png,63422_x01536_y00512.png,63422_x01536_y00512.tif,0.0,0
63422,2048,512,63422_x02048_y00512.png,63422_x02048_y00512.png,63422_x02048_y00512.tif,0.0,0
63422,2560,512,63422_x02560_y00512.png,63422_x02560_y00512.png,63422_x02560_y00512.tif,0.0,0
63422,3072,512,63422_x03072_y00512.png,63422_x03072_y00512.png,63422_x03072_y00512.tif,0.0,0
63422,3584,512,63422_x03584_y00512.png,63422_x03584_y00512.png,63422_x03584_y00512.tif,0.0,0
63422,4096,512,63422_x04096_y00512.png,63422_x04096_y00512.png,63422_x04096_y00512.tif,0.0,0
63422,0,1024,63422_x00000_y01024.png,63422_x00000_y01024.png,63422_x00000_y01024.tif,0.0,0
63422,512,1024,63422_x00512_y01024.png,63422_x00512_y01024.png,63422_x00512_y01024.tif,0.0,0
63422,1024,1024,63422_x01024_y01024.png,63422_x01024_y01024.png,63422_x01024_y01024.tif,0.0,0
63422,1536,1024,63422_x01536_y01024.png,63422_x01536_y01024.png,63422_x01536_y01024.tif,0.0,0
63422,2048,1024,63422_x02048_y01024.png,63422_x02048_y01024.png,63422_x02048_y01024.tif,0.0,0
63422,2560,1024,63422_x02560_y01024.png,63422_x02560_y01024.png,63422_x02560_y01024.tif,0.0,0
63422,3072,1024,63422_x03072_y01024.png,63422_x03072_y01024.png,63422_x03072_y01024.tif,0.0,0
63422,3584,1024,63422_x03584_y01024.png,63422_x03584_y01024.png,63422_x03584_y01024.tif,0.0,0
63422,4096,1024,63422_x04096_y01024.png,63422_x04096_y01024.png,63422_x04096_y01024.tif,0.0,0
63422,0,1536,63422_x00000_y01536.png,63422_x00000_y01536.png,63422_x00000_y01536.tif,0.0,0
63422,512,1536,63422_x00512_y01536.png,63422_x00512_y01536.png,63422_x00512_y01536.tif,0.0,0
63422,1024,1536,63422_x01024_y01536.png,63422_x01024_y01536.png,63422_x01024_y01536.tif,0.0,0
63422,1536,1536,63422_x01536_y01536.png,63422_x01536_y01536.png,63422_x01536_y01536.tif,0.0,0
63422,2048,1536,63422_x02048_y01536.png,63422_x02048_y01536.png,63422_x02048_y01536.tif,0.0,0
63422,2560,1536,63422_x02560_y01536.png,63422_x02560_y01536.png,63422_x02560_y01536.tif,0.0,0
63422,3072,1536,63422_x03072_y01536.png,63422_x03072_y01536.png,63422_x03072_y01536.tif,0.0,0
63422,3584,1536,63422_x03584_y01536.png,63422_x03584_y01536.png,63422_x03584_y01536.tif,0.0,0
63422,4096,1536,63422_x04096_y01536.png,63422_x04096_y01536.png,63422_x04096_y01536.tif,0.0,0
63422,0,2048,63422_x00000_y02048.png,63422_x00000_y02048.png,63422_x00000_y02048.tif,0.0,0
63422,512,2048,63422_x00512_y02048.png,63422_x00512_y02048.png,63422_x00512_y02048.tif,0.0,0
63422,1024,2048,63422_x01024_y02048.png,63422_x01024_y02048.png,63422_x01024_y02048.tif,0.0,0
63422,1536,2048,63422_x01536_y02048.png,63422_x01536_y02048.png,63422_x01536_y02048.tif,0.0,0
63422,2048,2048,63422_x02048_y02048.png,63422_x02048_y02048.png,63422_x02048_y02048.tif,0.0,0
63422,2560,2048,63422_x02560_y02048.png,63422_x02560_y02048.png,63422_x02560_y02048.tif,0.0,0
63422,3072,2048,63422_x03072_y02048.png,63422_x03072_y02048.png,63422_x03072_y02048.tif,0.0,0
63422,3584,2048,63422_x03584_y02048.png,63422_x03584_y02048.png,63422_x03584_y02048.tif,0.0,0
63422,4096,2048,63422_x04096_y02048.png,63422_x04096_y02048.png,63422_x04096_y02048.tif,0.0,0
63422,0,2560,63422_x00000_y02560.png,63422_x00000_y02560.png,63422_x00000_y02560.tif,0.0,0
63422,512,2560,63422_x00512_y02560.png,63422_x00512_y02560.png,63422_x00512_y02560.tif,0.0,0
63422,1024,2560,63422_x01024_y02560.png,63422_x01024_y02560.png,63422_x01024_y02560.tif,0.0,0
63422,1536,2560,63422_x01536_y02560.png,63422_x01536_y02560.png,63422_x01536_y02560.tif,0.0,0
63422,2048,2560,63422_x02048_y02560.png,63422_x02048_y02560.png,63422_x02048_y02560.tif,0.0,0
63422,2560,2560,63422_x02560_y02560.png,63422_x02560_y02560.png,63422_x02560_y02560.tif,0.0,0
63422,3072,2560,63422_x03072_y02560.png,63422_x03072_y02560.png,63422_x03072_y02560.tif,0.0,0
63422,3584,2560,63422_x03584_y02560.png,63422_x03584_y02560.png,63422_x03584_y02560.tif,0.0,0
63422,4096,2560,63422_x04096_y02560.png,63422_x04096_y02560.png,63422_x04096_y02560.tif,0.0,0
63422,0,3072,63422_x00000_y03072.png,63422_x00000_y03072.png,63422_x00000_y03072.tif,0.0,0
63422,512,3072,63422_x00512_y03072.png,63422_x00512_y03072.png,63422_x00512_y03072.tif,0.0,0
63422,1024,3072,63422_x01024_y03072.png,63422_x01024_y03072.png,63422_x01024_y03072.tif,0.0,0
63422,1536,3072,63422_x01536_y03072.png,63422_x01536_y03072.png,63422_x01536_y03072.tif,0.0,0
63422,2048,3072,63422_x02048_y03072.png,63422_x02048_y03072.png,63422_x02048_y03072.tif,0.0,0
63422,2560,3072,63422_x02560_y03072.png,63422_x02560_y03072.png,63422_x02560_y03072.tif,0.0,0
63422,3072,3072,63422_x03072_y03072.png,63422_x03072_y03072.png,63422_x03072_y03072.tif,0.0,0
63422,3584,3072,63422_x03584_y03072.png,63422_x03584_y03072.png,63422_x03584_y03072.tif,0.0,0
63422,4096,3072,63422_x04096_y03072.png,63422_x04096_y03072.png,63422_x04096_y03072.tif,0.0,0
63422,0,3584,63422_x00000_y03584.png,63422_x00000_y03584.png,63422_x00000_y03584.tif,0.0,0
63422,512,3584,63422_x00512_y03584.png,63422_x00512_y03584.png,63422_x00512_y03584.tif,0.0,0
63422,1024,3584,63422_x01024_y03584.png,63422_x01024_y03584.png,63422_x01024_y03584.tif,0.0,0
63422,1536,3584,63422_x01536_y03584.png,63422_x01536_y03584.png,63422_x01536_y03584.tif,0.0,0
63422,2048,3584,63422_x02048_y03584.png,63422_x02048_y03584.png,63422_x02048_y03584.tif,0.0,0
63422,2560,3584,63422_x02560_y03584.png,63422_x02560_y03584.png,63422_x02560_y03584.tif,0.0,0
63422,3072,3584,63422_x03072_y03584.png,63422_x03072_y03584.png,63422_x03072_y03584.tif,0.0,0
63422,3584,3584,63422_x03584_y03584.png,63422_x03584_y03584.png,63422_x03584_y03584.tif,0.0,0
63422,4096,3584,63422_x04096_y03584.png,63422_x04096_y03584.png,63422_x04096_y03584.tif,0.0,0
63422,0,4096,63422_x00000_y04096.png,63422_x00000_y04096.png,63422_x00000_y04096.tif,0.0,0
63422,512,4096,63422_x00512_y04096.png,63422_x00512_y04096.png,63422_x00512_y04096.tif,0.0,0
63422,1024,4096,63422_x01024_y04096.png,63422_x01024_y04096.png,63422_x01024_y04096.tif,0.0,0
63422,1536,4096,63422_x01536_y04096.png,63422_x01536_y04096.png,63422_x01536_y04096.tif,0.0,0
63422,2048,4096,63422_x02048_y04096.png,63422_x02048_y04096.png,63422_x02048_y04096.tif,0.0,0
63422,2560,4096,63422_x02560_y04096.png,63422_x02560_y04096.png,63422_x02560_y04096.tif,0.0,0
63422,3072,4096,63422_x03072_y04096.png,63422_x03072_y04096.png,63422_x03072_y04096.tif,0.0,0
63422,3584,4096,63422_x03584_y04096.png,63422_x03584_y04096.png,63422_x03584_y04096.tif,0.0,0
63422,4096,4096,63422_x04096_y04096.png,63422_x04096_y04096.png,63422_x04096_y04096.tif,0.0,0
52803,0,0,52803_x00000_y00000.png,52803_x00000_y00000.png,52803_x00000_y00000.tif,0.0,0
52803,512,0,52803_x00512_y00000.png,52803_x00512_y00000.png,52803_x00512_y00000.tif,0.0,0
52803,1024,0,52803_x01024_y00000.png,52803_x01024_y00000.png,52803_x01024_y00000.tif,0.0,0
52803,1536,0,52803_x01536_y00000.png,52803_x01536_y00000.png,52803_x01536_y00000.tif,0.0,0
52803,2048,0,52803_x02048_y00000.png,52803_x02048_y00000.png,52803_x02048_y00000.tif,0.0,0
52803,2560,0,52803_x02560_y00000.png,52803_x02560_y00000.png,52803_x02560_y00000.tif,0.0,0
52803,3072,0,52803_x03072_y00000.png,52803_x03072_y00000.png,52803_x03072_y00000.tif,0.0,0
52803,3584,0,52803_x03584_y00000.png,52803_x03584_y00000.png,52803_x03584_y00000.tif,0.0,0
52803,4096,0,52803_x04096_y00000.png,52803_x04096_y00000.png,52803_x04096_y00000.tif,0.012607574462890625,3305
52803,0,512,52803_x00000_y00512.png,52803_x00000_y00512.png,52803_x00000_y00512.tif,0.0,0
52803,512,512,52803_x00512_y00512.png,52803_x00512_y00512.png,52803_x00512_y00512.tif,0.0,0
52803,1024,512,52803_x01024_y00512.png,52803_x01024_y00512.png,52803_x01024_y00512.tif,0.0,0
52803,1536,512,52803_x01536_y00512.png,52803_x01536_y00512.png,52803_x01536_y00512.tif,0.0,0
52803,2048,512,52803_x02048_y00512.png,52803_x02048_y00512.png,52803_x02048_y00512.tif,0.0,0
52803,2560,512,52803_x02560_y00512.png,52803_x02560_y00512.png,52803_x02560_y00512.tif,0.0,0
52803,3072,512,52803_x03072_y00512.png,52803_x03072_y00512.png,52803_x03072_y00512.tif,0.0,0
52803,3584,512,52803_x03584_y00512.png,52803_x03584_y00512.png,52803_x03584_y00512.tif,0.0,0
52803,4096,512,52803_x04096_y00512.png,52803_x04096_y00512.png,52803_x04096_y00512.tif,0.0,0
52803,0,1024,52803_x00000_y01024.png,52803_x00000_y01024.png,52803_x00000_y01024.tif,0.0,0
52803,512,1024,52803_x00512_y01024.png,52803_x00512_y01024.png,52803_x00512_y01024.tif,0.0,0
52803,1024,1024,52803_x01024_y01024.png,52803_x01024_y01024.png,52803_x01024_y01024.tif,0.0,0
52803,1536,1024,52803_x01536_y01024.png,52803_x01536_y01024.png,52803_x01536_y01024.tif,0.0,0
52803,2048,1024,52803_x02048_y01024.png,52803_x02048_y01024.png,52803_x02048_y01024.tif,0.0,0
52803,2560,1024,52803_x02560_y01024.png,52803_x02560_y01024.png,52803_x02560_y01024.tif,0.0,0
52803,3072,1024,52803_x03072_y01024.png,52803_x03072_y01024.png,52803_x03072_y01024.tif,0.0,0
52803,3584,1024,52803_x03584_y01024.png,52803_x03584_y01024.png,52803_x03584_y01024.tif,0.0,0
52803,4096,1024,52803_x04096_y01024.png,52803_x04096_y01024.png,52803_x04096_y01024.tif,0.0,0
52803,0,1536,52803_x00000_y01536.png,52803_x00000_y01536.png,52803_x00000_y01536.tif,0.0,0
52803,512,1536,52803_x00512_y01536.png,52803_x00512_y01536.png,52803_x00512_y01536.tif,0.0,0
52803,1024,1536,52803_x01024_y01536.png,52803_x01024_y01536.png,52803_x01024_y01536.tif,0.0,0
52803,1536,1536,52803_x01536_y01536.png,52803_x01536_y01536.png,52803_x01536_y01536.tif,0.0,0
52803,2048,1536,52803_x02048_y01536.png,52803_x02048_y01536.png,52803_x02048_y01536.tif,0.0,0
52803,2560,1536,52803_x02560_y01536.png,52803_x02560_y01536.png,52803_x02560_y01536.tif,0.0,0
52803,3072,1536,52803_x03072_y01536.png,52803_x03072_y01536.png,52803_x03072_y01536.tif,0.0,0
52803,3584,1536,52803_x03584_y01536.png,52803_x03584_y01536.png,52803_x03584_y01536.tif,0.0,0
52803,4096,1536,52803_x04096_y01536.png,52803_x04096_y01536.png,52803_x04096_y01536.tif,0.0,0
52803,0,2048,52803_x00000_y02048.png,52803_x00000_y02048.png,52803_x00000_y02048.tif,0.0,0
52803,512,2048,52803_x00512_y02048.png,52803_x00512_y02048.png,52803_x00512_y02048.tif,0.0,0
52803,1024,2048,52803_x01024_y02048.png,52803_x01024_y02048.png,52803_x01024_y02048.tif,0.0,0
52803,1536,2048,52803_x01536_y02048.png,52803_x01536_y02048.png,52803_x01536_y02048.tif,0.0,0
52803,2048,2048,52803_x02048_y02048.png,52803_x02048_y02048.png,52803_x02048_y02048.tif,0.0,0
52803,2560,2048,52803_x02560_y02048.png,52803_x02560_y02048.png,52803_x02560_y02048.tif,0.0,0
52803,3072,2048,52803_x03072_y02048.png,52803_x03072_y02048.png,52803_x03072_y02048.tif,0.0,0
52803,3584,2048,52803_x03584_y02048.png,52803_x03584_y02048.png,52803_x03584_y02048.tif,0.0,0
52803,4096,2048,52803_x04096_y02048.png,52803_x04096_y02048.png,52803_x04096_y02048.tif,0.0,0
52803,0,2560,52803_x00000_y02560.png,52803_x00000_y02560.png,52803_x00000_y02560.tif,0.0,0
52803,512,2560,52803_x00512_y02560.png,52803_x00512_y02560.png,52803_x00512_y02560.tif,0.0,0
52803,1024,2560,52803_x01024_y02560.png,52803_x01024_y02560.png,52803_x01024_y02560.tif,0.0,0
52803,1536,2560,52803_x01536_y02560.png,52803_x01536_y02560.png,52803_x01536_y02560.tif,0.0,0
52803,2048,2560,52803_x02048_y02560.png,52803_x02048_y02560.png,52803_x02048_y02560.tif,0.0,0
52803,2560,2560,52803_x02560_y02560.png,52803_x02560_y02560.png,52803_x02560_y02560.tif,0.0,0
52803,3072,2560,52803_x03072_y02560.png,52803_x03072_y02560.png,52803_x03072_y02560.tif,0.0,0
52803,3584,2560,52803_x03584_y02560.png,52803_x03584_y02560.png,52803_x03584_y02560.tif,0.0,0
52803,4096,2560,52803_x04096_y02560.png,52803_x04096_y02560.png,52803_x04096_y02560.tif,0.0,0
52803,0,3072,52803_x00000_y03072.png,52803_x00000_y03072.png,52803_x00000_y03072.tif,0.0,0
52803,512,3072,52803_x00512_y03072.png,52803_x00512_y03072.png,52803_x00512_y03072.tif,0.0,0
52803,1024,3072,52803_x01024_y03072.png,52803_x01024_y03072.png,52803_x01024_y03072.tif,0.0,0
52803,1536,3072,52803_x01536_y03072.png,52803_x01536_y03072.png,52803_x01536_y03072.tif,0.0,0
52803,2048,3072,52803_x02048_y03072.png,52803_x02048_y03072.png,52803_x02048_y03072.tif,0.0,0
52803,2560,3072,52803_x02560_y03072.png,52803_x02560_y03072.png,52803_x02560_y03072.tif,0.0,0
52803,3072,3072,52803_x03072_y03072.png,52803_x03072_y03072.png,52803_x03072_y03072.tif,0.0,0
52803,3584,3072,52803_x03584_y03072.png,52803_x03584_y03072.png,52803_x03584_y03072.tif,0.0,0
52803,4096,3072,52803_x04096_y03072.png,52803_x04096_y03072.png,52803_x04096_y03072.tif,0.0,0
52803,0,3584,52803_x00000_y03584.png,52803_x00000_y03584.png,52803_x00000_y03584.tif,0.0,0
52803,512,3584,52803_x00512_y03584.png,52803_x00512_y03584.png,52803_x00512_y03584.tif,0.0,0
52803,1024,3584,52803_x01024_y03584.png,52803_x01024_y03584.png,52803_x01024_y03584.tif,0.0,0
52803,1536,3584,52803_x01536_y03584.png,52803_x01536_y03584.png,52803_x01536_y03584.tif,0.0,0
52803,2048,3584,52803_x02048_y03584.png,52803_x02048_y03584.png,52803_x02048_y03584.tif,0.0,0
52803,2560,3584,52803_x02560_y03584.png,52803_x02560_y03584.png,52803_x02560_y03584.tif,0.0,0
52803,3072,3584,52803_x03072_y03584.png,52803_x03072_y03584.png,52803_x03072_y03584.tif,0.003810882568359375,999
52803,3584,3584,52803_x03584_y03584.png,52803_x03584_y03584.png,52803_x03584_y03584.tif,0.0,0
52803,4096,3584,52803_x04096_y03584.png,52803_x04096_y03584.png,52803_x04096_y03584.tif,0.0,0
52803,0,4096,52803_x00000_y04096.png,52803_x00000_y04096.png,52803_x00000_y04096.tif,0.0,0
52803,512,4096,52803_x00512_y04096.png,52803_x00512_y04096.png,52803_x00512_y04096.tif,0.0,0
52803,1024,4096,52803_x01024_y04096.png,52803_x01024_y04096.png,52803_x01024_y04096.tif,0.0,0
52803,1536,4096,52803_x01536_y04096.png,52803_x01536_y04096.png,52803_x01536_y04096.tif,0.0,0
52803,2048,4096,52803_x02048_y04096.png,52803_x02048_y04096.png,52803_x02048_y04096.tif,0.0,0
52803,2560,4096,52803_x02560_y04096.png,52803_x02560_y04096.png,52803_x02560_y04096.tif,0.0,0
52803,3072,4096,52803_x03072_y04096.png,52803_x03072_y04096.png,52803_x03072_y04096.tif,0.00876617431640625,2298
52803,3584,4096,52803_x03584_y04096.png,52803_x03584_y04096.png,52803_x03584_y04096.tif,0.0,0
52803,4096,4096,52803_x04096_y04096.png,52803_x04096_y04096.png,52803_x04096_y04096.tif,0.0,0
64981,0,0,64981_x00000_y00000.png,64981_x00000_y00000.png,64981_x00000_y00000.tif,0.0,0
64981,512,0,64981_x00512_y00000.png,64981_x00512_y00000.png,64981_x00512_y00000.tif,0.0,0
64981,1024,0,64981_x01024_y00000.png,64981_x01024_y00000.png,64981_x01024_y00000.tif,0.0,0
64981,1536,0,64981_x01536_y00000.png,64981_x01536_y00000.png,64981_x01536_y00000.tif,0.0,0
64981,2048,0,64981_x02048_y00000.png,64981_x02048_y00000.png,64981_x02048_y00000.tif,0.0,0
64981,2560,0,64981_x02560_y00000.png,64981_x02560_y00000.png,64981_x02560_y00000.tif,0.0,0
64981,3072,0,64981_x03072_y00000.png,64981_x03072_y00000.png,64981_x03072_y00000.tif,0.0,0
64981,3584,0,64981_x03584_y00000.png,64981_x03584_y00000.png,64981_x03584_y00000.tif,0.0,0
64981,4096,0,64981_x04096_y00000.png,64981_x04096_y00000.png,64981_x04096_y00000.tif,0.0,0
64981,0,512,64981_x00000_y00512.png,64981_x00000_y00512.png,64981_x00000_y00512.tif,0.0,0
64981,512,512,64981_x00512_y00512.png,64981_x00512_y00512.png,64981_x00512_y00512.tif,0.0,0
64981,1024,512,64981_x01024_y00512.png,64981_x01024_y00512.png,64981_x01024_y00512.tif,0.0,0
64981,1536,512,64981_x01536_y00512.png,64981_x01536_y00512.png,64981_x01536_y00512.tif,0.0,0
64981,2048,512,64981_x02048_y00512.png,64981_x02048_y00512.png,64981_x02048_y00512.tif,0.0,0
64981,2560,512,64981_x02560_y00512.png,64981_x02560_y00512.png,64981_x02560_y00512.tif,0.0,0
64981,3072,512,64981_x03072_y00512.png,64981_x03072_y00512.png,64981_x03072_y00512.tif,0.0,0
64981,3584,512,64981_x03584_y00512.png,64981_x03584_y00512.png,64981_x03584_y00512.tif,0.0,0
64981,4096,512,64981_x04096_y00512.png,64981_x04096_y00512.png,64981_x04096_y00512.tif,0.0,0
64981,0,1024,64981_x00000_y01024.png,64981_x00000_y01024.png,64981_x00000_y01024.tif,0.0,0
64981,512,1024,64981_x00512_y01024.png,64981_x00512_y01024.png,64981_x00512_y01024.tif,0.0,0
64981,1024,1024,64981_x01024_y01024.png,64981_x01024_y01024.png,64981_x01024_y01024.tif,0.0,0
64981,1536,1024,64981_x01536_y01024.png,64981_x01536_y01024.png,64981_x01536_y01024.tif,0.0,0
64981,2048,1024,64981_x02048_y01024.png,64981_x02048_y01024.png,64981_x02048_y01024.tif,0.0,0
64981,2560,1024,64981_x02560_y01024.png,64981_x02560_y01024.png,64981_x02560_y01024.tif,0.0,0
64981,3072,1024,64981_x03072_y01024.png,64981_x03072_y01024.png,64981_x03072_y01024.tif,0.0,0
64981,3584,1024,64981_x03584_y01024.png,64981_x03584_y01024.png,64981_x03584_y01024.tif,0.0,0
64981,4096,1024,64981_x04096_y01024.png,64981_x04096_y01024.png,64981_x04096_y01024.tif,0.0,0
64981,0,1536,64981_x00000_y01536.png,64981_x00000_y01536.png,64981_x00000_y01536.tif,0.0,0
64981,512,1536,64981_x00512_y01536.png,64981_x00512_y01536.png,64981_x00512_y01536.tif,0.0,0
64981,1024,1536,64981_x01024_y01536.png,64981_x01024_y01536.png,64981_x01024_y01536.tif,0.0,0
64981,1536,1536,64981_x01536_y01536.png,64981_x01536_y01536.png,64981_x01536_y01536.tif,0.0,0
64981,2048,1536,64981_x02048_y01536.png,64981_x02048_y01536.png,64981_x02048_y01536.tif,0.0,0
64981,2560,1536,64981_x02560_y01536.png,64981_x02560_y01536.png,64981_x02560_y01536.tif,0.0,0
64981,3072,1536,64981_x03072_y01536.png,64981_x03072_y01536.png,64981_x03072_y01536.tif,0.0,0
64981,3584,1536,64981_x03584_y01536.png,64981_x03584_y01536.png,64981_x03584_y01536.tif,0.0,0
64981,4096,1536,64981_x04096_y01536.png,64981_x04096_y01536.png,64981_x04096_y01536.tif,0.0,0
64981,0,2048,64981_x00000_y02048.png,64981_x00000_y02048.png,64981_x00000_y02048.tif,0.0,0
64981,512,2048,64981_x00512_y02048.png,64981_x00512_y02048.png,64981_x00512_y02048.tif,0.0,0
64981,1024,2048,64981_x01024_y02048.png,64981_x01024_y02048.png,64981_x01024_y02048.tif,0.0,0
64981,1536,2048,64981_x01536_y02048.png,64981_x01536_y02048.png,64981_x01536_y02048.tif,0.0,0
64981,2048,2048,64981_x02048_y02048.png,64981_x02048_y02048.png,64981_x02048_y02048.tif,0.0,0
64981,2560,2048,64981_x02560_y02048.png,64981_x02560_y02048.png,64981_x02560_y02048.tif,0.0,0
64981,3072,2048,64981_x03072_y02048.png,64981_x03072_y02048.png,64981_x03072_y02048.tif,0.0,0
64981,3584,2048,64981_x03584_y02048.png,64981_x03584_y02048.png,64981_x03584_y02048.tif,0.0,0
64981,4096,2048,64981_x04096_y02048.png,64981_x04096_y02048.png,64981_x04096_y02048.tif,0.0,0
64981,0,2560,64981_x00000_y02560.png,64981_x00000_y02560.png,64981_x00000_y02560.tif,0.0,0
64981,512,2560,64981_x00512_y02560.png,64981_x00512_y02560.png,64981_x00512_y02560.tif,0.0,0
64981,1024,2560,64981_x01024_y02560.png,64981_x01024_y02560.png,64981_x01024_y02560.tif,0.0,0
64981,1536,2560,64981_x01536_y02560.png,64981_x01536_y02560.png,64981_x01536_y02560.tif,0.0,0
64981,2048,2560,64981_x02048_y02560.png,64981_x02048_y02560.png,64981_x02048_y02560.tif,0.0,0
64981,2560,2560,64981_x02560_y02560.png,64981_x02560_y02560.png,64981_x02560_y02560.tif,0.0,0
64981,3072,2560,64981_x03072_y02560.png,64981_x03072_y02560.png,64981_x03072_y02560.tif,0.0,0
64981,3584,2560,64981_x03584_y02560.png,64981_x03584_y02560.png,64981_x03584_y02560.tif,0.0,0
64981,4096,2560,64981_x04096_y02560.png,64981_x04096_y02560.png,64981_x04096_y02560.tif,0.0,0
64981,0,3072,64981_x00000_y03072.png,64981_x00000_y03072.png,64981_x00000_y03072.tif,0.0,0
64981,512,3072,64981_x00512_y03072.png,64981_x00512_y03072.png,64981_x00512_y03072.tif,0.0,0
64981,1024,3072,64981_x01024_y03072.png,64981_x01024_y03072.png,64981_x01024_y03072.tif,0.0,0
64981,1536,3072,64981_x01536_y03072.png,64981_x01536_y03072.png,64981_x01536_y03072.tif,0.0,0
64981,2048,3072,64981_x02048_y03072.png,64981_x02048_y03072.png,64981_x02048_y03072.tif,0.0,0
64981,2560,3072,64981_x02560_y03072.png,64981_x02560_y03072.png,64981_x02560_y03072.tif,0.0,0
64981,3072,3072,64981_x03072_y03072.png,64981_x03072_y03072.png,64981_x03072_y03072.tif,0.0,0
64981,3584,3072,64981_x03584_y03072.png,64981_x03584_y03072.png,64981_x03584_y03072.tif,0.0,0
64981,4096,3072,64981_x04096_y03072.png,64981_x04096_y03072.png,64981_x04096_y03072.tif,0.0,0
64981,0,3584,64981_x00000_y03584.png,64981_x00000_y03584.png,64981_x00000_y03584.tif,0.0,0
64981,512,3584,64981_x00512_y03584.png,64981_x00512_y03584.png,64981_x00512_y03584.tif,0.0,0
64981,1024,3584,64981_x01024_y03584.png,64981_x01024_y03584.png,64981_x01024_y03584.tif,0.0,0
64981,1536,3584,64981_x01536_y03584.png,64981_x01536_y03584.png,64981_x01536_y03584.tif,0.0,0
64981,2048,3584,64981_x02048_y03584.png,64981_x02048_y03584.png,64981_x02048_y03584.tif,0.0,0
64981,2560,3584,64981_x02560_y03584.png,64981_x02560_y03584.png,64981_x02560_y03584.tif,0.0,0
64981,3072,3584,64981_x03072_y03584.png,64981_x03072_y03584.png,64981_x03072_y03584.tif,0.0,0
64981,3584,3584,64981_x03584_y03584.png,64981_x03584_y03584.png,64981_x03584_y03584.tif,0.0,0
64981,4096,3584,64981_x04096_y03584.png,64981_x04096_y03584.png,64981_x04096_y03584.tif,0.0,0
64981,0,4096,64981_x00000_y04096.png,64981_x00000_y04096.png,64981_x00000_y04096.tif,0.034000396728515625,8913
64981,512,4096,64981_x00512_y04096.png,64981_x00512_y04096.png,64981_x00512_y04096.tif,0.0,0
64981,1024,4096,64981_x01024_y04096.png,64981_x01024_y04096.png,64981_x01024_y04096.tif,0.0,0
64981,1536,4096,64981_x01536_y04096.png,64981_x01536_y04096.png,64981_x01536_y04096.tif,0.0,0
64981,2048,4096,64981_x02048_y04096.png,64981_x02048_y04096.png,64981_x02048_y04096.tif,0.0,0
64981,2560,4096,64981_x02560_y04096.png,64981_x02560_y04096.png,64981_x02560_y04096.tif,0.0,0
64981,3072,4096,64981_x03072_y04096.png,64981_x03072_y04096.png,64981_x03072_y04096.tif,0.0,0
64981,3584,4096,64981_x03584_y04096.png,64981_x03584_y04096.png,64981_x03584_y04096.tif,0.0,0
64981,4096,4096,64981_x04096_y04096.png,64981_x04096_y04096.png,64981_x04096_y04096.tif,0.0,0
52843,0,0,52843_x00000_y00000.png,52843_x00000_y00000.png,52843_x00000_y00000.tif,0.0,0
52843,512,0,52843_x00512_y00000.png,52843_x00512_y00000.png,52843_x00512_y00000.tif,0.0,0
52843,1024,0,52843_x01024_y00000.png,52843_x01024_y00000.png,52843_x01024_y00000.tif,0.0,0
52843,1536,0,52843_x01536_y00000.png,52843_x01536_y00000.png,52843_x01536_y00000.tif,0.0,0
52843,2048,0,52843_x02048_y00000.png,52843_x02048_y00000.png,52843_x02048_y00000.tif,0.0,0
52843,2560,0,52843_x02560_y00000.png,52843_x02560_y00000.png,52843_x02560_y00000.tif,0.0,0
52843,3072,0,52843_x03072_y00000.png,52843_x03072_y00000.png,52843_x03072_y00000.tif,0.0,0
52843,3584,0,52843_x03584_y00000.png,52843_x03584_y00000.png,52843_x03584_y00000.tif,0.0,0
52843,4096,0,52843_x04096_y00000.png,52843_x04096_y00000.png,52843_x04096_y00000.tif,0.0,0
52843,0,512,52843_x00000_y00512.png,52843_x00000_y00512.png,52843_x00000_y00512.tif,0.0,0
52843,512,512,52843_x00512_y00512.png,52843_x00512_y00512.png,52843_x00512_y00512.tif,0.0,0
52843,1024,512,52843_x01024_y00512.png,52843_x01024_y00512.png,52843_x01024_y00512.tif,0.0,0
52843,1536,512,52843_x01536_y00512.png,52843_x01536_y00512.png,52843_x01536_y00512.tif,0.0,0
52843,2048,512,52843_x02048_y00512.png,52843_x02048_y00512.png,52843_x02048_y00512.tif,0.0,0
52843,2560,512,52843_x02560_y00512.png,52843_x02560_y00512.png,52843_x02560_y00512.tif,0.0,0
52843,3072,512,52843_x03072_y00512.png,52843_x03072_y00512.png,52843_x03072_y00512.tif,0.0,0
52843,3584,512,52843_x03584_y00512.png,52843_x03584_y00512.png,52843_x03584_y00512.tif,0.0,0
52843,4096,512,52843_x04096_y00512.png,52843_x04096_y00512.png,52843_x04096_y00512.tif,0.0,0
52843,0,1024,52843_x00000_y01024.png,52843_x00000_y01024.png,52843_x00000_y01024.tif,0.0,0
52843,512,1024,52843_x00512_y01024.png,52843_x00512_y01024.png,52843_x00512_y01024.tif,0.0,0
52843,1024,1024,52843_x01024_y01024.png,52843_x01024_y01024.png,52843_x01024_y01024.tif,0.0,0
52843,1536,1024,52843_x01536_y01024.png,52843_x01536_y01024.png,52843_x01536_y01024.tif,0.0,0
52843,2048,1024,52843_x02048_y01024.png,52843_x02048_y01024.png,52843_x02048_y01024.tif,0.0,0
52843,2560,1024,52843_x02560_y01024.png,52843_x02560_y01024.png,52843_x02560_y01024.tif,0.0,0
52843,3072,1024,52843_x03072_y01024.png,52843_x03072_y01024.png,52843_x03072_y01024.tif,0.0,0
52843,3584,1024,52843_x03584_y01024.png,52843_x03584_y01024.png,52843_x03584_y01024.tif,0.0,0
52843,4096,1024,52843_x04096_y01024.png,52843_x04096_y01024.png,52843_x04096_y01024.tif,0.0,0
52843,0,1536,52843_x00000_y01536.png,52843_x00000_y01536.png,52843_x00000_y01536.tif,0.0,0
52843,512,1536,52843_x00512_y01536.png,52843_x00512_y01536.png,52843_x00512_y01536.tif,0.0,0
52843,1024,1536,52843_x01024_y01536.png,52843_x01024_y01536.png,52843_x01024_y01536.tif,0.0,0
52843,1536,1536,52843_x01536_y01536.png,52843_x01536_y01536.png,52843_x01536_y01536.tif,0.0,0
52843,2048,1536,52843_x02048_y01536.png,52843_x02048_y01536.png,52843_x02048_y01536.tif,0.0,0
52843,2560,1536,52843_x02560_y01536.png,52843_x02560_y01536.png,52843_x02560_y01536.tif,0.0,0
52843,3072,1536,52843_x03072_y01536.png,52843_x03072_y01536.png,52843_x03072_y01536.tif,0.0,0
52843,3584,1536,52843_x03584_y01536.png,52843_x03584_y01536.png,52843_x03584_y01536.tif,0.0,0
52843,4096,1536,52843_x04096_y01536.png,52843_x04096_y01536.png,52843_x04096_y01536.tif,0.0,0
52843,0,2048,52843_x00000_y02048.png,52843_x00000_y02048.png,52843_x00000_y02048.tif,0.0,0
52843,512,2048,52843_x00512_y02048.png,52843_x00512_y02048.png,52843_x00512_y02048.tif,0.0,0
52843,1024,2048,52843_x01024_y02048.png,52843_x01024_y02048.png,52843_x01024_y02048.tif,0.0,0
52843,1536,2048,52843_x01536_y02048.png,52843_x01536_y02048.png,52843_x01536_y02048.tif,0.0,0
52843,2048,2048,52843_x02048_y02048.png,52843_x02048_y02048.png,52843_x02048_y02048.tif,0.0,0
52843,2560,2048,52843_x02560_y02048.png,52843_x02560_y02048.png,52843_x02560_y02048.tif,0.0,0
52843,3072,2048,52843_x03072_y02048.png,52843_x03072_y02048.png,52843_x03072_y02048.tif,0.0,0
52843,3584,2048,52843_x03584_y02048.png,52843_x03584_y02048.png,52843_x03584_y02048.tif,0.0,0
52843,4096,2048,52843_x04096_y02048.png,52843_x04096_y02048.png,52843_x04096_y02048.tif,0.0,0
52843,0,2560,52843_x00000_y02560.png,52843_x00000_y02560.png,52843_x00000_y02560.tif,0.0,0
52843,512,2560,52843_x00512_y02560.png,52843_x00512_y02560.png,52843_x00512_y02560.tif,0.0,0
52843,1024,2560,52843_x01024_y02560.png,52843_x01024_y02560.png,52843_x01024_y02560.tif,0.0,0
52843,1536,2560,52843_x01536_y02560.png,52843_x01536_y02560.png,52843_x01536_y02560.tif,0.0,0
52843,2048,2560,52843_x02048_y02560.png,52843_x02048_y02560.png,52843_x02048_y02560.tif,0.0,0
52843,2560,2560,52843_x02560_y02560.png,52843_x02560_y02560.png,52843_x02560_y02560.tif,0.0,0
52843,3072,2560,52843_x03072_y02560.png,52843_x03072_y02560.png,52843_x03072_y02560.tif,0.0,0
52843,3584,2560,52843_x03584_y02560.png,52843_x03584_y02560.png,52843_x03584_y02560.tif,0.0,0
52843,4096,2560,52843_x04096_y02560.png,52843_x04096_y02560.png,52843_x04096_y02560.tif,0.0,0
52843,0,3072,52843_x00000_y03072.png,52843_x00000_y03072.png,52843_x00000_y03072.tif,0.0,0
52843,512,3072,52843_x00512_y03072.png,52843_x00512_y03072.png,52843_x00512_y03072.tif,0.0,0
52843,1024,3072,52843_x01024_y03072.png,52843_x01024_y03072.png,52843_x01024_y03072.tif,0.0,0
52843,1536,3072,52843_x01536_y03072.png,52843_x01536_y03072.png,52843_x01536_y03072.tif,0.0,0
52843,2048,3072,52843_x02048_y03072.png,52843_x02048_y03072.png,52843_x02048_y03072.tif,0.0,0
52843,2560,3072,52843_x02560_y03072.png,52843_x02560_y03072.png,52843_x02560_y03072.tif,0.0,0
52843,3072,3072,52843_x03072_y03072.png,52843_x03072_y03072.png,52843_x03072_y03072.tif,0.0,0
52843,3584,3072,52843_x03584_y03072.png,52843_x03584_y03072.png,52843_x03584_y03072.tif,0.0,0
52843,4096,3072,52843_x04096_y03072.png,52843_x04096_y03072.png,52843_x04096_y03072.tif,0.0,0
52843,0,3584,52843_x00000_y03584.png,52843_x00000_y03584.png,52843_x00000_y03584.tif,0.0,0
52843,512,3584,52843_x00512_y03584.png,52843_x00512_y03584.png,52843_x00512_y03584.tif,0.0,0
52843,1024,3584,52843_x01024_y03584.png,52843_x01024_y03584.png,52843_x01024_y03584.tif,0.0,0
52843,1536,3584,52843_x01536_y03584.png,52843_x01536_y03584.png,52843_x01536_y03584.tif,0.0,0
52843,2048,3584,52843_x02048_y03584.png,52843_x02048_y03584.png,52843_x02048_y03584.tif,0.035373687744140625,9273
52843,2560,3584,52843_x02560_y03584.png,52843_x02560_y03584.png,52843_x02560_y03584.tif,0.0,0
52843,3072,3584,52843_x03072_y03584.png,52843_x03072_y03584.png,52843_x03072_y03584.tif,0.0,0
52843,3584,3584,52843_x03584_y03584.png,52843_x03584_y03584.png,52843_x03584_y03584.tif,0.0,0
52843,4096,3584,52843_x04096_y03584.png,52843_x04096_y03584.png,52843_x04096_y03584.tif,0.0,0
52843,0,4096,52843_x00000_y04096.png,52843_x00000_y04096.png,52843_x00000_y04096.tif,0.0,0
52843,512,4096,52843_x00512_y04096.png,52843_x00512_y04096.png,52843_x00512_y04096.tif,0.0,0
52843,1024,4096,52843_x01024_y04096.png,52843_x01024_y04096.png,52843_x01024_y04096.tif,0.0,0
52843,1536,4096,52843_x01536_y04096.png,52843_x01536_y04096.png,52843_x01536_y04096.tif,0.0,0
52843,2048,4096,52843_x02048_y04096.png,52843_x02048_y04096.png,52843_x02048_y04096.tif,0.02384185791015625,6250
52843,2560,4096,52843_x02560_y04096.png,52843_x02560_y04096.png,52843_x02560_y04096.tif,0.0,0
52843,3072,4096,52843_x03072_y04096.png,52843_x03072_y04096.png,52843_x03072_y04096.tif,0.0,0
52843,3584,4096,52843_x03584_y04096.png,52843_x03584_y04096.png,52843_x03584_y04096.tif,0.0,0
52843,4096,4096,52843_x04096_y04096.png,52843_x04096_y04096.png,52843_x04096_y04096.tif,0.0,0
54342,0,0,54342_x00000_y00000.png,54342_x00000_y00000.png,54342_x00000_y00000.tif,0.0,0
54342,512,0,54342_x00512_y00000.png,54342_x00512_y00000.png,54342_x00512_y00000.tif,0.0,0
54342,1024,0,54342_x01024_y00000.png,54342_x01024_y00000.png,54342_x01024_y00000.tif,0.0,0
54342,1536,0,54342_x01536_y00000.png,54342_x01536_y00000.png,54342_x01536_y00000.tif,0.0,0
54342,2048,0,54342_x02048_y00000.png,54342_x02048_y00000.png,54342_x02048_y00000.tif,0.0,0
54342,2560,0,54342_x02560_y00000.png,54342_x02560_y00000.png,54342_x02560_y00000.tif,0.002529144287109375,663
54342,3072,0,54342_x03072_y00000.png,54342_x03072_y00000.png,54342_x03072_y00000.tif,0.0,0
54342,3584,0,54342_x03584_y00000.png,54342_x03584_y00000.png,54342_x03584_y00000.tif,0.0,0
54342,4096,0,54342_x04096_y00000.png,54342_x04096_y00000.png,54342_x04096_y00000.tif,0.0,0
54342,0,512,54342_x00000_y00512.png,54342_x00000_y00512.png,54342_x00000_y00512.tif,0.0,0
54342,512,512,54342_x00512_y00512.png,54342_x00512_y00512.png,54342_x00512_y00512.tif,0.0,0
54342,1024,512,54342_x01024_y00512.png,54342_x01024_y00512.png,54342_x01024_y00512.tif,0.0,0
54342,1536,512,54342_x01536_y00512.png,54342_x01536_y00512.png,54342_x01536_y00512.tif,0.0,0
54342,2048,512,54342_x02048_y00512.png,54342_x02048_y00512.png,54342_x02048_y00512.tif,0.0,0
54342,2560,512,54342_x02560_y00512.png,54342_x02560_y00512.png,54342_x02560_y00512.tif,0.0,0
54342,3072,512,54342_x03072_y00512.png,54342_x03072_y00512.png,54342_x03072_y00512.tif,0.0,0
54342,3584,512,54342_x03584_y00512.png,54342_x03584_y00512.png,54342_x03584_y00512.tif,0.0,0
54342,4096,512,54342_x04096_y00512.png,54342_x04096_y00512.png,54342_x04096_y00512.tif,0.0,0
54342,0,1024,54342_x00000_y01024.png,54342_x00000_y01024.png,54342_x00000_y01024.tif,0.0,0
54342,512,1024,54342_x00512_y01024.png,54342_x00512_y01024.png,54342_x00512_y01024.tif,0.0,0
54342,1024,1024,54342_x01024_y01024.png,54342_x01024_y01024.png,54342_x01024_y01024.tif,0.0,0
54342,1536,1024,54342_x01536_y01024.png,54342_x01536_y01024.png,54342_x01536_y01024.tif,0.0,0
54342,2048,1024,54342_x02048_y01024.png,54342_x02048_y01024.png,54342_x02048_y01024.tif,0.0,0
54342,2560,1024,54342_x02560_y01024.png,54342_x02560_y01024.png,54342_x02560_y01024.tif,0.0,0
54342,3072,1024,54342_x03072_y01024.png,54342_x03072_y01024.png,54342_x03072_y01024.tif,0.0,0
54342,3584,1024,54342_x03584_y01024.png,54342_x03584_y01024.png,54342_x03584_y01024.tif,0.0,0
54342,4096,1024,54342_x04096_y01024.png,54342_x04096_y01024.png,54342_x04096_y01024.tif,0.0,0
54342,0,1536,54342_x00000_y01536.png,54342_x00000_y01536.png,54342_x00000_y01536.tif,0.0,0
54342,512,1536,54342_x00512_y01536.png,54342_x00512_y01536.png,54342_x00512_y01536.tif,0.0,0
54342,1024,1536,54342_x01024_y01536.png,54342_x01024_y01536.png,54342_x01024_y01536.tif,0.0,0
54342,1536,1536,54342_x01536_y01536.png,54342_x01536_y01536.png,54342_x01536_y01536.tif,0.0,0
54342,2048,1536,54342_x02048_y01536.png,54342_x02048_y01536.png,54342_x02048_y01536.tif,0.0,0
54342,2560,1536,54342_x02560_y01536.png,54342_x02560_y01536.png,54342_x02560_y01536.tif,0.0,0
54342,3072,1536,54342_x03072_y01536.png,54342_x03072_y01536.png,54342_x03072_y01536.tif,0.0,0
54342,3584,1536,54342_x03584_y01536.png,54342_x03584_y01536.png,54342_x03584_y01536.tif,0.0,0
54342,4096,1536,54342_x04096_y01536.png,54342_x04096_y01536.png,54342_x04096_y01536.tif,0.0,0
54342,0,2048,54342_x00000_y02048.png,54342_x00000_y02048.png,54342_x00000_y02048.tif,0.0,0
54342,512,2048,54342_x00512_y02048.png,54342_x00512_y02048.png,54342_x00512_y02048.tif,0.0,0
54342,1024,2048,54342_x01024_y02048.png,54342_x01024_y02048.png,54342_x01024_y02048.tif,0.0,0
54342,1536,2048,54342_x01536_y02048.png,54342_x01536_y02048.png,54342_x01536_y02048.tif,0.0,0
54342,2048,2048,54342_x02048_y02048.png,54342_x02048_y02048.png,54342_x02048_y02048.tif,0.0,0
54342,2560,2048,54342_x02560_y02048.png,54342_x02560_y02048.png,54342_x02560_y02048.tif,0.0,0
54342,3072,2048,54342_x03072_y02048.png,54342_x03072_y02048.png,54342_x03072_y02048.tif,0.0,0
54342,3584,2048,54342_x03584_y02048.png,54342_x03584_y02048.png,54342_x03584_y02048.tif,0.0,0
54342,4096,2048,54342_x04096_y02048.png,54342_x04096_y02048.png,54342_x04096_y02048.tif,0.0,0
54342,0,2560,54342_x00000_y02560.png,54342_x00000_y02560.png,54342_x00000_y02560.tif,0.0,0
54342,512,2560,54342_x00512_y02560.png,54342_x00512_y02560.png,54342_x00512_y02560.tif,0.0,0
54342,1024,2560,54342_x01024_y02560.png,54342_x01024_y02560.png,54342_x01024_y02560.tif,0.0,0
54342,1536,2560,54342_x01536_y02560.png,54342_x01536_y02560.png,54342_x01536_y02560.tif,0.0,0
54342,2048,2560,54342_x02048_y02560.png,54342_x02048_y02560.png,54342_x02048_y02560.tif,0.0,0
54342,2560,2560,54342_x02560_y02560.png,54342_x02560_y02560.png,54342_x02560_y02560.tif,0.0,0
54342,3072,2560,54342_x03072_y02560.png,54342_x03072_y02560.png,54342_x03072_y02560.tif,0.0,0
54342,3584,2560,54342_x03584_y02560.png,54342_x03584_y02560.png,54342_x03584_y02560.tif,0.0,0
54342,4096,2560,54342_x04096_y02560.png,54342_x04096_y02560.png,54342_x04096_y02560.tif,0.0,0
54342,0,3072,54342_x00000_y03072.png,54342_x00000_y03072.png,54342_x00000_y03072.tif,0.0,0
54342,512,3072,54342_x00512_y03072.png,54342_x00512_y03072.png,54342_x00512_y03072.tif,0.0,0
54342,1024,3072,54342_x01024_y03072.png,54342_x01024_y03072.png,54342_x01024_y03072.tif,0.0,0
54342,1536,3072,54342_x01536_y03072.png,54342_x01536_y03072.png,54342_x01536_y03072.tif,0.0,0
54342,2048,3072,54342_x02048_y03072.png,54342_x02048_y03072.png,54342_x02048_y03072.tif,0.0,0
54342,2560,3072,54342_x02560_y03072.png,54342_x02560_y03072.png,54342_x02560_y03072.tif,0.0,0
54342,3072,3072,54342_x03072_y03072.png,54342_x03072_y03072.png,54342_x03072_y03072.tif,0.0,0
54342,3584,3072,54342_x03584_y03072.png,54342_x03584_y03072.png,54342_x03584_y03072.tif,0.0,0
54342,4096,3072,54342_x04096_y03072.png,54342_x04096_y03072.png,54342_x04096_y03072.tif,0.0,0
54342,0,3584,54342_x00000_y03584.png,54342_x00000_y03584.png,54342_x00000_y03584.tif,0.0,0
54342,512,3584,54342_x00512_y03584.png,54342_x00512_y03584.png,54342_x00512_y03584.tif,0.0,0
54342,1024,3584,54342_x01024_y03584.png,54342_x01024_y03584.png,54342_x01024_y03584.tif,0.0,0
54342,1536,3584,54342_x01536_y03584.png,54342_x01536_y03584.png,54342_x01536_y03584.tif,0.0,0
54342,2048,3584,54342_x02048_y03584.png,54342_x02048_y03584.png,54342_x02048_y03584.tif,0.0,0
54342,2560,3584,54342_x02560_y03584.png,54342_x02560_y03584.png,54342_x02560_y03584.tif,0.0,0
54342,3072,3584,54342_x03072_y03584.png,54342_x03072_y03584.png,54342_x03072_y03584.tif,0.0,0
54342,3584,3584,54342_x03584_y03584.png,54342_x03584_y03584.png,54342_x03584_y03584.tif,0.0,0
54342,4096,3584,54342_x04096_y03584.png,54342_x04096_y03584.png,54342_x04096_y03584.tif,0.0,0
54342,0,4096,54342_x00000_y04096.png,54342_x00000_y04096.png,54342_x00000_y04096.tif,0.0,0
54342,512,4096,54342_x00512_y04096.png,54342_x00512_y04096.png,54342_x00512_y04096.tif,0.0,0
54342,1024,4096,54342_x01024_y04096.png,54342_x01024_y04096.png,54342_x01024_y04096.tif,0.0,0
54342,1536,4096,54342_x01536_y04096.png,54342_x01536_y04096.png,54342_x01536_y04096.tif,0.0,0
54342,2048,4096,54342_x02048_y04096.png,54342_x02048_y04096.png,54342_x02048_y04096.tif,0.0,0
54342,2560,4096,54342_x02560_y04096.png,54342_x02560_y04096.png,54342_x02560_y04096.tif,0.0,0
54342,3072,4096,54342_x03072_y04096.png,54342_x03072_y04096.png,54342_x03072_y04096.tif,0.0,0
54342,3584,4096,54342_x03584_y04096.png,54342_x03584_y04096.png,54342_x03584_y04096.tif,0.0,0
54342,4096,4096,54342_x04096_y04096.png,54342_x04096_y04096.png,54342_x04096_y04096.tif,0.0,0
64081,0,0,64081_x00000_y00000.png,64081_x00000_y00000.png,64081_x00000_y00000.tif,0.0,0
64081,512,0,64081_x00512_y00000.png,64081_x00512_y00000.png,64081_x00512_y00000.tif,0.0,0
64081,1024,0,64081_x01024_y00000.png,64081_x01024_y00000.png,64081_x01024_y00000.tif,0.0,0
64081,1536,0,64081_x01536_y00000.png,64081_x01536_y00000.png,64081_x01536_y00000.tif,0.0,0
64081,2048,0,64081_x02048_y00000.png,64081_x02048_y00000.png,64081_x02048_y00000.tif,0.0,0
64081,2560,0,64081_x02560_y00000.png,64081_x02560_y00000.png,64081_x02560_y00000.tif,0.0,0
64081,3072,0,64081_x03072_y00000.png,64081_x03072_y00000.png,64081_x03072_y00000.tif,0.0,0
64081,3584,0,64081_x03584_y00000.png,64081_x03584_y00000.png,64081_x03584_y00000.tif,0.0,0
64081,4096,0,64081_x04096_y00000.png,64081_x04096_y00000.png,64081_x04096_y00000.tif,0.0,0
64081,0,512,64081_x00000_y00512.png,64081_x00000_y00512.png,64081_x00000_y00512.tif,0.0,0
64081,512,512,64081_x00512_y00512.png,64081_x00512_y00512.png,64081_x00512_y00512.tif,0.0,0
64081,1024,512,64081_x01024_y00512.png,64081_x01024_y00512.png,64081_x01024_y00512.tif,0.0,0
64081,1536,512,64081_x01536_y00512.png,64081_x01536_y00512.png,64081_x01536_y00512.tif,0.0,0
64081,2048,512,64081_x02048_y00512.png,64081_x02048_y00512.png,64081_x02048_y00512.tif,0.0,0
64081,2560,512,64081_x02560_y00512.png,64081_x02560_y00512.png,64081_x02560_y00512.tif,0.0,0
64081,3072,512,64081_x03072_y00512.png,64081_x03072_y00512.png,64081_x03072_y00512.tif,0.0,0
64081,3584,512,64081_x03584_y00512.png,64081_x03584_y00512.png,64081_x03584_y00512.tif,0.0,0
64081,4096,512,64081_x04096_y00512.png,64081_x04096_y00512.png,64081_x04096_y00512.tif,0.0,0
64081,0,1024,64081_x00000_y01024.png,64081_x00000_y01024.png,64081_x00000_y01024.tif,0.0,0
64081,512,1024,64081_x00512_y01024.png,64081_x00512_y01024.png,64081_x00512_y01024.tif,0.0,0
64081,1024,1024,64081_x01024_y01024.png,64081_x01024_y01024.png,64081_x01024_y01024.tif,0.0,0
64081,1536,1024,64081_x01536_y01024.png,64081_x01536_y01024.png,64081_x01536_y01024.tif,0.0,0
64081,2048,1024,64081_x02048_y01024.png,64081_x02048_y01024.png,64081_x02048_y01024.tif,0.0,0
64081,2560,1024,64081_x02560_y01024.png,64081_x02560_y01024.png,64081_x02560_y01024.tif,0.0,0
64081,3072,1024,64081_x03072_y01024.png,64081_x03072_y01024.png,64081_x03072_y01024.tif,0.0,0
64081,3584,1024,64081_x03584_y01024.png,64081_x03584_y01024.png,64081_x03584_y01024.tif,0.0,0
64081,4096,1024,64081_x04096_y01024.png,64081_x04096_y01024.png,64081_x04096_y01024.tif,0.0,0
64081,0,1536,64081_x00000_y01536.png,64081_x00000_y01536.png,64081_x00000_y01536.tif,0.0,0
64081,512,1536,64081_x00512_y01536.png,64081_x00512_y01536.png,64081_x00512_y01536.tif,0.0,0
64081,1024,1536,64081_x01024_y01536.png,64081_x01024_y01536.png,64081_x01024_y01536.tif,0.0,0
64081,1536,1536,64081_x01536_y01536.png,64081_x01536_y01536.png,64081_x01536_y01536.tif,0.0,0
64081,2048,1536,64081_x02048_y01536.png,64081_x02048_y01536.png,64081_x02048_y01536.tif,0.0,0
64081,2560,1536,64081_x02560_y01536.png,64081_x02560_y01536.png,64081_x02560_y01536.tif,0.0,0
64081,3072,1536,64081_x03072_y01536.png,64081_x03072_y01536.png,64081_x03072_y01536.tif,0.0,0
64081,3584,1536,64081_x03584_y01536.png,64081_x03584_y01536.png,64081_x03584_y01536.tif,0.0,0
64081,4096,1536,64081_x04096_y01536.png,64081_x04096_y01536.png,64081_x04096_y01536.tif,0.0,0
64081,0,2048,64081_x00000_y02048.png,64081_x00000_y02048.png,64081_x00000_y02048.tif,0.0,0
64081,512,2048,64081_x00512_y02048.png,64081_x00512_y02048.png,64081_x00512_y02048.tif,0.0,0
64081,1024,2048,64081_x01024_y02048.png,64081_x01024_y02048.png,64081_x01024_y02048.tif,0.0,0
64081,1536,2048,64081_x01536_y02048.png,64081_x01536_y02048.png,64081_x01536_y02048.tif,0.0,0
64081,2048,2048,64081_x02048_y02048.png,64081_x02048_y02048.png,64081_x02048_y02048.tif,0.0,0
64081,2560,2048,64081_x02560_y02048.png,64081_x02560_y02048.png,64081_x02560_y02048.tif,0.0,0
64081,3072,2048,64081_x03072_y02048.png,64081_x03072_y02048.png,64081_x03072_y02048.tif,0.0,0
64081,3584,2048,64081_x03584_y02048.png,64081_x03584_y02048.png,64081_x03584_y02048.tif,0.0,0
64081,4096,2048,64081_x04096_y02048.png,64081_x04096_y02048.png,64081_x04096_y02048.tif,0.0,0
64081,0,2560,64081_x00000_y02560.png,64081_x00000_y02560.png,64081_x00000_y02560.tif,0.0,0
64081,512,2560,64081_x00512_y02560.png,64081_x00512_y02560.png,64081_x00512_y02560.tif,0.0,0
64081,1024,2560,64081_x01024_y02560.png,64081_x01024_y02560.png,64081_x01024_y02560.tif,0.0,0
64081,1536,2560,64081_x01536_y02560.png,64081_x01536_y02560.png,64081_x01536_y02560.tif,0.0,0
64081,2048,2560,64081_x02048_y02560.png,64081_x02048_y02560.png,64081_x02048_y02560.tif,0.0,0
64081,2560,2560,64081_x02560_y02560.png,64081_x02560_y02560.png,64081_x02560_y02560.tif,0.0,0
64081,3072,2560,64081_x03072_y02560.png,64081_x03072_y02560.png,64081_x03072_y02560.tif,0.0,0
64081,3584,2560,64081_x03584_y02560.png,64081_x03584_y02560.png,64081_x03584_y02560.tif,0.0,0
64081,4096,2560,64081_x04096_y02560.png,64081_x04096_y02560.png,64081_x04096_y02560.tif,0.0,0
64081,0,3072,64081_x00000_y03072.png,64081_x00000_y03072.png,64081_x00000_y03072.tif,0.0,0
64081,512,3072,64081_x00512_y03072.png,64081_x00512_y03072.png,64081_x00512_y03072.tif,0.0,0
64081,1024,3072,64081_x01024_y03072.png,64081_x01024_y03072.png,64081_x01024_y03072.tif,0.0,0
64081,1536,3072,64081_x01536_y03072.png,64081_x01536_y03072.png,64081_x01536_y03072.tif,0.0,0
64081,2048,3072,64081_x02048_y03072.png,64081_x02048_y03072.png,64081_x02048_y03072.tif,0.0,0
64081,2560,3072,64081_x02560_y03072.png,64081_x02560_y03072.png,64081_x02560_y03072.tif,0.0,0
64081,3072,3072,64081_x03072_y03072.png,64081_x03072_y03072.png,64081_x03072_y03072.tif,0.0,0
64081,3584,3072,64081_x03584_y03072.png,64081_x03584_y03072.png,64081_x03584_y03072.tif,0.0,0
64081,4096,3072,64081_x04096_y03072.png,64081_x04096_y03072.png,64081_x04096_y03072.tif,0.0,0
64081,0,3584,64081_x00000_y03584.png,64081_x00000_y03584.png,64081_x00000_y03584.tif,0.0,0
64081,512,3584,64081_x00512_y03584.png,64081_x00512_y03584.png,64081_x00512_y03584.tif,0.0,0
64081,1024,3584,64081_x01024_y03584.png,64081_x01024_y03584.png,64081_x01024_y03584.tif,0.0,0
64081,1536,3584,64081_x01536_y03584.png,64081_x01536_y03584.png,64081_x01536_y03584.tif,0.0,0
64081,2048,3584,64081_x02048_y03584.png,64081_x02048_y03584.png,64081_x02048_y03584.tif,0.0,0
64081,2560,3584,64081_x02560_y03584.png,64081_x02560_y03584.png,64081_x02560_y03584.tif,0.0,0
64081,3072,3584,64081_x03072_y03584.png,64081_x03072_y03584.png,64081_x03072_y03584.tif,0.0,0
64081,3584,3584,64081_x03584_y03584.png,64081_x03584_y03584.png,64081_x03584_y03584.tif,0.0,0
64081,4096,3584,64081_x04096_y03584.png,64081_x04096_y03584.png,64081_x04096_y03584.tif,0.0,0
64081,0,4096,64081_x00000_y04096.png,64081_x00000_y04096.png,64081_x00000_y04096.tif,0.0,0
64081,512,4096,64081_x00512_y04096.png,64081_x00512_y04096.png,64081_x00512_y04096.tif,0.0,0
64081,1024,4096,64081_x01024_y04096.png,64081_x01024_y04096.png,64081_x01024_y04096.tif,0.0,0
64081,1536,4096,64081_x01536_y04096.png,64081_x01536_y04096.png,64081_x01536_y04096.tif,0.0421600341796875,11052
64081,2048,4096,64081_x02048_y04096.png,64081_x02048_y04096.png,64081_x02048_y04096.tif,0.0,0
64081,2560,4096,64081_x02560_y04096.png,64081_x02560_y04096.png,64081_x02560_y04096.tif,0.0,0
64081,3072,4096,64081_x03072_y04096.png,64081_x03072_y04096.png,64081_x03072_y04096.tif,0.0,0
64081,3584,4096,64081_x03584_y04096.png,64081_x03584_y04096.png,64081_x03584_y04096.tif,0.0,0
64081,4096,4096,64081_x04096_y04096.png,64081_x04096_y04096.png,64081_x04096_y04096.tif,0.0,0
53921,0,0,53921_x00000_y00000.png,53921_x00000_y00000.png,53921_x00000_y00000.tif,0.07139968872070312,18717
53921,512,0,53921_x00512_y00000.png,53921_x00512_y00000.png,53921_x00512_y00000.tif,0.02970123291015625,7786
53921,1024,0,53921_x01024_y00000.png,53921_x01024_y00000.png,53921_x01024_y00000.tif,0.0,0
53921,1536,0,53921_x01536_y00000.png,53921_x01536_y00000.png,53921_x01536_y00000.tif,0.0,0
53921,2048,0,53921_x02048_y00000.png,53921_x02048_y00000.png,53921_x02048_y00000.tif,0.0,0
53921,2560,0,53921_x02560_y00000.png,53921_x02560_y00000.png,53921_x02560_y00000.tif,0.0,0
53921,3072,0,53921_x03072_y00000.png,53921_x03072_y00000.png,53921_x03072_y00000.tif,0.0,0
53921,3584,0,53921_x03584_y00000.png,53921_x03584_y00000.png,53921_x03584_y00000.tif,0.0,0
53921,4096,0,53921_x04096_y00000.png,53921_x04096_y00000.png,53921_x04096_y00000.tif,0.0,0
53921,0,512,53921_x00000_y00512.png,53921_x00000_y00512.png,53921_x00000_y00512.tif,0.68951416015625,180752
53921,512,512,53921_x00512_y00512.png,53921_x00512_y00512.png,53921_x00512_y00512.tif,0.4330177307128906,113513
53921,1024,512,53921_x01024_y00512.png,53921_x01024_y00512.png,53921_x01024_y00512.tif,0.0,0
53921,1536,512,53921_x01536_y00512.png,53921_x01536_y00512.png,53921_x01536_y00512.tif,0.0,0
53921,2048,512,53921_x02048_y00512.png,53921_x02048_y00512.png,53921_x02048_y00512.tif,0.0,0
53921,2560,512,53921_x02560_y00512.png,53921_x02560_y00512.png,53921_x02560_y00512.tif,0.0,0
53921,3072,512,53921_x03072_y00512.png,53921_x03072_y00512.png,53921_x03072_y00512.tif,0.0,0
53921,3584,512,53921_x03584_y00512.png,53921_x03584_y00512.png,53921_x03584_y00512.tif,0.0,0
53921,4096,512,53921_x04096_y00512.png,53921_x04096_y00512.png,53921_x04096_y00512.tif,0.0,0
53921,0,1024,53921_x00000_y01024.png,53921_x00000_y01024.png,53921_x00000_y01024.tif,0.058574676513671875,15355
53921,512,1024,53921_x00512_y01024.png,53921_x00512_y01024.png,53921_x00512_y01024.tif,0.026981353759765625,7073
53921,1024,1024,53921_x01024_y01024.png,53921_x01024_y01024.png,53921_x01024_y01024.tif,0.0,0
53921,1536,1024,53921_x01536_y01024.png,53921_x01536_y01024.png,53921_x01536_y01024.tif,0.0,0
53921,2048,1024,53921_x02048_y01024.png,53921_x02048_y01024.png,53921_x02048_y01024.tif,0.0,0
53921,2560,1024,53921_x02560_y01024.png,53921_x02560_y01024.png,53921_x02560_y01024.tif,0.0,0
53921,3072,1024,53921_x03072_y01024.png,53921_x03072_y01024.png,53921_x03072_y01024.tif,0.0,0
53921,3584,1024,53921_x03584_y01024.png,53921_x03584_y01024.png,53921_x03584_y01024.tif,0.0,0
53921,4096,1024,53921_x04096_y01024.png,53921_x04096_y01024.png,53921_x04096_y01024.tif,0.0,0
53921,0,1536,53921_x00000_y01536.png,53921_x00000_y01536.png,53921_x00000_y01536.tif,0.0,0
53921,512,1536,53921_x00512_y01536.png,53921_x00512_y01536.png,53921_x00512_y01536.tif,0.0,0
53921,1024,1536,53921_x01024_y01536.png,53921_x01024_y01536.png,53921_x01024_y01536.tif,0.0,0
53921,1536,1536,53921_x01536_y01536.png,53921_x01536_y01536.png,53921_x01536_y01536.tif,0.0,0
53921,2048,1536,53921_x02048_y01536.png,53921_x02048_y01536.png,53921_x02048_y01536.tif,0.0,0
53921,2560,1536,53921_x02560_y01536.png,53921_x02560_y01536.png,53921_x02560_y01536.tif,0.0,0
53921,3072,1536,53921_x03072_y01536.png,53921_x03072_y01536.png,53921_x03072_y01536.tif,0.0,0
53921,3584,1536,53921_x03584_y01536.png,53921_x03584_y01536.png,53921_x03584_y01536.tif,0.0,0
53921,4096,1536,53921_x04096_y01536.png,53921_x04096_y01536.png,53921_x04096_y01536.tif,0.0,0
53921,0,2048,53921_x00000_y02048.png,53921_x00000_y02048.png,53921_x00000_y02048.tif,0.0,0
53921,512,2048,53921_x00512_y02048.png,53921_x00512_y02048.png,53921_x00512_y02048.tif,0.0,0
53921,1024,2048,53921_x01024_y02048.png,53921_x01024_y02048.png,53921_x01024_y02048.tif,0.0,0
53921,1536,2048,53921_x01536_y02048.png,53921_x01536_y02048.png,53921_x01536_y02048.tif,0.0,0
53921,2048,2048,53921_x02048_y02048.png,53921_x02048_y02048.png,53921_x02048_y02048.tif,0.0,0
53921,2560,2048,53921_x02560_y02048.png,53921_x02560_y02048.png,53921_x02560_y02048.tif,0.0,0
53921,3072,2048,53921_x03072_y02048.png,53921_x03072_y02048.png,53921_x03072_y02048.tif,0.0,0
53921,3584,2048,53921_x03584_y02048.png,53921_x03584_y02048.png,53921_x03584_y02048.tif,0.0,0
53921,4096,2048,53921_x04096_y02048.png,53921_x04096_y02048.png,53921_x04096_y02048.tif,0.0,0
53921,0,2560,53921_x00000_y02560.png,53921_x00000_y02560.png,53921_x00000_y02560.tif,0.0,0
53921,512,2560,53921_x00512_y02560.png,53921_x00512_y02560.png,53921_x00512_y02560.tif,0.0,0
53921,1024,2560,53921_x01024_y02560.png,53921_x01024_y02560.png,53921_x01024_y02560.tif,0.0,0
53921,1536,2560,53921_x01536_y02560.png,53921_x01536_y02560.png,53921_x01536_y02560.tif,0.0,0
53921,2048,2560,53921_x02048_y02560.png,53921_x02048_y02560.png,53921_x02048_y02560.tif,0.0,0
53921,2560,2560,53921_x02560_y02560.png,53921_x02560_y02560.png,53921_x02560_y02560.tif,0.0,0
53921,3072,2560,53921_x03072_y02560.png,53921_x03072_y02560.png,53921_x03072_y02560.tif,0.0,0
53921,3584,2560,53921_x03584_y02560.png,53921_x03584_y02560.png,53921_x03584_y02560.tif,0.0,0
53921,4096,2560,53921_x04096_y02560.png,53921_x04096_y02560.png,53921_x04096_y02560.tif,0.0,0
53921,0,3072,53921_x00000_y03072.png,53921_x00000_y03072.png,53921_x00000_y03072.tif,0.0,0
53921,512,3072,53921_x00512_y03072.png,53921_x00512_y03072.png,53921_x00512_y03072.tif,0.0,0
53921,1024,3072,53921_x01024_y03072.png,53921_x01024_y03072.png,53921_x01024_y03072.tif,0.0,0
53921,1536,3072,53921_x01536_y03072.png,53921_x01536_y03072.png,53921_x01536_y03072.tif,0.0,0
53921,2048,3072,53921_x02048_y03072.png,53921_x02048_y03072.png,53921_x02048_y03072.tif,0.0,0
53921,2560,3072,53921_x02560_y03072.png,53921_x02560_y03072.png,53921_x02560_y03072.tif,0.0,0
53921,3072,3072,53921_x03072_y03072.png,53921_x03072_y03072.png,53921_x03072_y03072.tif,0.0,0
53921,3584,3072,53921_x03584_y03072.png,53921_x03584_y03072.png,53921_x03584_y03072.tif,0.0,0
53921,4096,3072,53921_x04096_y03072.png,53921_x04096_y03072.png,53921_x04096_y03072.tif,0.0,0
53921,0,3584,53921_x00000_y03584.png,53921_x00000_y03584.png,53921_x00000_y03584.tif,0.0,0
53921,512,3584,53921_x00512_y03584.png,53921_x00512_y03584.png,53921_x00512_y03584.tif,0.0,0
53921,1024,3584,53921_x01024_y03584.png,53921_x01024_y03584.png,53921_x01024_y03584.tif,0.0,0
53921,1536,3584,53921_x01536_y03584.png,53921_x01536_y03584.png,53921_x01536_y03584.tif,0.0,0
53921,2048,3584,53921_x02048_y03584.png,53921_x02048_y03584.png,53921_x02048_y03584.tif,0.0,0
53921,2560,3584,53921_x02560_y03584.png,53921_x02560_y03584.png,53921_x02560_y03584.tif,0.0,0
53921,3072,3584,53921_x03072_y03584.png,53921_x03072_y03584.png,53921_x03072_y03584.tif,0.0,0
53921,3584,3584,53921_x03584_y03584.png,53921_x03584_y03584.png,53921_x03584_y03584.tif,0.0,0
53921,4096,3584,53921_x04096_y03584.png,53921_x04096_y03584.png,53921_x04096_y03584.tif,0.0,0
53921,0,4096,53921_x00000_y04096.png,53921_x00000_y04096.png,53921_x00000_y04096.tif,0.0,0
53921,512,4096,53921_x00512_y04096.png,53921_x00512_y04096.png,53921_x00512_y04096.tif,0.0,0
53921,1024,4096,53921_x01024_y04096.png,53921_x01024_y04096.png,53921_x01024_y04096.tif,0.0,0
53921,1536,4096,53921_x01536_y04096.png,53921_x01536_y04096.png,53921_x01536_y04096.tif,0.0,0
53921,2048,4096,53921_x02048_y04096.png,53921_x02048_y04096.png,53921_x02048_y04096.tif,0.0,0
53921,2560,4096,53921_x02560_y04096.png,53921_x02560_y04096.png,53921_x02560_y04096.tif,0.0,0
53921,3072,4096,53921_x03072_y04096.png,53921_x03072_y04096.png,53921_x03072_y04096.tif,0.0,0
53921,3584,4096,53921_x03584_y04096.png,53921_x03584_y04096.png,53921_x03584_y04096.tif,0.0,0
53921,4096,4096,53921_x04096_y04096.png,53921_x04096_y04096.png,53921_x04096_y04096.tif,0.0,0
64231,0,0,64231_x00000_y00000.png,64231_x00000_y00000.png,64231_x00000_y00000.tif,0.0,0
64231,512,0,64231_x00512_y00000.png,64231_x00512_y00000.png,64231_x00512_y00000.tif,0.0,0
64231,1024,0,64231_x01024_y00000.png,64231_x01024_y00000.png,64231_x01024_y00000.tif,0.0,0
64231,1536,0,64231_x01536_y00000.png,64231_x01536_y00000.png,64231_x01536_y00000.tif,0.0,0
64231,2048,0,64231_x02048_y00000.png,64231_x02048_y00000.png,64231_x02048_y00000.tif,0.0,0
64231,2560,0,64231_x02560_y00000.png,64231_x02560_y00000.png,64231_x02560_y00000.tif,0.001003265380859375,263
64231,3072,0,64231_x03072_y00000.png,64231_x03072_y00000.png,64231_x03072_y00000.tif,0.01924896240234375,5046
64231,3584,0,64231_x03584_y00000.png,64231_x03584_y00000.png,64231_x03584_y00000.tif,0.0,0
64231,4096,0,64231_x04096_y00000.png,64231_x04096_y00000.png,64231_x04096_y00000.tif,0.0,0
64231,0,512,64231_x00000_y00512.png,64231_x00000_y00512.png,64231_x00000_y00512.tif,0.0,0
64231,512,512,64231_x00512_y00512.png,64231_x00512_y00512.png,64231_x00512_y00512.tif,0.0,0
64231,1024,512,64231_x01024_y00512.png,64231_x01024_y00512.png,64231_x01024_y00512.tif,0.0,0
64231,1536,512,64231_x01536_y00512.png,64231_x01536_y00512.png,64231_x01536_y00512.tif,0.0,0
64231,2048,512,64231_x02048_y00512.png,64231_x02048_y00512.png,64231_x02048_y00512.tif,0.0,0
64231,2560,512,64231_x02560_y00512.png,64231_x02560_y00512.png,64231_x02560_y00512.tif,0.0,0
64231,3072,512,64231_x03072_y00512.png,64231_x03072_y00512.png,64231_x03072_y00512.tif,0.0,0
64231,3584,512,64231_x03584_y00512.png,64231_x03584_y00512.png,64231_x03584_y00512.tif,0.0,0
64231,4096,512,64231_x04096_y00512.png,64231_x04096_y00512.png,64231_x04096_y00512.tif,0.0,0
64231,0,1024,64231_x00000_y01024.png,64231_x00000_y01024.png,64231_x00000_y01024.tif,0.0,0
64231,512,1024,64231_x00512_y01024.png,64231_x00512_y01024.png,64231_x00512_y01024.tif,0.0,0
64231,1024,1024,64231_x01024_y01024.png,64231_x01024_y01024.png,64231_x01024_y01024.tif,0.0,0
64231,1536,1024,64231_x01536_y01024.png,64231_x01536_y01024.png,64231_x01536_y01024.tif,0.0,0
64231,2048,1024,64231_x02048_y01024.png,64231_x02048_y01024.png,64231_x02048_y01024.tif,0.0,0
64231,2560,1024,64231_x02560_y01024.png,64231_x02560_y01024.png,64231_x02560_y01024.tif,0.0,0
64231,3072,1024,64231_x03072_y01024.png,64231_x03072_y01024.png,64231_x03072_y01024.tif,0.0,0
64231,3584,1024,64231_x03584_y01024.png,64231_x03584_y01024.png,64231_x03584_y01024.tif,0.0,0
64231,4096,1024,64231_x04096_y01024.png,64231_x04096_y01024.png,64231_x04096_y01024.tif,0.0,0
64231,0,1536,64231_x00000_y01536.png,64231_x00000_y01536.png,64231_x00000_y01536.tif,0.0,0
64231,512,1536,64231_x00512_y01536.png,64231_x00512_y01536.png,64231_x00512_y01536.tif,0.0,0
64231,1024,1536,64231_x01024_y01536.png,64231_x01024_y01536.png,64231_x01024_y01536.tif,0.0,0
64231,1536,1536,64231_x01536_y01536.png,64231_x01536_y01536.png,64231_x01536_y01536.tif,0.0,0
64231,2048,1536,64231_x02048_y01536.png,64231_x02048_y01536.png,64231_x02048_y01536.tif,0.0,0
64231,2560,1536,64231_x02560_y01536.png,64231_x02560_y01536.png,64231_x02560_y01536.tif,0.0,0
64231,3072,1536,64231_x03072_y01536.png,64231_x03072_y01536.png,64231_x03072_y01536.tif,0.0,0
64231,3584,1536,64231_x03584_y01536.png,64231_x03584_y01536.png,64231_x03584_y01536.tif,0.0,0
64231,4096,1536,64231_x04096_y01536.png,64231_x04096_y01536.png,64231_x04096_y01536.tif,0.0,0
64231,0,2048,64231_x00000_y02048.png,64231_x00000_y02048.png,64231_x00000_y02048.tif,0.0,0
64231,512,2048,64231_x00512_y02048.png,64231_x00512_y02048.png,64231_x00512_y02048.tif,0.0,0
64231,1024,2048,64231_x01024_y02048.png,64231_x01024_y02048.png,64231_x01024_y02048.tif,0.0,0
64231,1536,2048,64231_x01536_y02048.png,64231_x01536_y02048.png,64231_x01536_y02048.tif,0.0,0
64231,2048,2048,64231_x02048_y02048.png,64231_x02048_y02048.png,64231_x02048_y02048.tif,0.0,0
64231,2560,2048,64231_x02560_y02048.png,64231_x02560_y02048.png,64231_x02560_y02048.tif,0.0,0
64231,3072,2048,64231_x03072_y02048.png,64231_x03072_y02048.png,64231_x03072_y02048.tif,0.0,0
64231,3584,2048,64231_x03584_y02048.png,64231_x03584_y02048.png,64231_x03584_y02048.tif,0.0,0
64231,4096,2048,64231_x04096_y02048.png,64231_x04096_y02048.png,64231_x04096_y02048.tif,0.0,0
64231,0,2560,64231_x00000_y02560.png,64231_x00000_y02560.png,64231_x00000_y02560.tif,0.0,0
64231,512,2560,64231_x00512_y02560.png,64231_x00512_y02560.png,64231_x00512_y02560.tif,0.0,0
64231,1024,2560,64231_x01024_y02560.png,64231_x01024_y02560.png,64231_x01024_y02560.tif,0.0,0
64231,1536,2560,64231_x01536_y02560.png,64231_x01536_y02560.png,64231_x01536_y02560.tif,0.0,0
64231,2048,2560,64231_x02048_y02560.png,64231_x02048_y02560.png,64231_x02048_y02560.tif,0.0,0
64231,2560,2560,64231_x02560_y02560.png,64231_x02560_y02560.png,64231_x02560_y02560.tif,0.0,0
64231,3072,2560,64231_x03072_y02560.png,64231_x03072_y02560.png,64231_x03072_y02560.tif,0.0,0
64231,3584,2560,64231_x03584_y02560.png,64231_x03584_y02560.png,64231_x03584_y02560.tif,0.0,0
64231,4096,2560,64231_x04096_y02560.png,64231_x04096_y02560.png,64231_x04096_y02560.tif,0.0,0
64231,0,3072,64231_x00000_y03072.png,64231_x00000_y03072.png,64231_x00000_y03072.tif,0.0,0
64231,512,3072,64231_x00512_y03072.png,64231_x00512_y03072.png,64231_x00512_y03072.tif,0.0,0
64231,1024,3072,64231_x01024_y03072.png,64231_x01024_y03072.png,64231_x01024_y03072.tif,0.0,0
64231,1536,3072,64231_x01536_y03072.png,64231_x01536_y03072.png,64231_x01536_y03072.tif,0.0,0
64231,2048,3072,64231_x02048_y03072.png,64231_x02048_y03072.png,64231_x02048_y03072.tif,0.0,0
64231,2560,3072,64231_x02560_y03072.png,64231_x02560_y03072.png,64231_x02560_y03072.tif,0.0,0
64231,3072,3072,64231_x03072_y03072.png,64231_x03072_y03072.png,64231_x03072_y03072.tif,0.0,0
64231,3584,3072,64231_x03584_y03072.png,64231_x03584_y03072.png,64231_x03584_y03072.tif,0.0,0
64231,4096,3072,64231_x04096_y03072.png,64231_x04096_y03072.png,64231_x04096_y03072.tif,0.0,0
64231,0,3584,64231_x00000_y03584.png,64231_x00000_y03584.png,64231_x00000_y03584.tif,0.0,0
64231,512,3584,64231_x00512_y03584.png,64231_x00512_y03584.png,64231_x00512_y03584.tif,0.0,0
64231,1024,3584,64231_x01024_y03584.png,64231_x01024_y03584.png,64231_x01024_y03584.tif,0.0,0
64231,1536,3584,64231_x01536_y03584.png,64231_x01536_y03584.png,64231_x01536_y03584.tif,0.0,0
64231,2048,3584,64231_x02048_y03584.png,64231_x02048_y03584.png,64231_x02048_y03584.tif,0.0,0
64231,2560,3584,64231_x02560_y03584.png,64231_x02560_y03584.png,64231_x02560_y03584.tif,0.0,0
64231,3072,3584,64231_x03072_y03584.png,64231_x03072_y03584.png,64231_x03072_y03584.tif,0.0,0
64231,3584,3584,64231_x03584_y03584.png,64231_x03584_y03584.png,64231_x03584_y03584.tif,0.0,0
64231,4096,3584,64231_x04096_y03584.png,64231_x04096_y03584.png,64231_x04096_y03584.tif,0.0,0
64231,0,4096,64231_x00000_y04096.png,64231_x00000_y04096.png,64231_x00000_y04096.tif,0.0,0
64231,512,4096,64231_x00512_y04096.png,64231_x00512_y04096.png,64231_x00512_y04096.tif,0.0,0
64231,1024,4096,64231_x01024_y04096.png,64231_x01024_y04096.png,64231_x01024_y04096.tif,0.0,0
64231,1536,4096,64231_x01536_y04096.png,64231_x01536_y04096.png,64231_x01536_y04096.tif,0.0,0
64231,2048,4096,64231_x02048_y04096.png,64231_x02048_y04096.png,64231_x02048_y04096.tif,0.0,0
64231,2560,4096,64231_x02560_y04096.png,64231_x02560_y04096.png,64231_x02560_y04096.tif,0.0,0
64231,3072,4096,64231_x03072_y04096.png,64231_x03072_y04096.png,64231_x03072_y04096.tif,0.0,0
64231,3584,4096,64231_x03584_y04096.png,64231_x03584_y04096.png,64231_x03584_y04096.tif,0.0,0
64231,4096,4096,64231_x04096_y04096.png,64231_x04096_y04096.png,64231_x04096_y04096.tif,0.0,0
64951,0,0,64951_x00000_y00000.png,64951_x00000_y00000.png,64951_x00000_y00000.tif,0.0,0
64951,512,0,64951_x00512_y00000.png,64951_x00512_y00000.png,64951_x00512_y00000.tif,0.0,0
64951,1024,0,64951_x01024_y00000.png,64951_x01024_y00000.png,64951_x01024_y00000.tif,0.0,0
64951,1536,0,64951_x01536_y00000.png,64951_x01536_y00000.png,64951_x01536_y00000.tif,0.0,0
64951,2048,0,64951_x02048_y00000.png,64951_x02048_y00000.png,64951_x02048_y00000.tif,0.0,0
64951,2560,0,64951_x02560_y00000.png,64951_x02560_y00000.png,64951_x02560_y00000.tif,0.0,0
64951,3072,0,64951_x03072_y00000.png,64951_x03072_y00000.png,64951_x03072_y00000.tif,0.0,0
64951,3584,0,64951_x03584_y00000.png,64951_x03584_y00000.png,64951_x03584_y00000.tif,0.0,0
64951,4096,0,64951_x04096_y00000.png,64951_x04096_y00000.png,64951_x04096_y00000.tif,0.01560211181640625,4090
64951,0,512,64951_x00000_y00512.png,64951_x00000_y00512.png,64951_x00000_y00512.tif,0.0,0
64951,512,512,64951_x00512_y00512.png,64951_x00512_y00512.png,64951_x00512_y00512.tif,0.0,0
64951,1024,512,64951_x01024_y00512.png,64951_x01024_y00512.png,64951_x01024_y00512.tif,0.0,0
64951,1536,512,64951_x01536_y00512.png,64951_x01536_y00512.png,64951_x01536_y00512.tif,0.0,0
64951,2048,512,64951_x02048_y00512.png,64951_x02048_y00512.png,64951_x02048_y00512.tif,0.0,0
64951,2560,512,64951_x02560_y00512.png,64951_x02560_y00512.png,64951_x02560_y00512.tif,0.0,0
64951,3072,512,64951_x03072_y00512.png,64951_x03072_y00512.png,64951_x03072_y00512.tif,0.0,0
64951,3584,512,64951_x03584_y00512.png,64951_x03584_y00512.png,64951_x03584_y00512.tif,0.0,0
64951,4096,512,64951_x04096_y00512.png,64951_x04096_y00512.png,64951_x04096_y00512.tif,0.02445220947265625,6410
64951,0,1024,64951_x00000_y01024.png,64951_x00000_y01024.png,64951_x00000_y01024.tif,0.0,0
64951,512,1024,64951_x00512_y01024.png,64951_x00512_y01024.png,64951_x00512_y01024.tif,0.0,0
64951,1024,1024,64951_x01024_y01024.png,64951_x01024_y01024.png,64951_x01024_y01024.tif,0.0,0
64951,1536,1024,64951_x01536_y01024.png,64951_x01536_y01024.png,64951_x01536_y01024.tif,0.0,0
64951,2048,1024,64951_x02048_y01024.png,64951_x02048_y01024.png,64951_x02048_y01024.tif,0.0,0
64951,2560,1024,64951_x02560_y01024.png,64951_x02560_y01024.png,64951_x02560_y01024.tif,0.0,0
64951,3072,1024,64951_x03072_y01024.png,64951_x03072_y01024.png,64951_x03072_y01024.tif,0.0,0
64951,3584,1024,64951_x03584_y01024.png,64951_x03584_y01024.png,64951_x03584_y01024.tif,0.0,0
64951,4096,1024,64951_x04096_y01024.png,64951_x04096_y01024.png,64951_x04096_y01024.tif,0.0,0
64951,0,1536,64951_x00000_y01536.png,64951_x00000_y01536.png,64951_x00000_y01536.tif,0.0,0
64951,512,1536,64951_x00512_y01536.png,64951_x00512_y01536.png,64951_x00512_y01536.tif,0.0,0
64951,1024,1536,64951_x01024_y01536.png,64951_x01024_y01536.png,64951_x01024_y01536.tif,0.0,0
64951,1536,1536,64951_x01536_y01536.png,64951_x01536_y01536.png,64951_x01536_y01536.tif,0.0,0
64951,2048,1536,64951_x02048_y01536.png,64951_x02048_y01536.png,64951_x02048_y01536.tif,0.0,0
64951,2560,1536,64951_x02560_y01536.png,64951_x02560_y01536.png,64951_x02560_y01536.tif,0.0,0
64951,3072,1536,64951_x03072_y01536.png,64951_x03072_y01536.png,64951_x03072_y01536.tif,0.0,0
64951,3584,1536,64951_x03584_y01536.png,64951_x03584_y01536.png,64951_x03584_y01536.tif,0.0,0
64951,4096,1536,64951_x04096_y01536.png,64951_x04096_y01536.png,64951_x04096_y01536.tif,0.0,0
64951,0,2048,64951_x00000_y02048.png,64951_x00000_y02048.png,64951_x00000_y02048.tif,0.0,0
64951,512,2048,64951_x00512_y02048.png,64951_x00512_y02048.png,64951_x00512_y02048.tif,0.0,0
64951,1024,2048,64951_x01024_y02048.png,64951_x01024_y02048.png,64951_x01024_y02048.tif,0.0,0
64951,1536,2048,64951_x01536_y02048.png,64951_x01536_y02048.png,64951_x01536_y02048.tif,0.0,0
64951,2048,2048,64951_x02048_y02048.png,64951_x02048_y02048.png,64951_x02048_y02048.tif,0.0,0
64951,2560,2048,64951_x02560_y02048.png,64951_x02560_y02048.png,64951_x02560_y02048.tif,0.0,0
64951,3072,2048,64951_x03072_y02048.png,64951_x03072_y02048.png,64951_x03072_y02048.tif,0.0,0
64951,3584,2048,64951_x03584_y02048.png,64951_x03584_y02048.png,64951_x03584_y02048.tif,0.0,0
64951,4096,2048,64951_x04096_y02048.png,64951_x04096_y02048.png,64951_x04096_y02048.tif,0.0,0
64951,0,2560,64951_x00000_y02560.png,64951_x00000_y02560.png,64951_x00000_y02560.tif,0.0,0
64951,512,2560,64951_x00512_y02560.png,64951_x00512_y02560.png,64951_x00512_y02560.tif,0.0,0
64951,1024,2560,64951_x01024_y02560.png,64951_x01024_y02560.png,64951_x01024_y02560.tif,0.0,0
64951,1536,2560,64951_x01536_y02560.png,64951_x01536_y02560.png,64951_x01536_y02560.tif,0.0,0
64951,2048,2560,64951_x02048_y02560.png,64951_x02048_y02560.png,64951_x02048_y02560.tif,0.0,0
64951,2560,2560,64951_x02560_y02560.png,64951_x02560_y02560.png,64951_x02560_y02560.tif,0.0,0
64951,3072,2560,64951_x03072_y02560.png,64951_x03072_y02560.png,64951_x03072_y02560.tif,0.0,0
64951,3584,2560,64951_x03584_y02560.png,64951_x03584_y02560.png,64951_x03584_y02560.tif,0.0,0
64951,4096,2560,64951_x04096_y02560.png,64951_x04096_y02560.png,64951_x04096_y02560.tif,0.0,0
64951,0,3072,64951_x00000_y03072.png,64951_x00000_y03072.png,64951_x00000_y03072.tif,0.0,0
64951,512,3072,64951_x00512_y03072.png,64951_x00512_y03072.png,64951_x00512_y03072.tif,0.0,0
64951,1024,3072,64951_x01024_y03072.png,64951_x01024_y03072.png,64951_x01024_y03072.tif,0.0,0
64951,1536,3072,64951_x01536_y03072.png,64951_x01536_y03072.png,64951_x01536_y03072.tif,0.0,0
64951,2048,3072,64951_x02048_y03072.png,64951_x02048_y03072.png,64951_x02048_y03072.tif,0.0,0
64951,2560,3072,64951_x02560_y03072.png,64951_x02560_y03072.png,64951_x02560_y03072.tif,0.0,0
64951,3072,3072,64951_x03072_y03072.png,64951_x03072_y03072.png,64951_x03072_y03072.tif,0.0,0
64951,3584,3072,64951_x03584_y03072.png,64951_x03584_y03072.png,64951_x03584_y03072.tif,0.10502243041992188,27531
64951,4096,3072,64951_x04096_y03072.png,64951_x04096_y03072.png,64951_x04096_y03072.tif,0.0,0
64951,0,3584,64951_x00000_y03584.png,64951_x00000_y03584.png,64951_x00000_y03584.tif,0.0,0
64951,512,3584,64951_x00512_y03584.png,64951_x00512_y03584.png,64951_x00512_y03584.tif,0.0,0
64951,1024,3584,64951_x01024_y03584.png,64951_x01024_y03584.png,64951_x01024_y03584.tif,0.0,0
64951,1536,3584,64951_x01536_y03584.png,64951_x01536_y03584.png,64951_x01536_y03584.tif,0.0,0
64951,2048,3584,64951_x02048_y03584.png,64951_x02048_y03584.png,64951_x02048_y03584.tif,0.0,0
64951,2560,3584,64951_x02560_y03584.png,64951_x02560_y03584.png,64951_x02560_y03584.tif,0.0,0
64951,3072,3584,64951_x03072_y03584.png,64951_x03072_y03584.png,64951_x03072_y03584.tif,0.026393890380859375,6919
64951,3584,3584,64951_x03584_y03584.png,64951_x03584_y03584.png,64951_x03584_y03584.tif,0.0473480224609375,12412
64951,4096,3584,64951_x04096_y03584.png,64951_x04096_y03584.png,64951_x04096_y03584.tif,0.0,0
64951,0,4096,64951_x00000_y04096.png,64951_x00000_y04096.png,64951_x00000_y04096.tif,0.0,0
64951,512,4096,64951_x00512_y04096.png,64951_x00512_y04096.png,64951_x00512_y04096.tif,0.0,0
64951,1024,4096,64951_x01024_y04096.png,64951_x01024_y04096.png,64951_x01024_y04096.tif,0.0,0
64951,1536,4096,64951_x01536_y04096.png,64951_x01536_y04096.png,64951_x01536_y04096.tif,0.0,0
64951,2048,4096,64951_x02048_y04096.png,64951_x02048_y04096.png,64951_x02048_y04096.tif,0.0,0
64951,2560,4096,64951_x02560_y04096.png,64951_x02560_y04096.png,64951_x02560_y04096.tif,0.0,0
64951,3072,4096,64951_x03072_y04096.png,64951_x03072_y04096.png,64951_x03072_y04096.tif,0.0,0
64951,3584,4096,64951_x03584_y04096.png,64951_x03584_y04096.png,64951_x03584_y04096.tif,0.0,0
64951,4096,4096,64951_x04096_y04096.png,64951_x04096_y04096.png,64951_x04096_y04096.tif,0.0,0
54281,0,0,54281_x00000_y00000.png,54281_x00000_y00000.png,54281_x00000_y00000.tif,0.0,0
54281,512,0,54281_x00512_y00000.png,54281_x00512_y00000.png,54281_x00512_y00000.tif,0.0,0
54281,1024,0,54281_x01024_y00000.png,54281_x01024_y00000.png,54281_x01024_y00000.tif,0.0,0
54281,1536,0,54281_x01536_y00000.png,54281_x01536_y00000.png,54281_x01536_y00000.tif,0.0,0
54281,2048,0,54281_x02048_y00000.png,54281_x02048_y00000.png,54281_x02048_y00000.tif,0.0,0
54281,2560,0,54281_x02560_y00000.png,54281_x02560_y00000.png,54281_x02560_y00000.tif,0.0,0
54281,3072,0,54281_x03072_y00000.png,54281_x03072_y00000.png,54281_x03072_y00000.tif,0.0,0
54281,3584,0,54281_x03584_y00000.png,54281_x03584_y00000.png,54281_x03584_y00000.tif,0.0,0
54281,4096,0,54281_x04096_y00000.png,54281_x04096_y00000.png,54281_x04096_y00000.tif,0.0,0
54281,0,512,54281_x00000_y00512.png,54281_x00000_y00512.png,54281_x00000_y00512.tif,0.0,0
54281,512,512,54281_x00512_y00512.png,54281_x00512_y00512.png,54281_x00512_y00512.tif,0.0,0
54281,1024,512,54281_x01024_y00512.png,54281_x01024_y00512.png,54281_x01024_y00512.tif,0.0,0
54281,1536,512,54281_x01536_y00512.png,54281_x01536_y00512.png,54281_x01536_y00512.tif,0.0,0
54281,2048,512,54281_x02048_y00512.png,54281_x02048_y00512.png,54281_x02048_y00512.tif,0.0,0
54281,2560,512,54281_x02560_y00512.png,54281_x02560_y00512.png,54281_x02560_y00512.tif,0.0,0
54281,3072,512,54281_x03072_y00512.png,54281_x03072_y00512.png,54281_x03072_y00512.tif,0.0,0
54281,3584,512,54281_x03584_y00512.png,54281_x03584_y00512.png,54281_x03584_y00512.tif,0.0,0
54281,4096,512,54281_x04096_y00512.png,54281_x04096_y00512.png,54281_x04096_y00512.tif,0.0,0
54281,0,1024,54281_x00000_y01024.png,54281_x00000_y01024.png,54281_x00000_y01024.tif,0.0,0
54281,512,1024,54281_x00512_y01024.png,54281_x00512_y01024.png,54281_x00512_y01024.tif,0.0,0
54281,1024,1024,54281_x01024_y01024.png,54281_x01024_y01024.png,54281_x01024_y01024.tif,0.0,0
54281,1536,1024,54281_x01536_y01024.png,54281_x01536_y01024.png,54281_x01536_y01024.tif,0.0,0
54281,2048,1024,54281_x02048_y01024.png,54281_x02048_y01024.png,54281_x02048_y01024.tif,0.0,0
54281,2560,1024,54281_x02560_y01024.png,54281_x02560_y01024.png,54281_x02560_y01024.tif,0.0,0
54281,3072,1024,54281_x03072_y01024.png,54281_x03072_y01024.png,54281_x03072_y01024.tif,0.0,0
54281,3584,1024,54281_x03584_y01024.png,54281_x03584_y01024.png,54281_x03584_y01024.tif,0.0,0
54281,4096,1024,54281_x04096_y01024.png,54281_x04096_y01024.png,54281_x04096_y01024.tif,0.0,0
54281,0,1536,54281_x00000_y01536.png,54281_x00000_y01536.png,54281_x00000_y01536.tif,0.0,0
54281,512,1536,54281_x00512_y01536.png,54281_x00512_y01536.png,54281_x00512_y01536.tif,0.0,0
54281,1024,1536,54281_x01024_y01536.png,54281_x01024_y01536.png,54281_x01024_y01536.tif,0.0,0
54281,1536,1536,54281_x01536_y01536.png,54281_x01536_y01536.png,54281_x01536_y01536.tif,0.0,0
54281,2048,1536,54281_x02048_y01536.png,54281_x02048_y01536.png,54281_x02048_y01536.tif,0.0,0
54281,2560,1536,54281_x02560_y01536.png,54281_x02560_y01536.png,54281_x02560_y01536.tif,0.0,0
54281,3072,1536,54281_x03072_y01536.png,54281_x03072_y01536.png,54281_x03072_y01536.tif,0.0,0
54281,3584,1536,54281_x03584_y01536.png,54281_x03584_y01536.png,54281_x03584_y01536.tif,0.0,0
54281,4096,1536,54281_x04096_y01536.png,54281_x04096_y01536.png,54281_x04096_y01536.tif,0.0,0
54281,0,2048,54281_x00000_y02048.png,54281_x00000_y02048.png,54281_x00000_y02048.tif,0.0,0
54281,512,2048,54281_x00512_y02048.png,54281_x00512_y02048.png,54281_x00512_y02048.tif,0.0,0
54281,1024,2048,54281_x01024_y02048.png,54281_x01024_y02048.png,54281_x01024_y02048.tif,0.0,0
54281,1536,2048,54281_x01536_y02048.png,54281_x01536_y02048.png,54281_x01536_y02048.tif,0.0,0
54281,2048,2048,54281_x02048_y02048.png,54281_x02048_y02048.png,54281_x02048_y02048.tif,0.0,0
54281,2560,2048,54281_x02560_y02048.png,54281_x02560_y02048.png,54281_x02560_y02048.tif,0.0,0
54281,3072,2048,54281_x03072_y02048.png,54281_x03072_y02048.png,54281_x03072_y02048.tif,0.0,0
54281,3584,2048,54281_x03584_y02048.png,54281_x03584_y02048.png,54281_x03584_y02048.tif,0.0,0
54281,4096,2048,54281_x04096_y02048.png,54281_x04096_y02048.png,54281_x04096_y02048.tif,0.0,0
54281,0,2560,54281_x00000_y02560.png,54281_x00000_y02560.png,54281_x00000_y02560.tif,0.0,0
54281,512,2560,54281_x00512_y02560.png,54281_x00512_y02560.png,54281_x00512_y02560.tif,0.0,0
54281,1024,2560,54281_x01024_y02560.png,54281_x01024_y02560.png,54281_x01024_y02560.tif,0.0,0
54281,1536,2560,54281_x01536_y02560.png,54281_x01536_y02560.png,54281_x01536_y02560.tif,0.0,0
54281,2048,2560,54281_x02048_y02560.png,54281_x02048_y02560.png,54281_x02048_y02560.tif,0.0,0
54281,2560,2560,54281_x02560_y02560.png,54281_x02560_y02560.png,54281_x02560_y02560.tif,0.0042572021484375,1116
54281,3072,2560,54281_x03072_y02560.png,54281_x03072_y02560.png,54281_x03072_y02560.tif,0.056446075439453125,14797
54281,3584,2560,54281_x03584_y02560.png,54281_x03584_y02560.png,54281_x03584_y02560.tif,0.0,0
54281,4096,2560,54281_x04096_y02560.png,54281_x04096_y02560.png,54281_x04096_y02560.tif,0.0,0
54281,0,3072,54281_x00000_y03072.png,54281_x00000_y03072.png,54281_x00000_y03072.tif,0.0,0
54281,512,3072,54281_x00512_y03072.png,54281_x00512_y03072.png,54281_x00512_y03072.tif,0.0,0
54281,1024,3072,54281_x01024_y03072.png,54281_x01024_y03072.png,54281_x01024_y03072.tif,0.0,0
54281,1536,3072,54281_x01536_y03072.png,54281_x01536_y03072.png,54281_x01536_y03072.tif,0.0,0
54281,2048,3072,54281_x02048_y03072.png,54281_x02048_y03072.png,54281_x02048_y03072.tif,0.0,0
54281,2560,3072,54281_x02560_y03072.png,54281_x02560_y03072.png,54281_x02560_y03072.tif,0.0,0
54281,3072,3072,54281_x03072_y03072.png,54281_x03072_y03072.png,54281_x03072_y03072.tif,0.0,0
54281,3584,3072,54281_x03584_y03072.png,54281_x03584_y03072.png,54281_x03584_y03072.tif,0.0,0
54281,4096,3072,54281_x04096_y03072.png,54281_x04096_y03072.png,54281_x04096_y03072.tif,0.0,0
54281,0,3584,54281_x00000_y03584.png,54281_x00000_y03584.png,54281_x00000_y03584.tif,0.0,0
54281,512,3584,54281_x00512_y03584.png,54281_x00512_y03584.png,54281_x00512_y03584.tif,0.0,0
54281,1024,3584,54281_x01024_y03584.png,54281_x01024_y03584.png,54281_x01024_y03584.tif,0.0,0
54281,1536,3584,54281_x01536_y03584.png,54281_x01536_y03584.png,54281_x01536_y03584.tif,0.0,0
54281,2048,3584,54281_x02048_y03584.png,54281_x02048_y03584.png,54281_x02048_y03584.tif,0.0,0
54281,2560,3584,54281_x02560_y03584.png,54281_x02560_y03584.png,54281_x02560_y03584.tif,0.0,0
54281,3072,3584,54281_x03072_y03584.png,54281_x03072_y03584.png,54281_x03072_y03584.tif,0.0,0
54281,3584,3584,54281_x03584_y03584.png,54281_x03584_y03584.png,54281_x03584_y03584.tif,0.0,0
54281,4096,3584,54281_x04096_y03584.png,54281_x04096_y03584.png,54281_x04096_y03584.tif,0.0,0
54281,0,4096,54281_x00000_y04096.png,54281_x00000_y04096.png,54281_x00000_y04096.tif,0.0,0
54281,512,4096,54281_x00512_y04096.png,54281_x00512_y04096.png,54281_x00512_y04096.tif,0.0,0
54281,1024,4096,54281_x01024_y04096.png,54281_x01024_y04096.png,54281_x01024_y04096.tif,0.0,0
54281,1536,4096,54281_x01536_y04096.png,54281_x01536_y04096.png,54281_x01536_y04096.tif,0.0,0
54281,2048,4096,54281_x02048_y04096.png,54281_x02048_y04096.png,54281_x02048_y04096.tif,0.0,0
54281,2560,4096,54281_x02560_y04096.png,54281_x02560_y04096.png,54281_x02560_y04096.tif,0.0,0
54281,3072,4096,54281_x03072_y04096.png,54281_x03072_y04096.png,54281_x03072_y04096.tif,0.0,0
54281,3584,4096,54281_x03584_y04096.png,54281_x03584_y04096.png,54281_x03584_y04096.tif,0.0,0
54281,4096,4096,54281_x04096_y04096.png,54281_x04096_y04096.png,54281_x04096_y04096.tif,0.0,0
51793,0,0,51793_x00000_y00000.png,51793_x00000_y00000.png,51793_x00000_y00000.tif,0.0,0
51793,512,0,51793_x00512_y00000.png,51793_x00512_y00000.png,51793_x00512_y00000.tif,0.0,0
51793,1024,0,51793_x01024_y00000.png,51793_x01024_y00000.png,51793_x01024_y00000.tif,0.0,0
51793,1536,0,51793_x01536_y00000.png,51793_x01536_y00000.png,51793_x01536_y00000.tif,0.0,0
51793,2048,0,51793_x02048_y00000.png,51793_x02048_y00000.png,51793_x02048_y00000.tif,0.0,0
51793,2560,0,51793_x02560_y00000.png,51793_x02560_y00000.png,51793_x02560_y00000.tif,0.0,0
51793,3072,0,51793_x03072_y00000.png,51793_x03072_y00000.png,51793_x03072_y00000.tif,0.0,0
51793,3584,0,51793_x03584_y00000.png,51793_x03584_y00000.png,51793_x03584_y00000.tif,0.0,0
51793,4096,0,51793_x04096_y00000.png,51793_x04096_y00000.png,51793_x04096_y00000.tif,0.0,0
51793,0,512,51793_x00000_y00512.png,51793_x00000_y00512.png,51793_x00000_y00512.tif,0.0,0
51793,512,512,51793_x00512_y00512.png,51793_x00512_y00512.png,51793_x00512_y00512.tif,0.0,0
51793,1024,512,51793_x01024_y00512.png,51793_x01024_y00512.png,51793_x01024_y00512.tif,0.0,0
51793,1536,512,51793_x01536_y00512.png,51793_x01536_y00512.png,51793_x01536_y00512.tif,0.0,0
51793,2048,512,51793_x02048_y00512.png,51793_x02048_y00512.png,51793_x02048_y00512.tif,0.0,0
51793,2560,512,51793_x02560_y00512.png,51793_x02560_y00512.png,51793_x02560_y00512.tif,0.0,0
51793,3072,512,51793_x03072_y00512.png,51793_x03072_y00512.png,51793_x03072_y00512.tif,0.0,0
51793,3584,512,51793_x03584_y00512.png,51793_x03584_y00512.png,51793_x03584_y00512.tif,0.0,0
51793,4096,512,51793_x04096_y00512.png,51793_x04096_y00512.png,51793_x04096_y00512.tif,0.0,0
51793,0,1024,51793_x00000_y01024.png,51793_x00000_y01024.png,51793_x00000_y01024.tif,0.0,0
51793,512,1024,51793_x00512_y01024.png,51793_x00512_y01024.png,51793_x00512_y01024.tif,0.0,0
51793,1024,1024,51793_x01024_y01024.png,51793_x01024_y01024.png,51793_x01024_y01024.tif,0.0,0
51793,1536,1024,51793_x01536_y01024.png,51793_x01536_y01024.png,51793_x01536_y01024.tif,0.0,0
51793,2048,1024,51793_x02048_y01024.png,51793_x02048_y01024.png,51793_x02048_y01024.tif,0.0,0
51793,2560,1024,51793_x02560_y01024.png,51793_x02560_y01024.png,51793_x02560_y01024.tif,0.0,0
51793,3072,1024,51793_x03072_y01024.png,51793_x03072_y01024.png,51793_x03072_y01024.tif,0.0,0
51793,3584,1024,51793_x03584_y01024.png,51793_x03584_y01024.png,51793_x03584_y01024.tif,0.0,0
51793,4096,1024,51793_x04096_y01024.png,51793_x04096_y01024.png,51793_x04096_y01024.tif,0.0,0
51793,0,1536,51793_x00000_y01536.png,51793_x00000_y01536.png,51793_x00000_y01536.tif,0.0,0
51793,512,1536,51793_x00512_y01536.png,51793_x00512_y01536.png,51793_x00512_y01536.tif,0.0,0
51793,1024,1536,51793_x01024_y01536.png,51793_x01024_y01536.png,51793_x01024_y01536.tif,0.0,0
51793,1536,1536,51793_x01536_y01536.png,51793_x01536_y01536.png,51793_x01536_y01536.tif,0.0,0
51793,2048,1536,51793_x02048_y01536.png,51793_x02048_y01536.png,51793_x02048_y01536.tif,0.0,0
51793,2560,1536,51793_x02560_y01536.png,51793_x02560_y01536.png,51793_x02560_y01536.tif,0.0,0
51793,3072,1536,51793_x03072_y01536.png,51793_x03072_y01536.png,51793_x03072_y01536.tif,0.0,0
51793,3584,1536,51793_x03584_y01536.png,51793_x03584_y01536.png,51793_x03584_y01536.tif,0.0,0
51793,4096,1536,51793_x04096_y01536.png,51793_x04096_y01536.png,51793_x04096_y01536.tif,0.0,0
51793,0,2048,51793_x00000_y02048.png,51793_x00000_y02048.png,51793_x00000_y02048.tif,0.0,0
51793,512,2048,51793_x00512_y02048.png,51793_x00512_y02048.png,51793_x00512_y02048.tif,0.0,0
51793,1024,2048,51793_x01024_y02048.png,51793_x01024_y02048.png,51793_x01024_y02048.tif,0.0,0
51793,1536,2048,51793_x01536_y02048.png,51793_x01536_y02048.png,51793_x01536_y02048.tif,0.0,0
51793,2048,2048,51793_x02048_y02048.png,51793_x02048_y02048.png,51793_x02048_y02048.tif,0.0,0
51793,2560,2048,51793_x02560_y02048.png,51793_x02560_y02048.png,51793_x02560_y02048.tif,0.0,0
51793,3072,2048,51793_x03072_y02048.png,51793_x03072_y02048.png,51793_x03072_y02048.tif,0.0,0
51793,3584,2048,51793_x03584_y02048.png,51793_x03584_y02048.png,51793_x03584_y02048.tif,0.0,0
51793,4096,2048,51793_x04096_y02048.png,51793_x04096_y02048.png,51793_x04096_y02048.tif,0.0,0
51793,0,2560,51793_x00000_y02560.png,51793_x00000_y02560.png,51793_x00000_y02560.tif,0.0,0
51793,512,2560,51793_x00512_y02560.png,51793_x00512_y02560.png,51793_x00512_y02560.tif,0.0,0
51793,1024,2560,51793_x01024_y02560.png,51793_x01024_y02560.png,51793_x01024_y02560.tif,0.0,0
51793,1536,2560,51793_x01536_y02560.png,51793_x01536_y02560.png,51793_x01536_y02560.tif,0.00281524658203125,738
51793,2048,2560,51793_x02048_y02560.png,51793_x02048_y02560.png,51793_x02048_y02560.tif,0.00934600830078125,2450
51793,2560,2560,51793_x02560_y02560.png,51793_x02560_y02560.png,51793_x02560_y02560.tif,0.0,0
51793,3072,2560,51793_x03072_y02560.png,51793_x03072_y02560.png,51793_x03072_y02560.tif,0.0,0
51793,3584,2560,51793_x03584_y02560.png,51793_x03584_y02560.png,51793_x03584_y02560.tif,0.0,0
51793,4096,2560,51793_x04096_y02560.png,51793_x04096_y02560.png,51793_x04096_y02560.tif,0.0,0
51793,0,3072,51793_x00000_y03072.png,51793_x00000_y03072.png,51793_x00000_y03072.tif,0.0,0
51793,512,3072,51793_x00512_y03072.png,51793_x00512_y03072.png,51793_x00512_y03072.tif,0.0,0
51793,1024,3072,51793_x01024_y03072.png,51793_x01024_y03072.png,51793_x01024_y03072.tif,0.0,0
51793,1536,3072,51793_x01536_y03072.png,51793_x01536_y03072.png,51793_x01536_y03072.tif,0.0,0
51793,2048,3072,51793_x02048_y03072.png,51793_x02048_y03072.png,51793_x02048_y03072.tif,0.0,0
51793,2560,3072,51793_x02560_y03072.png,51793_x02560_y03072.png,51793_x02560_y03072.tif,0.0,0
51793,3072,3072,51793_x03072_y03072.png,51793_x03072_y03072.png,51793_x03072_y03072.tif,0.0,0
51793,3584,3072,51793_x03584_y03072.png,51793_x03584_y03072.png,51793_x03584_y03072.tif,0.0,0
51793,4096,3072,51793_x04096_y03072.png,51793_x04096_y03072.png,51793_x04096_y03072.tif,0.0,0
51793,0,3584,51793_x00000_y03584.png,51793_x00000_y03584.png,51793_x00000_y03584.tif,0.0,0
51793,512,3584,51793_x00512_y03584.png,51793_x00512_y03584.png,51793_x00512_y03584.tif,0.0,0
51793,1024,3584,51793_x01024_y03584.png,51793_x01024_y03584.png,51793_x01024_y03584.tif,0.0,0
51793,1536,3584,51793_x01536_y03584.png,51793_x01536_y03584.png,51793_x01536_y03584.tif,0.0,0
51793,2048,3584,51793_x02048_y03584.png,51793_x02048_y03584.png,51793_x02048_y03584.tif,0.0,0
51793,2560,3584,51793_x02560_y03584.png,51793_x02560_y03584.png,51793_x02560_y03584.tif,0.0,0
51793,3072,3584,51793_x03072_y03584.png,51793_x03072_y03584.png,51793_x03072_y03584.tif,0.0,0
51793,3584,3584,51793_x03584_y03584.png,51793_x03584_y03584.png,51793_x03584_y03584.tif,0.0,0
51793,4096,3584,51793_x04096_y03584.png,51793_x04096_y03584.png,51793_x04096_y03584.tif,0.0,0
51793,0,4096,51793_x00000_y04096.png,51793_x00000_y04096.png,51793_x00000_y04096.tif,0.0,0
51793,512,4096,51793_x00512_y04096.png,51793_x00512_y04096.png,51793_x00512_y04096.tif,0.0,0
51793,1024,4096,51793_x01024_y04096.png,51793_x01024_y04096.png,51793_x01024_y04096.tif,0.0,0
51793,1536,4096,51793_x01536_y04096.png,51793_x01536_y04096.png,51793_x01536_y04096.tif,0.0,0
51793,2048,4096,51793_x02048_y04096.png,51793_x02048_y04096.png,51793_x02048_y04096.tif,0.0,0
51793,2560,4096,51793_x02560_y04096.png,51793_x02560_y04096.png,51793_x02560_y04096.tif,0.0,0
51793,3072,4096,51793_x03072_y04096.png,51793_x03072_y04096.png,51793_x03072_y04096.tif,0.0,0
51793,3584,4096,51793_x03584_y04096.png,51793_x03584_y04096.png,51793_x03584_y04096.tif,0.0,0
51793,4096,4096,51793_x04096_y04096.png,51793_x04096_y04096.png,51793_x04096_y04096.tif,0.0,0
64213,0,0,64213_x00000_y00000.png,64213_x00000_y00000.png,64213_x00000_y00000.tif,0.0,0
64213,512,0,64213_x00512_y00000.png,64213_x00512_y00000.png,64213_x00512_y00000.tif,0.0,0
64213,1024,0,64213_x01024_y00000.png,64213_x01024_y00000.png,64213_x01024_y00000.tif,0.0,0
64213,1536,0,64213_x01536_y00000.png,64213_x01536_y00000.png,64213_x01536_y00000.tif,0.0,0
64213,2048,0,64213_x02048_y00000.png,64213_x02048_y00000.png,64213_x02048_y00000.tif,0.0,0
64213,2560,0,64213_x02560_y00000.png,64213_x02560_y00000.png,64213_x02560_y00000.tif,0.0,0
64213,3072,0,64213_x03072_y00000.png,64213_x03072_y00000.png,64213_x03072_y00000.tif,0.0,0
64213,3584,0,64213_x03584_y00000.png,64213_x03584_y00000.png,64213_x03584_y00000.tif,0.0,0
64213,4096,0,64213_x04096_y00000.png,64213_x04096_y00000.png,64213_x04096_y00000.tif,0.0,0
64213,0,512,64213_x00000_y00512.png,64213_x00000_y00512.png,64213_x00000_y00512.tif,0.0,0
64213,512,512,64213_x00512_y00512.png,64213_x00512_y00512.png,64213_x00512_y00512.tif,0.0,0
64213,1024,512,64213_x01024_y00512.png,64213_x01024_y00512.png,64213_x01024_y00512.tif,0.0,0
64213,1536,512,64213_x01536_y00512.png,64213_x01536_y00512.png,64213_x01536_y00512.tif,0.0,0
64213,2048,512,64213_x02048_y00512.png,64213_x02048_y00512.png,64213_x02048_y00512.tif,0.0,0
64213,2560,512,64213_x02560_y00512.png,64213_x02560_y00512.png,64213_x02560_y00512.tif,0.0,0
64213,3072,512,64213_x03072_y00512.png,64213_x03072_y00512.png,64213_x03072_y00512.tif,0.0,0
64213,3584,512,64213_x03584_y00512.png,64213_x03584_y00512.png,64213_x03584_y00512.tif,0.0,0
64213,4096,512,64213_x04096_y00512.png,64213_x04096_y00512.png,64213_x04096_y00512.tif,0.0,0
64213,0,1024,64213_x00000_y01024.png,64213_x00000_y01024.png,64213_x00000_y01024.tif,0.0,0
64213,512,1024,64213_x00512_y01024.png,64213_x00512_y01024.png,64213_x00512_y01024.tif,0.0,0
64213,1024,1024,64213_x01024_y01024.png,64213_x01024_y01024.png,64213_x01024_y01024.tif,0.0,0
64213,1536,1024,64213_x01536_y01024.png,64213_x01536_y01024.png,64213_x01536_y01024.tif,0.0,0
64213,2048,1024,64213_x02048_y01024.png,64213_x02048_y01024.png,64213_x02048_y01024.tif,0.0,0
64213,2560,1024,64213_x02560_y01024.png,64213_x02560_y01024.png,64213_x02560_y01024.tif,0.0,0
64213,3072,1024,64213_x03072_y01024.png,64213_x03072_y01024.png,64213_x03072_y01024.tif,0.0,0
64213,3584,1024,64213_x03584_y01024.png,64213_x03584_y01024.png,64213_x03584_y01024.tif,0.0,0
64213,4096,1024,64213_x04096_y01024.png,64213_x04096_y01024.png,64213_x04096_y01024.tif,0.0,0
64213,0,1536,64213_x00000_y01536.png,64213_x00000_y01536.png,64213_x00000_y01536.tif,0.0,0
64213,512,1536,64213_x00512_y01536.png,64213_x00512_y01536.png,64213_x00512_y01536.tif,0.0,0
64213,1024,1536,64213_x01024_y01536.png,64213_x01024_y01536.png,64213_x01024_y01536.tif,0.0,0
64213,1536,1536,64213_x01536_y01536.png,64213_x01536_y01536.png,64213_x01536_y01536.tif,0.0,0
64213,2048,1536,64213_x02048_y01536.png,64213_x02048_y01536.png,64213_x02048_y01536.tif,0.0,0
64213,2560,1536,64213_x02560_y01536.png,64213_x02560_y01536.png,64213_x02560_y01536.tif,0.0,0
64213,3072,1536,64213_x03072_y01536.png,64213_x03072_y01536.png,64213_x03072_y01536.tif,0.0,0
64213,3584,1536,64213_x03584_y01536.png,64213_x03584_y01536.png,64213_x03584_y01536.tif,0.015995025634765625,4193
64213,4096,1536,64213_x04096_y01536.png,64213_x04096_y01536.png,64213_x04096_y01536.tif,0.0,0
64213,0,2048,64213_x00000_y02048.png,64213_x00000_y02048.png,64213_x00000_y02048.tif,0.0,0
64213,512,2048,64213_x00512_y02048.png,64213_x00512_y02048.png,64213_x00512_y02048.tif,0.0,0
64213,1024,2048,64213_x01024_y02048.png,64213_x01024_y02048.png,64213_x01024_y02048.tif,0.0,0
64213,1536,2048,64213_x01536_y02048.png,64213_x01536_y02048.png,64213_x01536_y02048.tif,0.0,0
64213,2048,2048,64213_x02048_y02048.png,64213_x02048_y02048.png,64213_x02048_y02048.tif,0.0,0
64213,2560,2048,64213_x02560_y02048.png,64213_x02560_y02048.png,64213_x02560_y02048.tif,0.0,0
64213,3072,2048,64213_x03072_y02048.png,64213_x03072_y02048.png,64213_x03072_y02048.tif,0.0,0
64213,3584,2048,64213_x03584_y02048.png,64213_x03584_y02048.png,64213_x03584_y02048.tif,0.0,0
64213,4096,2048,64213_x04096_y02048.png,64213_x04096_y02048.png,64213_x04096_y02048.tif,0.0,0
64213,0,2560,64213_x00000_y02560.png,64213_x00000_y02560.png,64213_x00000_y02560.tif,0.0,0
64213,512,2560,64213_x00512_y02560.png,64213_x00512_y02560.png,64213_x00512_y02560.tif,0.0,0
64213,1024,2560,64213_x01024_y02560.png,64213_x01024_y02560.png,64213_x01024_y02560.tif,0.0,0
64213,1536,2560,64213_x01536_y02560.png,64213_x01536_y02560.png,64213_x01536_y02560.tif,0.0,0
64213,2048,2560,64213_x02048_y02560.png,64213_x02048_y02560.png,64213_x02048_y02560.tif,0.0,0
64213,2560,2560,64213_x02560_y02560.png,64213_x02560_y02560.png,64213_x02560_y02560.tif,0.0,0
64213,3072,2560,64213_x03072_y02560.png,64213_x03072_y02560.png,64213_x03072_y02560.tif,0.0,0
64213,3584,2560,64213_x03584_y02560.png,64213_x03584_y02560.png,64213_x03584_y02560.tif,0.0,0
64213,4096,2560,64213_x04096_y02560.png,64213_x04096_y02560.png,64213_x04096_y02560.tif,0.0,0
64213,0,3072,64213_x00000_y03072.png,64213_x00000_y03072.png,64213_x00000_y03072.tif,0.0,0
64213,512,3072,64213_x00512_y03072.png,64213_x00512_y03072.png,64213_x00512_y03072.tif,0.0,0
64213,1024,3072,64213_x01024_y03072.png,64213_x01024_y03072.png,64213_x01024_y03072.tif,0.0,0
64213,1536,3072,64213_x01536_y03072.png,64213_x01536_y03072.png,64213_x01536_y03072.tif,0.0,0
64213,2048,3072,64213_x02048_y03072.png,64213_x02048_y03072.png,64213_x02048_y03072.tif,0.0,0
64213,2560,3072,64213_x02560_y03072.png,64213_x02560_y03072.png,64213_x02560_y03072.tif,0.0,0
64213,3072,3072,64213_x03072_y03072.png,64213_x03072_y03072.png,64213_x03072_y03072.tif,0.0,0
64213,3584,3072,64213_x03584_y03072.png,64213_x03584_y03072.png,64213_x03584_y03072.tif,0.0,0
64213,4096,3072,64213_x04096_y03072.png,64213_x04096_y03072.png,64213_x04096_y03072.tif,0.0,0
64213,0,3584,64213_x00000_y03584.png,64213_x00000_y03584.png,64213_x00000_y03584.tif,0.0,0
64213,512,3584,64213_x00512_y03584.png,64213_x00512_y03584.png,64213_x00512_y03584.tif,0.0,0
64213,1024,3584,64213_x01024_y03584.png,64213_x01024_y03584.png,64213_x01024_y03584.tif,0.0,0
64213,1536,3584,64213_x01536_y03584.png,64213_x01536_y03584.png,64213_x01536_y03584.tif,0.0,0
64213,2048,3584,64213_x02048_y03584.png,64213_x02048_y03584.png,64213_x02048_y03584.tif,0.0,0
64213,2560,3584,64213_x02560_y03584.png,64213_x02560_y03584.png,64213_x02560_y03584.tif,0.0,0
64213,3072,3584,64213_x03072_y03584.png,64213_x03072_y03584.png,64213_x03072_y03584.tif,0.0,0
64213,3584,3584,64213_x03584_y03584.png,64213_x03584_y03584.png,64213_x03584_y03584.tif,0.0,0
64213,4096,3584,64213_x04096_y03584.png,64213_x04096_y03584.png,64213_x04096_y03584.tif,0.0,0
64213,0,4096,64213_x00000_y04096.png,64213_x00000_y04096.png,64213_x00000_y04096.tif,0.0,0
64213,512,4096,64213_x00512_y04096.png,64213_x00512_y04096.png,64213_x00512_y04096.tif,0.0,0
64213,1024,4096,64213_x01024_y04096.png,64213_x01024_y04096.png,64213_x01024_y04096.tif,0.0,0
64213,1536,4096,64213_x01536_y04096.png,64213_x01536_y04096.png,64213_x01536_y04096.tif,0.0,0
64213,2048,4096,64213_x02048_y04096.png,64213_x02048_y04096.png,64213_x02048_y04096.tif,0.0,0
64213,2560,4096,64213_x02560_y04096.png,64213_x02560_y04096.png,64213_x02560_y04096.tif,0.0,0
64213,3072,4096,64213_x03072_y04096.png,64213_x03072_y04096.png,64213_x03072_y04096.tif,0.0,0
64213,3584,4096,64213_x03584_y04096.png,64213_x03584_y04096.png,64213_x03584_y04096.tif,0.0,0
64213,4096,4096,64213_x04096_y04096.png,64213_x04096_y04096.png,64213_x04096_y04096.tif,0.0,0
64051,0,0,64051_x00000_y00000.png,64051_x00000_y00000.png,64051_x00000_y00000.tif,0.0,0
64051,512,0,64051_x00512_y00000.png,64051_x00512_y00000.png,64051_x00512_y00000.tif,0.0,0
64051,1024,0,64051_x01024_y00000.png,64051_x01024_y00000.png,64051_x01024_y00000.tif,0.0,0
64051,1536,0,64051_x01536_y00000.png,64051_x01536_y00000.png,64051_x01536_y00000.tif,0.0,0
64051,2048,0,64051_x02048_y00000.png,64051_x02048_y00000.png,64051_x02048_y00000.tif,0.0,0
64051,2560,0,64051_x02560_y00000.png,64051_x02560_y00000.png,64051_x02560_y00000.tif,0.0,0
64051,3072,0,64051_x03072_y00000.png,64051_x03072_y00000.png,64051_x03072_y00000.tif,0.0,0
64051,3584,0,64051_x03584_y00000.png,64051_x03584_y00000.png,64051_x03584_y00000.tif,0.0,0
64051,4096,0,64051_x04096_y00000.png,64051_x04096_y00000.png,64051_x04096_y00000.tif,0.0,0
64051,0,512,64051_x00000_y00512.png,64051_x00000_y00512.png,64051_x00000_y00512.tif,0.0,0
64051,512,512,64051_x00512_y00512.png,64051_x00512_y00512.png,64051_x00512_y00512.tif,0.0,0
64051,1024,512,64051_x01024_y00512.png,64051_x01024_y00512.png,64051_x01024_y00512.tif,0.0,0
64051,1536,512,64051_x01536_y00512.png,64051_x01536_y00512.png,64051_x01536_y00512.tif,0.0,0
64051,2048,512,64051_x02048_y00512.png,64051_x02048_y00512.png,64051_x02048_y00512.tif,0.0,0
64051,2560,512,64051_x02560_y00512.png,64051_x02560_y00512.png,64051_x02560_y00512.tif,0.0,0
64051,3072,512,64051_x03072_y00512.png,64051_x03072_y00512.png,64051_x03072_y00512.tif,0.0,0
64051,3584,512,64051_x03584_y00512.png,64051_x03584_y00512.png,64051_x03584_y00512.tif,0.0,0
64051,4096,512,64051_x04096_y00512.png,64051_x04096_y00512.png,64051_x04096_y00512.tif,0.0,0
64051,0,1024,64051_x00000_y01024.png,64051_x00000_y01024.png,64051_x00000_y01024.tif,0.0,0
64051,512,1024,64051_x00512_y01024.png,64051_x00512_y01024.png,64051_x00512_y01024.tif,0.0,0
64051,1024,1024,64051_x01024_y01024.png,64051_x01024_y01024.png,64051_x01024_y01024.tif,0.0,0
64051,1536,1024,64051_x01536_y01024.png,64051_x01536_y01024.png,64051_x01536_y01024.tif,0.0,0
64051,2048,1024,64051_x02048_y01024.png,64051_x02048_y01024.png,64051_x02048_y01024.tif,0.0,0
64051,2560,1024,64051_x02560_y01024.png,64051_x02560_y01024.png,64051_x02560_y01024.tif,0.0,0
64051,3072,1024,64051_x03072_y01024.png,64051_x03072_y01024.png,64051_x03072_y01024.tif,0.0,0
64051,3584,1024,64051_x03584_y01024.png,64051_x03584_y01024.png,64051_x03584_y01024.tif,0.0,0
64051,4096,1024,64051_x04096_y01024.png,64051_x04096_y01024.png,64051_x04096_y01024.tif,0.0,0
64051,0,1536,64051_x00000_y01536.png,64051_x00000_y01536.png,64051_x00000_y01536.tif,0.0,0
64051,512,1536,64051_x00512_y01536.png,64051_x00512_y01536.png,64051_x00512_y01536.tif,0.0,0
64051,1024,1536,64051_x01024_y01536.png,64051_x01024_y01536.png,64051_x01024_y01536.tif,0.0,0
64051,1536,1536,64051_x01536_y01536.png,64051_x01536_y01536.png,64051_x01536_y01536.tif,0.0,0
64051,2048,1536,64051_x02048_y01536.png,64051_x02048_y01536.png,64051_x02048_y01536.tif,0.05202484130859375,13638
64051,2560,1536,64051_x02560_y01536.png,64051_x02560_y01536.png,64051_x02560_y01536.tif,0.0,0
64051,3072,1536,64051_x03072_y01536.png,64051_x03072_y01536.png,64051_x03072_y01536.tif,0.0,0
64051,3584,1536,64051_x03584_y01536.png,64051_x03584_y01536.png,64051_x03584_y01536.tif,0.0,0
64051,4096,1536,64051_x04096_y01536.png,64051_x04096_y01536.png,64051_x04096_y01536.tif,0.0,0
64051,0,2048,64051_x00000_y02048.png,64051_x00000_y02048.png,64051_x00000_y02048.tif,0.0,0
64051,512,2048,64051_x00512_y02048.png,64051_x00512_y02048.png,64051_x00512_y02048.tif,0.0,0
64051,1024,2048,64051_x01024_y02048.png,64051_x01024_y02048.png,64051_x01024_y02048.tif,0.0,0
64051,1536,2048,64051_x01536_y02048.png,64051_x01536_y02048.png,64051_x01536_y02048.tif,0.0,0
64051,2048,2048,64051_x02048_y02048.png,64051_x02048_y02048.png,64051_x02048_y02048.tif,0.0,0
64051,2560,2048,64051_x02560_y02048.png,64051_x02560_y02048.png,64051_x02560_y02048.tif,0.0,0
64051,3072,2048,64051_x03072_y02048.png,64051_x03072_y02048.png,64051_x03072_y02048.tif,0.0,0
64051,3584,2048,64051_x03584_y02048.png,64051_x03584_y02048.png,64051_x03584_y02048.tif,0.0,0
64051,4096,2048,64051_x04096_y02048.png,64051_x04096_y02048.png,64051_x04096_y02048.tif,0.0,0
64051,0,2560,64051_x00000_y02560.png,64051_x00000_y02560.png,64051_x00000_y02560.tif,0.0,0
64051,512,2560,64051_x00512_y02560.png,64051_x00512_y02560.png,64051_x00512_y02560.tif,0.0,0
64051,1024,2560,64051_x01024_y02560.png,64051_x01024_y02560.png,64051_x01024_y02560.tif,0.0,0
64051,1536,2560,64051_x01536_y02560.png,64051_x01536_y02560.png,64051_x01536_y02560.tif,0.0,0
64051,2048,2560,64051_x02048_y02560.png,64051_x02048_y02560.png,64051_x02048_y02560.tif,0.0,0
64051,2560,2560,64051_x02560_y02560.png,64051_x02560_y02560.png,64051_x02560_y02560.tif,0.0,0
64051,3072,2560,64051_x03072_y02560.png,64051_x03072_y02560.png,64051_x03072_y02560.tif,0.0,0
64051,3584,2560,64051_x03584_y02560.png,64051_x03584_y02560.png,64051_x03584_y02560.tif,0.0,0
64051,4096,2560,64051_x04096_y02560.png,64051_x04096_y02560.png,64051_x04096_y02560.tif,0.0,0
64051,0,3072,64051_x00000_y03072.png,64051_x00000_y03072.png,64051_x00000_y03072.tif,0.0,0
64051,512,3072,64051_x00512_y03072.png,64051_x00512_y03072.png,64051_x00512_y03072.tif,0.0,0
64051,1024,3072,64051_x01024_y03072.png,64051_x01024_y03072.png,64051_x01024_y03072.tif,0.0,0
64051,1536,3072,64051_x01536_y03072.png,64051_x01536_y03072.png,64051_x01536_y03072.tif,0.0,0
64051,2048,3072,64051_x02048_y03072.png,64051_x02048_y03072.png,64051_x02048_y03072.tif,0.0,0
64051,2560,3072,64051_x02560_y03072.png,64051_x02560_y03072.png,64051_x02560_y03072.tif,0.0,0
64051,3072,3072,64051_x03072_y03072.png,64051_x03072_y03072.png,64051_x03072_y03072.tif,0.0,0
64051,3584,3072,64051_x03584_y03072.png,64051_x03584_y03072.png,64051_x03584_y03072.tif,0.0,0
64051,4096,3072,64051_x04096_y03072.png,64051_x04096_y03072.png,64051_x04096_y03072.tif,0.0,0
64051,0,3584,64051_x00000_y03584.png,64051_x00000_y03584.png,64051_x00000_y03584.tif,0.0,0
64051,512,3584,64051_x00512_y03584.png,64051_x00512_y03584.png,64051_x00512_y03584.tif,0.0,0
64051,1024,3584,64051_x01024_y03584.png,64051_x01024_y03584.png,64051_x01024_y03584.tif,0.0,0
64051,1536,3584,64051_x01536_y03584.png,64051_x01536_y03584.png,64051_x01536_y03584.tif,0.0,0
64051,2048,3584,64051_x02048_y03584.png,64051_x02048_y03584.png,64051_x02048_y03584.tif,0.0,0
64051,2560,3584,64051_x02560_y03584.png,64051_x02560_y03584.png,64051_x02560_y03584.tif,0.0,0
64051,3072,3584,64051_x03072_y03584.png,64051_x03072_y03584.png,64051_x03072_y03584.tif,0.0,0
64051,3584,3584,64051_x03584_y03584.png,64051_x03584_y03584.png,64051_x03584_y03584.tif,0.0,0
64051,4096,3584,64051_x04096_y03584.png,64051_x04096_y03584.png,64051_x04096_y03584.tif,0.0,0
64051,0,4096,64051_x00000_y04096.png,64051_x00000_y04096.png,64051_x00000_y04096.tif,0.0,0
64051,512,4096,64051_x00512_y04096.png,64051_x00512_y04096.png,64051_x00512_y04096.tif,0.0,0
64051,1024,4096,64051_x01024_y04096.png,64051_x01024_y04096.png,64051_x01024_y04096.tif,0.0,0
64051,1536,4096,64051_x01536_y04096.png,64051_x01536_y04096.png,64051_x01536_y04096.tif,0.0,0
64051,2048,4096,64051_x02048_y04096.png,64051_x02048_y04096.png,64051_x02048_y04096.tif,0.0,0
64051,2560,4096,64051_x02560_y04096.png,64051_x02560_y04096.png,64051_x02560_y04096.tif,0.0,0
64051,3072,4096,64051_x03072_y04096.png,64051_x03072_y04096.png,64051_x03072_y04096.tif,0.0,0
64051,3584,4096,64051_x03584_y04096.png,64051_x03584_y04096.png,64051_x03584_y04096.tif,0.0,0
64051,4096,4096,64051_x04096_y04096.png,64051_x04096_y04096.png,64051_x04096_y04096.tif,0.0,0
62393,0,0,62393_x00000_y00000.png,62393_x00000_y00000.png,62393_x00000_y00000.tif,0.0,0
62393,512,0,62393_x00512_y00000.png,62393_x00512_y00000.png,62393_x00512_y00000.tif,0.0,0
62393,1024,0,62393_x01024_y00000.png,62393_x01024_y00000.png,62393_x01024_y00000.tif,0.0,0
62393,1536,0,62393_x01536_y00000.png,62393_x01536_y00000.png,62393_x01536_y00000.tif,0.0,0
62393,2048,0,62393_x02048_y00000.png,62393_x02048_y00000.png,62393_x02048_y00000.tif,0.0,0
62393,2560,0,62393_x02560_y00000.png,62393_x02560_y00000.png,62393_x02560_y00000.tif,0.0,0
62393,3072,0,62393_x03072_y00000.png,62393_x03072_y00000.png,62393_x03072_y00000.tif,0.0,0
62393,3584,0,62393_x03584_y00000.png,62393_x03584_y00000.png,62393_x03584_y00000.tif,0.0,0
62393,4096,0,62393_x04096_y00000.png,62393_x04096_y00000.png,62393_x04096_y00000.tif,0.0,0
62393,0,512,62393_x00000_y00512.png,62393_x00000_y00512.png,62393_x00000_y00512.tif,0.0,0
62393,512,512,62393_x00512_y00512.png,62393_x00512_y00512.png,62393_x00512_y00512.tif,0.0,0
62393,1024,512,62393_x01024_y00512.png,62393_x01024_y00512.png,62393_x01024_y00512.tif,0.0,0
62393,1536,512,62393_x01536_y00512.png,62393_x01536_y00512.png,62393_x01536_y00512.tif,0.0,0
62393,2048,512,62393_x02048_y00512.png,62393_x02048_y00512.png,62393_x02048_y00512.tif,0.0,0
62393,2560,512,62393_x02560_y00512.png,62393_x02560_y00512.png,62393_x02560_y00512.tif,0.0,0
62393,3072,512,62393_x03072_y00512.png,62393_x03072_y00512.png,62393_x03072_y00512.tif,0.0,0
62393,3584,512,62393_x03584_y00512.png,62393_x03584_y00512.png,62393_x03584_y00512.tif,0.0,0
62393,4096,512,62393_x04096_y00512.png,62393_x04096_y00512.png,62393_x04096_y00512.tif,0.0,0
62393,0,1024,62393_x00000_y01024.png,62393_x00000_y01024.png,62393_x00000_y01024.tif,0.0,0
62393,512,1024,62393_x00512_y01024.png,62393_x00512_y01024.png,62393_x00512_y01024.tif,0.0,0
62393,1024,1024,62393_x01024_y01024.png,62393_x01024_y01024.png,62393_x01024_y01024.tif,0.0,0
62393,1536,1024,62393_x01536_y01024.png,62393_x01536_y01024.png,62393_x01536_y01024.tif,0.0,0
62393,2048,1024,62393_x02048_y01024.png,62393_x02048_y01024.png,62393_x02048_y01024.tif,0.0,0
62393,2560,1024,62393_x02560_y01024.png,62393_x02560_y01024.png,62393_x02560_y01024.tif,0.0,0
62393,3072,1024,62393_x03072_y01024.png,62393_x03072_y01024.png,62393_x03072_y01024.tif,0.0,0
62393,3584,1024,62393_x03584_y01024.png,62393_x03584_y01024.png,62393_x03584_y01024.tif,0.0,0
62393,4096,1024,62393_x04096_y01024.png,62393_x04096_y01024.png,62393_x04096_y01024.tif,0.0,0
62393,0,1536,62393_x00000_y01536.png,62393_x00000_y01536.png,62393_x00000_y01536.tif,0.0,0
62393,512,1536,62393_x00512_y01536.png,62393_x00512_y01536.png,62393_x00512_y01536.tif,0.0,0
62393,1024,1536,62393_x01024_y01536.png,62393_x01024_y01536.png,62393_x01024_y01536.tif,0.0,0
62393,1536,1536,62393_x01536_y01536.png,62393_x01536_y01536.png,62393_x01536_y01536.tif,0.0,0
62393,2048,1536,62393_x02048_y01536.png,62393_x02048_y01536.png,62393_x02048_y01536.tif,0.0,0
62393,2560,1536,62393_x02560_y01536.png,62393_x02560_y01536.png,62393_x02560_y01536.tif,0.0,0
62393,3072,1536,62393_x03072_y01536.png,62393_x03072_y01536.png,62393_x03072_y01536.tif,0.0,0
62393,3584,1536,62393_x03584_y01536.png,62393_x03584_y01536.png,62393_x03584_y01536.tif,0.0,0
62393,4096,1536,62393_x04096_y01536.png,62393_x04096_y01536.png,62393_x04096_y01536.tif,0.0,0
62393,0,2048,62393_x00000_y02048.png,62393_x00000_y02048.png,62393_x00000_y02048.tif,0.0,0
62393,512,2048,62393_x00512_y02048.png,62393_x00512_y02048.png,62393_x00512_y02048.tif,0.0,0
62393,1024,2048,62393_x01024_y02048.png,62393_x01024_y02048.png,62393_x01024_y02048.tif,0.0,0
62393,1536,2048,62393_x01536_y02048.png,62393_x01536_y02048.png,62393_x01536_y02048.tif,0.0,0
62393,2048,2048,62393_x02048_y02048.png,62393_x02048_y02048.png,62393_x02048_y02048.tif,0.0,0
62393,2560,2048,62393_x02560_y02048.png,62393_x02560_y02048.png,62393_x02560_y02048.tif,0.0,0
62393,3072,2048,62393_x03072_y02048.png,62393_x03072_y02048.png,62393_x03072_y02048.tif,0.0,0
62393,3584,2048,62393_x03584_y02048.png,62393_x03584_y02048.png,62393_x03584_y02048.tif,0.0,0
62393,4096,2048,62393_x04096_y02048.png,62393_x04096_y02048.png,62393_x04096_y02048.tif,0.0,0
62393,0,2560,62393_x00000_y02560.png,62393_x00000_y02560.png,62393_x00000_y02560.tif,0.0,0
62393,512,2560,62393_x00512_y02560.png,62393_x00512_y02560.png,62393_x00512_y02560.tif,0.0,0
62393,1024,2560,62393_x01024_y02560.png,62393_x01024_y02560.png,62393_x01024_y02560.tif,0.0,0
62393,1536,2560,62393_x01536_y02560.png,62393_x01536_y02560.png,62393_x01536_y02560.tif,0.0,0
62393,2048,2560,62393_x02048_y02560.png,62393_x02048_y02560.png,62393_x02048_y02560.tif,0.0,0
62393,2560,2560,62393_x02560_y02560.png,62393_x02560_y02560.png,62393_x02560_y02560.tif,0.0,0
62393,3072,2560,62393_x03072_y02560.png,62393_x03072_y02560.png,62393_x03072_y02560.tif,0.0,0
62393,3584,2560,62393_x03584_y02560.png,62393_x03584_y02560.png,62393_x03584_y02560.tif,0.0,0
62393,4096,2560,62393_x04096_y02560.png,62393_x04096_y02560.png,62393_x04096_y02560.tif,0.0,0
62393,0,3072,62393_x00000_y03072.png,62393_x00000_y03072.png,62393_x00000_y03072.tif,0.0,0
62393,512,3072,62393_x00512_y03072.png,62393_x00512_y03072.png,62393_x00512_y03072.tif,0.0,0
62393,1024,3072,62393_x01024_y03072.png,62393_x01024_y03072.png,62393_x01024_y03072.tif,0.0,0
62393,1536,3072,62393_x01536_y03072.png,62393_x01536_y03072.png,62393_x01536_y03072.tif,0.0,0
62393,2048,3072,62393_x02048_y03072.png,62393_x02048_y03072.png,62393_x02048_y03072.tif,0.0,0
62393,2560,3072,62393_x02560_y03072.png,62393_x02560_y03072.png,62393_x02560_y03072.tif,0.0,0
62393,3072,3072,62393_x03072_y03072.png,62393_x03072_y03072.png,62393_x03072_y03072.tif,0.0,0
62393,3584,3072,62393_x03584_y03072.png,62393_x03584_y03072.png,62393_x03584_y03072.tif,0.0,0
62393,4096,3072,62393_x04096_y03072.png,62393_x04096_y03072.png,62393_x04096_y03072.tif,0.028034210205078125,7349
62393,0,3584,62393_x00000_y03584.png,62393_x00000_y03584.png,62393_x00000_y03584.tif,0.0,0
62393,512,3584,62393_x00512_y03584.png,62393_x00512_y03584.png,62393_x00512_y03584.tif,0.0,0
62393,1024,3584,62393_x01024_y03584.png,62393_x01024_y03584.png,62393_x01024_y03584.tif,0.0,0
62393,1536,3584,62393_x01536_y03584.png,62393_x01536_y03584.png,62393_x01536_y03584.tif,0.0,0
62393,2048,3584,62393_x02048_y03584.png,62393_x02048_y03584.png,62393_x02048_y03584.tif,0.0,0
62393,2560,3584,62393_x02560_y03584.png,62393_x02560_y03584.png,62393_x02560_y03584.tif,0.0,0
62393,3072,3584,62393_x03072_y03584.png,62393_x03072_y03584.png,62393_x03072_y03584.tif,0.0,0
62393,3584,3584,62393_x03584_y03584.png,62393_x03584_y03584.png,62393_x03584_y03584.tif,0.0,0
62393,4096,3584,62393_x04096_y03584.png,62393_x04096_y03584.png,62393_x04096_y03584.tif,0.0384521484375,10080
62393,0,4096,62393_x00000_y04096.png,62393_x00000_y04096.png,62393_x00000_y04096.tif,0.0,0
62393,512,4096,62393_x00512_y04096.png,62393_x00512_y04096.png,62393_x00512_y04096.tif,0.0,0
62393,1024,4096,62393_x01024_y04096.png,62393_x01024_y04096.png,62393_x01024_y04096.tif,0.0,0
62393,1536,4096,62393_x01536_y04096.png,62393_x01536_y04096.png,62393_x01536_y04096.tif,0.0,0
62393,2048,4096,62393_x02048_y04096.png,62393_x02048_y04096.png,62393_x02048_y04096.tif,0.0,0
62393,2560,4096,62393_x02560_y04096.png,62393_x02560_y04096.png,62393_x02560_y04096.tif,0.0,0
62393,3072,4096,62393_x03072_y04096.png,62393_x03072_y04096.png,62393_x03072_y04096.tif,0.0,0
62393,3584,4096,62393_x03584_y04096.png,62393_x03584_y04096.png,62393_x03584_y04096.tif,0.0,0
62393,4096,4096,62393_x04096_y04096.png,62393_x04096_y04096.png,62393_x04096_y04096.tif,0.0,0
54382,0,0,54382_x00000_y00000.png,54382_x00000_y00000.png,54382_x00000_y00000.tif,0.0,0
54382,512,0,54382_x00512_y00000.png,54382_x00512_y00000.png,54382_x00512_y00000.tif,0.0,0
54382,1024,0,54382_x01024_y00000.png,54382_x01024_y00000.png,54382_x01024_y00000.tif,0.0,0
54382,1536,0,54382_x01536_y00000.png,54382_x01536_y00000.png,54382_x01536_y00000.tif,0.0,0
54382,2048,0,54382_x02048_y00000.png,54382_x02048_y00000.png,54382_x02048_y00000.tif,0.0,0
54382,2560,0,54382_x02560_y00000.png,54382_x02560_y00000.png,54382_x02560_y00000.tif,0.0,0
54382,3072,0,54382_x03072_y00000.png,54382_x03072_y00000.png,54382_x03072_y00000.tif,0.0,0
54382,3584,0,54382_x03584_y00000.png,54382_x03584_y00000.png,54382_x03584_y00000.tif,0.0,0
54382,4096,0,54382_x04096_y00000.png,54382_x04096_y00000.png,54382_x04096_y00000.tif,0.0,0
54382,0,512,54382_x00000_y00512.png,54382_x00000_y00512.png,54382_x00000_y00512.tif,0.0,0
54382,512,512,54382_x00512_y00512.png,54382_x00512_y00512.png,54382_x00512_y00512.tif,0.0,0
54382,1024,512,54382_x01024_y00512.png,54382_x01024_y00512.png,54382_x01024_y00512.tif,0.0,0
54382,1536,512,54382_x01536_y00512.png,54382_x01536_y00512.png,54382_x01536_y00512.tif,0.0,0
54382,2048,512,54382_x02048_y00512.png,54382_x02048_y00512.png,54382_x02048_y00512.tif,0.0,0
54382,2560,512,54382_x02560_y00512.png,54382_x02560_y00512.png,54382_x02560_y00512.tif,0.0,0
54382,3072,512,54382_x03072_y00512.png,54382_x03072_y00512.png,54382_x03072_y00512.tif,0.0,0
54382,3584,512,54382_x03584_y00512.png,54382_x03584_y00512.png,54382_x03584_y00512.tif,0.0,0
54382,4096,512,54382_x04096_y00512.png,54382_x04096_y00512.png,54382_x04096_y00512.tif,0.0,0
54382,0,1024,54382_x00000_y01024.png,54382_x00000_y01024.png,54382_x00000_y01024.tif,0.0,0
54382,512,1024,54382_x00512_y01024.png,54382_x00512_y01024.png,54382_x00512_y01024.tif,0.0,0
54382,1024,1024,54382_x01024_y01024.png,54382_x01024_y01024.png,54382_x01024_y01024.tif,0.0,0
54382,1536,1024,54382_x01536_y01024.png,54382_x01536_y01024.png,54382_x01536_y01024.tif,0.0,0
54382,2048,1024,54382_x02048_y01024.png,54382_x02048_y01024.png,54382_x02048_y01024.tif,0.0,0
54382,2560,1024,54382_x02560_y01024.png,54382_x02560_y01024.png,54382_x02560_y01024.tif,0.0,0
54382,3072,1024,54382_x03072_y01024.png,54382_x03072_y01024.png,54382_x03072_y01024.tif,0.0,0
54382,3584,1024,54382_x03584_y01024.png,54382_x03584_y01024.png,54382_x03584_y01024.tif,0.0,0
54382,4096,1024,54382_x04096_y01024.png,54382_x04096_y01024.png,54382_x04096_y01024.tif,0.0,0
54382,0,1536,54382_x00000_y01536.png,54382_x00000_y01536.png,54382_x00000_y01536.tif,0.0,0
54382,512,1536,54382_x00512_y01536.png,54382_x00512_y01536.png,54382_x00512_y01536.tif,0.0,0
54382,1024,1536,54382_x01024_y01536.png,54382_x01024_y01536.png,54382_x01024_y01536.tif,0.0,0
54382,1536,1536,54382_x01536_y01536.png,54382_x01536_y01536.png,54382_x01536_y01536.tif,0.0,0
54382,2048,1536,54382_x02048_y01536.png,54382_x02048_y01536.png,54382_x02048_y01536.tif,0.0,0
54382,2560,1536,54382_x02560_y01536.png,54382_x02560_y01536.png,54382_x02560_y01536.tif,0.0,0
54382,3072,1536,54382_x03072_y01536.png,54382_x03072_y01536.png,54382_x03072_y01536.tif,0.0,0
54382,3584,1536,54382_x03584_y01536.png,54382_x03584_y01536.png,54382_x03584_y01536.tif,0.0,0
54382,4096,1536,54382_x04096_y01536.png,54382_x04096_y01536.png,54382_x04096_y01536.tif,0.0,0
54382,0,2048,54382_x00000_y02048.png,54382_x00000_y02048.png,54382_x00000_y02048.tif,0.0,0
54382,512,2048,54382_x00512_y02048.png,54382_x00512_y02048.png,54382_x00512_y02048.tif,0.0,0
54382,1024,2048,54382_x01024_y02048.png,54382_x01024_y02048.png,54382_x01024_y02048.tif,0.0,0
54382,1536,2048,54382_x01536_y02048.png,54382_x01536_y02048.png,54382_x01536_y02048.tif,0.0,0
54382,2048,2048,54382_x02048_y02048.png,54382_x02048_y02048.png,54382_x02048_y02048.tif,0.0,0
54382,2560,2048,54382_x02560_y02048.png,54382_x02560_y02048.png,54382_x02560_y02048.tif,0.0,0
54382,3072,2048,54382_x03072_y02048.png,54382_x03072_y02048.png,54382_x03072_y02048.tif,0.0,0
54382,3584,2048,54382_x03584_y02048.png,54382_x03584_y02048.png,54382_x03584_y02048.tif,0.0,0
54382,4096,2048,54382_x04096_y02048.png,54382_x04096_y02048.png,54382_x04096_y02048.tif,0.0,0
54382,0,2560,54382_x00000_y02560.png,54382_x00000_y02560.png,54382_x00000_y02560.tif,0.0,0
54382,512,2560,54382_x00512_y02560.png,54382_x00512_y02560.png,54382_x00512_y02560.tif,0.0,0
54382,1024,2560,54382_x01024_y02560.png,54382_x01024_y02560.png,54382_x01024_y02560.tif,0.0,0
54382,1536,2560,54382_x01536_y02560.png,54382_x01536_y02560.png,54382_x01536_y02560.tif,0.0,0
54382,2048,2560,54382_x02048_y02560.png,54382_x02048_y02560.png,54382_x02048_y02560.tif,0.0,0
54382,2560,2560,54382_x02560_y02560.png,54382_x02560_y02560.png,54382_x02560_y02560.tif,0.0,0
54382,3072,2560,54382_x03072_y02560.png,54382_x03072_y02560.png,54382_x03072_y02560.tif,0.0,0
54382,3584,2560,54382_x03584_y02560.png,54382_x03584_y02560.png,54382_x03584_y02560.tif,0.0,0
54382,4096,2560,54382_x04096_y02560.png,54382_x04096_y02560.png,54382_x04096_y02560.tif,0.00240325927734375,630
54382,0,3072,54382_x00000_y03072.png,54382_x00000_y03072.png,54382_x00000_y03072.tif,0.0,0
54382,512,3072,54382_x00512_y03072.png,54382_x00512_y03072.png,54382_x00512_y03072.tif,0.0,0
54382,1024,3072,54382_x01024_y03072.png,54382_x01024_y03072.png,54382_x01024_y03072.tif,0.0,0
54382,1536,3072,54382_x01536_y03072.png,54382_x01536_y03072.png,54382_x01536_y03072.tif,0.0,0
54382,2048,3072,54382_x02048_y03072.png,54382_x02048_y03072.png,54382_x02048_y03072.tif,0.0,0
54382,2560,3072,54382_x02560_y03072.png,54382_x02560_y03072.png,54382_x02560_y03072.tif,0.0,0
54382,3072,3072,54382_x03072_y03072.png,54382_x03072_y03072.png,54382_x03072_y03072.tif,0.0,0
54382,3584,3072,54382_x03584_y03072.png,54382_x03584_y03072.png,54382_x03584_y03072.tif,0.0,0
54382,4096,3072,54382_x04096_y03072.png,54382_x04096_y03072.png,54382_x04096_y03072.tif,0.0,0
54382,0,3584,54382_x00000_y03584.png,54382_x00000_y03584.png,54382_x00000_y03584.tif,0.0,0
54382,512,3584,54382_x00512_y03584.png,54382_x00512_y03584.png,54382_x00512_y03584.tif,0.0,0
54382,1024,3584,54382_x01024_y03584.png,54382_x01024_y03584.png,54382_x01024_y03584.tif,0.0,0
54382,1536,3584,54382_x01536_y03584.png,54382_x01536_y03584.png,54382_x01536_y03584.tif,0.0,0
54382,2048,3584,54382_x02048_y03584.png,54382_x02048_y03584.png,54382_x02048_y03584.tif,0.0,0
54382,2560,3584,54382_x02560_y03584.png,54382_x02560_y03584.png,54382_x02560_y03584.tif,0.0,0
54382,3072,3584,54382_x03072_y03584.png,54382_x03072_y03584.png,54382_x03072_y03584.tif,0.0,0
54382,3584,3584,54382_x03584_y03584.png,54382_x03584_y03584.png,54382_x03584_y03584.tif,0.0,0
54382,4096,3584,54382_x04096_y03584.png,54382_x04096_y03584.png,54382_x04096_y03584.tif,0.0,0
54382,0,4096,54382_x00000_y04096.png,54382_x00000_y04096.png,54382_x00000_y04096.tif,0.0,0
54382,512,4096,54382_x00512_y04096.png,54382_x00512_y04096.png,54382_x00512_y04096.tif,0.0,0
54382,1024,4096,54382_x01024_y04096.png,54382_x01024_y04096.png,54382_x01024_y04096.tif,0.0,0
54382,1536,4096,54382_x01536_y04096.png,54382_x01536_y04096.png,54382_x01536_y04096.tif,0.0,0
54382,2048,4096,54382_x02048_y04096.png,54382_x02048_y04096.png,54382_x02048_y04096.tif,0.0,0
54382,2560,4096,54382_x02560_y04096.png,54382_x02560_y04096.png,54382_x02560_y04096.tif,0.0,0
54382,3072,4096,54382_x03072_y04096.png,54382_x03072_y04096.png,54382_x03072_y04096.tif,0.0,0
54382,3584,4096,54382_x03584_y04096.png,54382_x03584_y04096.png,54382_x03584_y04096.tif,0.0,0
54382,4096,4096,54382_x04096_y04096.png,54382_x04096_y04096.png,54382_x04096_y04096.tif,0.0,0
63351,0,0,63351_x00000_y00000.png,63351_x00000_y00000.png,63351_x00000_y00000.tif,0.0,0
63351,512,0,63351_x00512_y00000.png,63351_x00512_y00000.png,63351_x00512_y00000.tif,0.0,0
63351,1024,0,63351_x01024_y00000.png,63351_x01024_y00000.png,63351_x01024_y00000.tif,0.0,0
63351,1536,0,63351_x01536_y00000.png,63351_x01536_y00000.png,63351_x01536_y00000.tif,0.0,0
63351,2048,0,63351_x02048_y00000.png,63351_x02048_y00000.png,63351_x02048_y00000.tif,0.0,0
63351,2560,0,63351_x02560_y00000.png,63351_x02560_y00000.png,63351_x02560_y00000.tif,0.0,0
63351,3072,0,63351_x03072_y00000.png,63351_x03072_y00000.png,63351_x03072_y00000.tif,0.0,0
63351,3584,0,63351_x03584_y00000.png,63351_x03584_y00000.png,63351_x03584_y00000.tif,0.0,0
63351,4096,0,63351_x04096_y00000.png,63351_x04096_y00000.png,63351_x04096_y00000.tif,0.0034027099609375,892
63351,0,512,63351_x00000_y00512.png,63351_x00000_y00512.png,63351_x00000_y00512.tif,0.0,0
63351,512,512,63351_x00512_y00512.png,63351_x00512_y00512.png,63351_x00512_y00512.tif,0.0,0
63351,1024,512,63351_x01024_y00512.png,63351_x01024_y00512.png,63351_x01024_y00512.tif,0.0,0
63351,1536,512,63351_x01536_y00512.png,63351_x01536_y00512.png,63351_x01536_y00512.tif,0.0,0
63351,2048,512,63351_x02048_y00512.png,63351_x02048_y00512.png,63351_x02048_y00512.tif,0.0,0
63351,2560,512,63351_x02560_y00512.png,63351_x02560_y00512.png,63351_x02560_y00512.tif,0.0,0
63351,3072,512,63351_x03072_y00512.png,63351_x03072_y00512.png,63351_x03072_y00512.tif,0.0,0
63351,3584,512,63351_x03584_y00512.png,63351_x03584_y00512.png,63351_x03584_y00512.tif,0.0,0
63351,4096,512,63351_x04096_y00512.png,63351_x04096_y00512.png,63351_x04096_y00512.tif,0.0,0
63351,0,1024,63351_x00000_y01024.png,63351_x00000_y01024.png,63351_x00000_y01024.tif,0.0,0
63351,512,1024,63351_x00512_y01024.png,63351_x00512_y01024.png,63351_x00512_y01024.tif,0.03832244873046875,10046
63351,1024,1024,63351_x01024_y01024.png,63351_x01024_y01024.png,63351_x01024_y01024.tif,0.0,0
63351,1536,1024,63351_x01536_y01024.png,63351_x01536_y01024.png,63351_x01536_y01024.tif,0.0,0
63351,2048,1024,63351_x02048_y01024.png,63351_x02048_y01024.png,63351_x02048_y01024.tif,0.0,0
63351,2560,1024,63351_x02560_y01024.png,63351_x02560_y01024.png,63351_x02560_y01024.tif,0.0,0
63351,3072,1024,63351_x03072_y01024.png,63351_x03072_y01024.png,63351_x03072_y01024.tif,0.0,0
63351,3584,1024,63351_x03584_y01024.png,63351_x03584_y01024.png,63351_x03584_y01024.tif,0.0,0
63351,4096,1024,63351_x04096_y01024.png,63351_x04096_y01024.png,63351_x04096_y01024.tif,0.0,0
63351,0,1536,63351_x00000_y01536.png,63351_x00000_y01536.png,63351_x00000_y01536.tif,0.0,0
63351,512,1536,63351_x00512_y01536.png,63351_x00512_y01536.png,63351_x00512_y01536.tif,0.06679153442382812,17509
63351,1024,1536,63351_x01024_y01536.png,63351_x01024_y01536.png,63351_x01024_y01536.tif,0.0,0
63351,1536,1536,63351_x01536_y01536.png,63351_x01536_y01536.png,63351_x01536_y01536.tif,0.0,0
63351,2048,1536,63351_x02048_y01536.png,63351_x02048_y01536.png,63351_x02048_y01536.tif,0.0,0
63351,2560,1536,63351_x02560_y01536.png,63351_x02560_y01536.png,63351_x02560_y01536.tif,0.0,0
63351,3072,1536,63351_x03072_y01536.png,63351_x03072_y01536.png,63351_x03072_y01536.tif,0.0,0
63351,3584,1536,63351_x03584_y01536.png,63351_x03584_y01536.png,63351_x03584_y01536.tif,0.0,0
63351,4096,1536,63351_x04096_y01536.png,63351_x04096_y01536.png,63351_x04096_y01536.tif,0.0,0
63351,0,2048,63351_x00000_y02048.png,63351_x00000_y02048.png,63351_x00000_y02048.tif,0.00022125244140625,58
63351,512,2048,63351_x00512_y02048.png,63351_x00512_y02048.png,63351_x00512_y02048.tif,0.042682647705078125,11189
63351,1024,2048,63351_x01024_y02048.png,63351_x01024_y02048.png,63351_x01024_y02048.tif,0.000553131103515625,145
63351,1536,2048,63351_x01536_y02048.png,63351_x01536_y02048.png,63351_x01536_y02048.tif,0.0,0
63351,2048,2048,63351_x02048_y02048.png,63351_x02048_y02048.png,63351_x02048_y02048.tif,0.0,0
63351,2560,2048,63351_x02560_y02048.png,63351_x02560_y02048.png,63351_x02560_y02048.tif,0.0,0
63351,3072,2048,63351_x03072_y02048.png,63351_x03072_y02048.png,63351_x03072_y02048.tif,0.0,0
63351,3584,2048,63351_x03584_y02048.png,63351_x03584_y02048.png,63351_x03584_y02048.tif,0.0,0
63351,4096,2048,63351_x04096_y02048.png,63351_x04096_y02048.png,63351_x04096_y02048.tif,0.0,0
63351,0,2560,63351_x00000_y02560.png,63351_x00000_y02560.png,63351_x00000_y02560.tif,0.2823677062988281,74021
63351,512,2560,63351_x00512_y02560.png,63351_x00512_y02560.png,63351_x00512_y02560.tif,0.0063629150390625,1668
63351,1024,2560,63351_x01024_y02560.png,63351_x01024_y02560.png,63351_x01024_y02560.tif,0.007297515869140625,1913
63351,1536,2560,63351_x01536_y02560.png,63351_x01536_y02560.png,63351_x01536_y02560.tif,0.0,0
63351,2048,2560,63351_x02048_y02560.png,63351_x02048_y02560.png,63351_x02048_y02560.tif,0.0,0
63351,2560,2560,63351_x02560_y02560.png,63351_x02560_y02560.png,63351_x02560_y02560.tif,0.0,0
63351,3072,2560,63351_x03072_y02560.png,63351_x03072_y02560.png,63351_x03072_y02560.tif,0.0,0
63351,3584,2560,63351_x03584_y02560.png,63351_x03584_y02560.png,63351_x03584_y02560.tif,0.0,0
63351,4096,2560,63351_x04096_y02560.png,63351_x04096_y02560.png,63351_x04096_y02560.tif,0.0,0
63351,0,3072,63351_x00000_y03072.png,63351_x00000_y03072.png,63351_x00000_y03072.tif,0.2693824768066406,70617
63351,512,3072,63351_x00512_y03072.png,63351_x00512_y03072.png,63351_x00512_y03072.tif,0.0,0
63351,1024,3072,63351_x01024_y03072.png,63351_x01024_y03072.png,63351_x01024_y03072.tif,0.0,0
63351,1536,3072,63351_x01536_y03072.png,63351_x01536_y03072.png,63351_x01536_y03072.tif,0.0,0
63351,2048,3072,63351_x02048_y03072.png,63351_x02048_y03072.png,63351_x02048_y03072.tif,0.0,0
63351,2560,3072,63351_x02560_y03072.png,63351_x02560_y03072.png,63351_x02560_y03072.tif,0.0,0
63351,3072,3072,63351_x03072_y03072.png,63351_x03072_y03072.png,63351_x03072_y03072.tif,0.0,0
63351,3584,3072,63351_x03584_y03072.png,63351_x03584_y03072.png,63351_x03584_y03072.tif,0.0,0
63351,4096,3072,63351_x04096_y03072.png,63351_x04096_y03072.png,63351_x04096_y03072.tif,0.0,0
63351,0,3584,63351_x00000_y03584.png,63351_x00000_y03584.png,63351_x00000_y03584.tif,0.006748199462890625,1769
63351,512,3584,63351_x00512_y03584.png,63351_x00512_y03584.png,63351_x00512_y03584.tif,0.0,0
63351,1024,3584,63351_x01024_y03584.png,63351_x01024_y03584.png,63351_x01024_y03584.tif,0.0,0
63351,1536,3584,63351_x01536_y03584.png,63351_x01536_y03584.png,63351_x01536_y03584.tif,0.0,0
63351,2048,3584,63351_x02048_y03584.png,63351_x02048_y03584.png,63351_x02048_y03584.tif,0.0,0
63351,2560,3584,63351_x02560_y03584.png,63351_x02560_y03584.png,63351_x02560_y03584.tif,0.0,0
63351,3072,3584,63351_x03072_y03584.png,63351_x03072_y03584.png,63351_x03072_y03584.tif,0.0,0
63351,3584,3584,63351_x03584_y03584.png,63351_x03584_y03584.png,63351_x03584_y03584.tif,0.0,0
63351,4096,3584,63351_x04096_y03584.png,63351_x04096_y03584.png,63351_x04096_y03584.tif,0.0,0
63351,0,4096,63351_x00000_y04096.png,63351_x00000_y04096.png,63351_x00000_y04096.tif,0.0,0
63351,512,4096,63351_x00512_y04096.png,63351_x00512_y04096.png,63351_x00512_y04096.tif,0.0,0
63351,1024,4096,63351_x01024_y04096.png,63351_x01024_y04096.png,63351_x01024_y04096.tif,0.022045135498046875,5779
63351,1536,4096,63351_x01536_y04096.png,63351_x01536_y04096.png,63351_x01536_y04096.tif,0.0154266357421875,4044
63351,2048,4096,63351_x02048_y04096.png,63351_x02048_y04096.png,63351_x02048_y04096.tif,0.0,0
63351,2560,4096,63351_x02560_y04096.png,63351_x02560_y04096.png,63351_x02560_y04096.tif,0.0,0
63351,3072,4096,63351_x03072_y04096.png,63351_x03072_y04096.png,63351_x03072_y04096.tif,0.0,0
63351,3584,4096,63351_x03584_y04096.png,63351_x03584_y04096.png,63351_x03584_y04096.tif,0.0,0
63351,4096,4096,63351_x04096_y04096.png,63351_x04096_y04096.png,63351_x04096_y04096.tif,0.0,0
64714,0,0,64714_x00000_y00000.png,64714_x00000_y00000.png,64714_x00000_y00000.tif,0.0,0
64714,512,0,64714_x00512_y00000.png,64714_x00512_y00000.png,64714_x00512_y00000.tif,0.0,0
64714,1024,0,64714_x01024_y00000.png,64714_x01024_y00000.png,64714_x01024_y00000.tif,0.0,0
64714,1536,0,64714_x01536_y00000.png,64714_x01536_y00000.png,64714_x01536_y00000.tif,0.0,0
64714,2048,0,64714_x02048_y00000.png,64714_x02048_y00000.png,64714_x02048_y00000.tif,0.0,0
64714,2560,0,64714_x02560_y00000.png,64714_x02560_y00000.png,64714_x02560_y00000.tif,0.0,0
64714,3072,0,64714_x03072_y00000.png,64714_x03072_y00000.png,64714_x03072_y00000.tif,0.0,0
64714,3584,0,64714_x03584_y00000.png,64714_x03584_y00000.png,64714_x03584_y00000.tif,0.0,0
64714,4096,0,64714_x04096_y00000.png,64714_x04096_y00000.png,64714_x04096_y00000.tif,0.0,0
64714,0,512,64714_x00000_y00512.png,64714_x00000_y00512.png,64714_x00000_y00512.tif,0.0,0
64714,512,512,64714_x00512_y00512.png,64714_x00512_y00512.png,64714_x00512_y00512.tif,0.0,0
64714,1024,512,64714_x01024_y00512.png,64714_x01024_y00512.png,64714_x01024_y00512.tif,0.0,0
64714,1536,512,64714_x01536_y00512.png,64714_x01536_y00512.png,64714_x01536_y00512.tif,0.0,0
64714,2048,512,64714_x02048_y00512.png,64714_x02048_y00512.png,64714_x02048_y00512.tif,0.0,0
64714,2560,512,64714_x02560_y00512.png,64714_x02560_y00512.png,64714_x02560_y00512.tif,0.0,0
64714,3072,512,64714_x03072_y00512.png,64714_x03072_y00512.png,64714_x03072_y00512.tif,0.0,0
64714,3584,512,64714_x03584_y00512.png,64714_x03584_y00512.png,64714_x03584_y00512.tif,0.0,0
64714,4096,512,64714_x04096_y00512.png,64714_x04096_y00512.png,64714_x04096_y00512.tif,0.0,0
64714,0,1024,64714_x00000_y01024.png,64714_x00000_y01024.png,64714_x00000_y01024.tif,0.0,0
64714,512,1024,64714_x00512_y01024.png,64714_x00512_y01024.png,64714_x00512_y01024.tif,0.0,0
64714,1024,1024,64714_x01024_y01024.png,64714_x01024_y01024.png,64714_x01024_y01024.tif,0.0,0
64714,1536,1024,64714_x01536_y01024.png,64714_x01536_y01024.png,64714_x01536_y01024.tif,0.0,0
64714,2048,1024,64714_x02048_y01024.png,64714_x02048_y01024.png,64714_x02048_y01024.tif,0.0,0
64714,2560,1024,64714_x02560_y01024.png,64714_x02560_y01024.png,64714_x02560_y01024.tif,0.0,0
64714,3072,1024,64714_x03072_y01024.png,64714_x03072_y01024.png,64714_x03072_y01024.tif,0.0,0
64714,3584,1024,64714_x03584_y01024.png,64714_x03584_y01024.png,64714_x03584_y01024.tif,0.0,0
64714,4096,1024,64714_x04096_y01024.png,64714_x04096_y01024.png,64714_x04096_y01024.tif,0.0,0
64714,0,1536,64714_x00000_y01536.png,64714_x00000_y01536.png,64714_x00000_y01536.tif,0.0,0
64714,512,1536,64714_x00512_y01536.png,64714_x00512_y01536.png,64714_x00512_y01536.tif,0.0,0
64714,1024,1536,64714_x01024_y01536.png,64714_x01024_y01536.png,64714_x01024_y01536.tif,0.0,0
64714,1536,1536,64714_x01536_y01536.png,64714_x01536_y01536.png,64714_x01536_y01536.tif,0.0,0
64714,2048,1536,64714_x02048_y01536.png,64714_x02048_y01536.png,64714_x02048_y01536.tif,0.0,0
64714,2560,1536,64714_x02560_y01536.png,64714_x02560_y01536.png,64714_x02560_y01536.tif,0.0,0
64714,3072,1536,64714_x03072_y01536.png,64714_x03072_y01536.png,64714_x03072_y01536.tif,0.0,0
64714,3584,1536,64714_x03584_y01536.png,64714_x03584_y01536.png,64714_x03584_y01536.tif,0.0,0
64714,4096,1536,64714_x04096_y01536.png,64714_x04096_y01536.png,64714_x04096_y01536.tif,0.0,0
64714,0,2048,64714_x00000_y02048.png,64714_x00000_y02048.png,64714_x00000_y02048.tif,0.0,0
64714,512,2048,64714_x00512_y02048.png,64714_x00512_y02048.png,64714_x00512_y02048.tif,0.0,0
64714,1024,2048,64714_x01024_y02048.png,64714_x01024_y02048.png,64714_x01024_y02048.tif,0.0,0
64714,1536,2048,64714_x01536_y02048.png,64714_x01536_y02048.png,64714_x01536_y02048.tif,0.0,0
64714,2048,2048,64714_x02048_y02048.png,64714_x02048_y02048.png,64714_x02048_y02048.tif,0.0,0
64714,2560,2048,64714_x02560_y02048.png,64714_x02560_y02048.png,64714_x02560_y02048.tif,0.0,0
64714,3072,2048,64714_x03072_y02048.png,64714_x03072_y02048.png,64714_x03072_y02048.tif,0.0,0
64714,3584,2048,64714_x03584_y02048.png,64714_x03584_y02048.png,64714_x03584_y02048.tif,0.0,0
64714,4096,2048,64714_x04096_y02048.png,64714_x04096_y02048.png,64714_x04096_y02048.tif,0.0,0
64714,0,2560,64714_x00000_y02560.png,64714_x00000_y02560.png,64714_x00000_y02560.tif,0.0,0
64714,512,2560,64714_x00512_y02560.png,64714_x00512_y02560.png,64714_x00512_y02560.tif,0.0,0
64714,1024,2560,64714_x01024_y02560.png,64714_x01024_y02560.png,64714_x01024_y02560.tif,0.0,0
64714,1536,2560,64714_x01536_y02560.png,64714_x01536_y02560.png,64714_x01536_y02560.tif,0.0,0
64714,2048,2560,64714_x02048_y02560.png,64714_x02048_y02560.png,64714_x02048_y02560.tif,0.0,0
64714,2560,2560,64714_x02560_y02560.png,64714_x02560_y02560.png,64714_x02560_y02560.tif,0.0,0
64714,3072,2560,64714_x03072_y02560.png,64714_x03072_y02560.png,64714_x03072_y02560.tif,0.0,0
64714,3584,2560,64714_x03584_y02560.png,64714_x03584_y02560.png,64714_x03584_y02560.tif,0.0,0
64714,4096,2560,64714_x04096_y02560.png,64714_x04096_y02560.png,64714_x04096_y02560.tif,0.0,0
64714,0,3072,64714_x00000_y03072.png,64714_x00000_y03072.png,64714_x00000_y03072.tif,0.0,0
64714,512,3072,64714_x00512_y03072.png,64714_x00512_y03072.png,64714_x00512_y03072.tif,0.0,0
64714,1024,3072,64714_x01024_y03072.png,64714_x01024_y03072.png,64714_x01024_y03072.tif,1.52587890625e-05,4
64714,1536,3072,64714_x01536_y03072.png,64714_x01536_y03072.png,64714_x01536_y03072.tif,0.0,0
64714,2048,3072,64714_x02048_y03072.png,64714_x02048_y03072.png,64714_x02048_y03072.tif,0.0,0
64714,2560,3072,64714_x02560_y03072.png,64714_x02560_y03072.png,64714_x02560_y03072.tif,0.0,0
64714,3072,3072,64714_x03072_y03072.png,64714_x03072_y03072.png,64714_x03072_y03072.tif,0.0,0
64714,3584,3072,64714_x03584_y03072.png,64714_x03584_y03072.png,64714_x03584_y03072.tif,0.0,0
64714,4096,3072,64714_x04096_y03072.png,64714_x04096_y03072.png,64714_x04096_y03072.tif,0.0,0
64714,0,3584,64714_x00000_y03584.png,64714_x00000_y03584.png,64714_x00000_y03584.tif,0.0,0
64714,512,3584,64714_x00512_y03584.png,64714_x00512_y03584.png,64714_x00512_y03584.tif,0.0,0
64714,1024,3584,64714_x01024_y03584.png,64714_x01024_y03584.png,64714_x01024_y03584.tif,0.008876800537109375,2327
64714,1536,3584,64714_x01536_y03584.png,64714_x01536_y03584.png,64714_x01536_y03584.tif,0.0,0
64714,2048,3584,64714_x02048_y03584.png,64714_x02048_y03584.png,64714_x02048_y03584.tif,0.0,0
64714,2560,3584,64714_x02560_y03584.png,64714_x02560_y03584.png,64714_x02560_y03584.tif,0.0,0
64714,3072,3584,64714_x03072_y03584.png,64714_x03072_y03584.png,64714_x03072_y03584.tif,0.0,0
64714,3584,3584,64714_x03584_y03584.png,64714_x03584_y03584.png,64714_x03584_y03584.tif,0.0,0
64714,4096,3584,64714_x04096_y03584.png,64714_x04096_y03584.png,64714_x04096_y03584.tif,0.0,0
64714,0,4096,64714_x00000_y04096.png,64714_x00000_y04096.png,64714_x00000_y04096.tif,0.0,0
64714,512,4096,64714_x00512_y04096.png,64714_x00512_y04096.png,64714_x00512_y04096.tif,0.0,0
64714,1024,4096,64714_x01024_y04096.png,64714_x01024_y04096.png,64714_x01024_y04096.tif,0.0,0
64714,1536,4096,64714_x01536_y04096.png,64714_x01536_y04096.png,64714_x01536_y04096.tif,0.0,0
64714,2048,4096,64714_x02048_y04096.png,64714_x02048_y04096.png,64714_x02048_y04096.tif,0.0,0
64714,2560,4096,64714_x02560_y04096.png,64714_x02560_y04096.png,64714_x02560_y04096.tif,0.0,0
64714,3072,4096,64714_x03072_y04096.png,64714_x03072_y04096.png,64714_x03072_y04096.tif,0.0,0
64714,3584,4096,64714_x03584_y04096.png,64714_x03584_y04096.png,64714_x03584_y04096.tif,0.0,0
64714,4096,4096,64714_x04096_y04096.png,64714_x04096_y04096.png,64714_x04096_y04096.tif,0.0,0
63341,0,0,63341_x00000_y00000.png,63341_x00000_y00000.png,63341_x00000_y00000.tif,0.0,0
63341,512,0,63341_x00512_y00000.png,63341_x00512_y00000.png,63341_x00512_y00000.tif,0.0,0
63341,1024,0,63341_x01024_y00000.png,63341_x01024_y00000.png,63341_x01024_y00000.tif,0.0,0
63341,1536,0,63341_x01536_y00000.png,63341_x01536_y00000.png,63341_x01536_y00000.tif,0.0,0
63341,2048,0,63341_x02048_y00000.png,63341_x02048_y00000.png,63341_x02048_y00000.tif,0.0,0
63341,2560,0,63341_x02560_y00000.png,63341_x02560_y00000.png,63341_x02560_y00000.tif,0.0,0
63341,3072,0,63341_x03072_y00000.png,63341_x03072_y00000.png,63341_x03072_y00000.tif,0.0,0
63341,3584,0,63341_x03584_y00000.png,63341_x03584_y00000.png,63341_x03584_y00000.tif,0.0,0
63341,4096,0,63341_x04096_y00000.png,63341_x04096_y00000.png,63341_x04096_y00000.tif,0.0,0
63341,0,512,63341_x00000_y00512.png,63341_x00000_y00512.png,63341_x00000_y00512.tif,0.0,0
63341,512,512,63341_x00512_y00512.png,63341_x00512_y00512.png,63341_x00512_y00512.tif,0.0,0
63341,1024,512,63341_x01024_y00512.png,63341_x01024_y00512.png,63341_x01024_y00512.tif,0.0,0
63341,1536,512,63341_x01536_y00512.png,63341_x01536_y00512.png,63341_x01536_y00512.tif,0.0,0
63341,2048,512,63341_x02048_y00512.png,63341_x02048_y00512.png,63341_x02048_y00512.tif,0.0,0
63341,2560,512,63341_x02560_y00512.png,63341_x02560_y00512.png,63341_x02560_y00512.tif,0.0,0
63341,3072,512,63341_x03072_y00512.png,63341_x03072_y00512.png,63341_x03072_y00512.tif,0.0,0
63341,3584,512,63341_x03584_y00512.png,63341_x03584_y00512.png,63341_x03584_y00512.tif,0.0,0
63341,4096,512,63341_x04096_y00512.png,63341_x04096_y00512.png,63341_x04096_y00512.tif,0.0,0
63341,0,1024,63341_x00000_y01024.png,63341_x00000_y01024.png,63341_x00000_y01024.tif,0.0,0
63341,512,1024,63341_x00512_y01024.png,63341_x00512_y01024.png,63341_x00512_y01024.tif,0.0,0
63341,1024,1024,63341_x01024_y01024.png,63341_x01024_y01024.png,63341_x01024_y01024.tif,0.0,0
63341,1536,1024,63341_x01536_y01024.png,63341_x01536_y01024.png,63341_x01536_y01024.tif,0.0,0
63341,2048,1024,63341_x02048_y01024.png,63341_x02048_y01024.png,63341_x02048_y01024.tif,0.0,0
63341,2560,1024,63341_x02560_y01024.png,63341_x02560_y01024.png,63341_x02560_y01024.tif,0.0,0
63341,3072,1024,63341_x03072_y01024.png,63341_x03072_y01024.png,63341_x03072_y01024.tif,0.0,0
63341,3584,1024,63341_x03584_y01024.png,63341_x03584_y01024.png,63341_x03584_y01024.tif,0.0,0
63341,4096,1024,63341_x04096_y01024.png,63341_x04096_y01024.png,63341_x04096_y01024.tif,0.0,0
63341,0,1536,63341_x00000_y01536.png,63341_x00000_y01536.png,63341_x00000_y01536.tif,0.0,0
63341,512,1536,63341_x00512_y01536.png,63341_x00512_y01536.png,63341_x00512_y01536.tif,0.0,0
63341,1024,1536,63341_x01024_y01536.png,63341_x01024_y01536.png,63341_x01024_y01536.tif,0.0,0
63341,1536,1536,63341_x01536_y01536.png,63341_x01536_y01536.png,63341_x01536_y01536.tif,0.0,0
63341,2048,1536,63341_x02048_y01536.png,63341_x02048_y01536.png,63341_x02048_y01536.tif,0.0,0
63341,2560,1536,63341_x02560_y01536.png,63341_x02560_y01536.png,63341_x02560_y01536.tif,0.0,0
63341,3072,1536,63341_x03072_y01536.png,63341_x03072_y01536.png,63341_x03072_y01536.tif,0.0,0
63341,3584,1536,63341_x03584_y01536.png,63341_x03584_y01536.png,63341_x03584_y01536.tif,0.0,0
63341,4096,1536,63341_x04096_y01536.png,63341_x04096_y01536.png,63341_x04096_y01536.tif,0.0,0
63341,0,2048,63341_x00000_y02048.png,63341_x00000_y02048.png,63341_x00000_y02048.tif,0.0,0
63341,512,2048,63341_x00512_y02048.png,63341_x00512_y02048.png,63341_x00512_y02048.tif,0.0,0
63341,1024,2048,63341_x01024_y02048.png,63341_x01024_y02048.png,63341_x01024_y02048.tif,0.0,0
63341,1536,2048,63341_x01536_y02048.png,63341_x01536_y02048.png,63341_x01536_y02048.tif,0.0,0
63341,2048,2048,63341_x02048_y02048.png,63341_x02048_y02048.png,63341_x02048_y02048.tif,0.0,0
63341,2560,2048,63341_x02560_y02048.png,63341_x02560_y02048.png,63341_x02560_y02048.tif,0.0,0
63341,3072,2048,63341_x03072_y02048.png,63341_x03072_y02048.png,63341_x03072_y02048.tif,0.0,0
63341,3584,2048,63341_x03584_y02048.png,63341_x03584_y02048.png,63341_x03584_y02048.tif,0.0,0
63341,4096,2048,63341_x04096_y02048.png,63341_x04096_y02048.png,63341_x04096_y02048.tif,0.0,0
63341,0,2560,63341_x00000_y02560.png,63341_x00000_y02560.png,63341_x00000_y02560.tif,0.0,0
63341,512,2560,63341_x00512_y02560.png,63341_x00512_y02560.png,63341_x00512_y02560.tif,0.0,0
63341,1024,2560,63341_x01024_y02560.png,63341_x01024_y02560.png,63341_x01024_y02560.tif,0.0,0
63341,1536,2560,63341_x01536_y02560.png,63341_x01536_y02560.png,63341_x01536_y02560.tif,0.0,0
63341,2048,2560,63341_x02048_y02560.png,63341_x02048_y02560.png,63341_x02048_y02560.tif,0.0,0
63341,2560,2560,63341_x02560_y02560.png,63341_x02560_y02560.png,63341_x02560_y02560.tif,0.0,0
63341,3072,2560,63341_x03072_y02560.png,63341_x03072_y02560.png,63341_x03072_y02560.tif,0.0,0
63341,3584,2560,63341_x03584_y02560.png,63341_x03584_y02560.png,63341_x03584_y02560.tif,0.0,0
63341,4096,2560,63341_x04096_y02560.png,63341_x04096_y02560.png,63341_x04096_y02560.tif,0.0,0
63341,0,3072,63341_x00000_y03072.png,63341_x00000_y03072.png,63341_x00000_y03072.tif,0.0,0
63341,512,3072,63341_x00512_y03072.png,63341_x00512_y03072.png,63341_x00512_y03072.tif,0.0,0
63341,1024,3072,63341_x01024_y03072.png,63341_x01024_y03072.png,63341_x01024_y03072.tif,0.0,0
63341,1536,3072,63341_x01536_y03072.png,63341_x01536_y03072.png,63341_x01536_y03072.tif,0.0,0
63341,2048,3072,63341_x02048_y03072.png,63341_x02048_y03072.png,63341_x02048_y03072.tif,0.0,0
63341,2560,3072,63341_x02560_y03072.png,63341_x02560_y03072.png,63341_x02560_y03072.tif,0.0,0
63341,3072,3072,63341_x03072_y03072.png,63341_x03072_y03072.png,63341_x03072_y03072.tif,0.0,0
63341,3584,3072,63341_x03584_y03072.png,63341_x03584_y03072.png,63341_x03584_y03072.tif,0.0,0
63341,4096,3072,63341_x04096_y03072.png,63341_x04096_y03072.png,63341_x04096_y03072.tif,0.0,0
63341,0,3584,63341_x00000_y03584.png,63341_x00000_y03584.png,63341_x00000_y03584.tif,0.0,0
63341,512,3584,63341_x00512_y03584.png,63341_x00512_y03584.png,63341_x00512_y03584.tif,0.0,0
63341,1024,3584,63341_x01024_y03584.png,63341_x01024_y03584.png,63341_x01024_y03584.tif,0.0,0
63341,1536,3584,63341_x01536_y03584.png,63341_x01536_y03584.png,63341_x01536_y03584.tif,0.0,0
63341,2048,3584,63341_x02048_y03584.png,63341_x02048_y03584.png,63341_x02048_y03584.tif,0.0,0
63341,2560,3584,63341_x02560_y03584.png,63341_x02560_y03584.png,63341_x02560_y03584.tif,0.0,0
63341,3072,3584,63341_x03072_y03584.png,63341_x03072_y03584.png,63341_x03072_y03584.tif,0.0,0
63341,3584,3584,63341_x03584_y03584.png,63341_x03584_y03584.png,63341_x03584_y03584.tif,0.0,0
63341,4096,3584,63341_x04096_y03584.png,63341_x04096_y03584.png,63341_x04096_y03584.tif,0.0,0
63341,0,4096,63341_x00000_y04096.png,63341_x00000_y04096.png,63341_x00000_y04096.tif,0.0,0
63341,512,4096,63341_x00512_y04096.png,63341_x00512_y04096.png,63341_x00512_y04096.tif,0.02040863037109375,5350
63341,1024,4096,63341_x01024_y04096.png,63341_x01024_y04096.png,63341_x01024_y04096.tif,0.0,0
63341,1536,4096,63341_x01536_y04096.png,63341_x01536_y04096.png,63341_x01536_y04096.tif,0.0,0
63341,2048,4096,63341_x02048_y04096.png,63341_x02048_y04096.png,63341_x02048_y04096.tif,0.0,0
63341,2560,4096,63341_x02560_y04096.png,63341_x02560_y04096.png,63341_x02560_y04096.tif,0.0,0
63341,3072,4096,63341_x03072_y04096.png,63341_x03072_y04096.png,63341_x03072_y04096.tif,0.0,0
63341,3584,4096,63341_x03584_y04096.png,63341_x03584_y04096.png,63341_x03584_y04096.tif,0.0,0
63341,4096,4096,63341_x04096_y04096.png,63341_x04096_y04096.png,63341_x04096_y04096.tif,0.0,0
64143,0,0,64143_x00000_y00000.png,64143_x00000_y00000.png,64143_x00000_y00000.tif,0.0,0
64143,512,0,64143_x00512_y00000.png,64143_x00512_y00000.png,64143_x00512_y00000.tif,0.0,0
64143,1024,0,64143_x01024_y00000.png,64143_x01024_y00000.png,64143_x01024_y00000.tif,0.0,0
64143,1536,0,64143_x01536_y00000.png,64143_x01536_y00000.png,64143_x01536_y00000.tif,0.0,0
64143,2048,0,64143_x02048_y00000.png,64143_x02048_y00000.png,64143_x02048_y00000.tif,0.0,0
64143,2560,0,64143_x02560_y00000.png,64143_x02560_y00000.png,64143_x02560_y00000.tif,0.0,0
64143,3072,0,64143_x03072_y00000.png,64143_x03072_y00000.png,64143_x03072_y00000.tif,0.0,0
64143,3584,0,64143_x03584_y00000.png,64143_x03584_y00000.png,64143_x03584_y00000.tif,0.0,0
64143,4096,0,64143_x04096_y00000.png,64143_x04096_y00000.png,64143_x04096_y00000.tif,0.0,0
64143,0,512,64143_x00000_y00512.png,64143_x00000_y00512.png,64143_x00000_y00512.tif,0.0,0
64143,512,512,64143_x00512_y00512.png,64143_x00512_y00512.png,64143_x00512_y00512.tif,0.0,0
64143,1024,512,64143_x01024_y00512.png,64143_x01024_y00512.png,64143_x01024_y00512.tif,0.0,0
64143,1536,512,64143_x01536_y00512.png,64143_x01536_y00512.png,64143_x01536_y00512.tif,0.0,0
64143,2048,512,64143_x02048_y00512.png,64143_x02048_y00512.png,64143_x02048_y00512.tif,0.0,0
64143,2560,512,64143_x02560_y00512.png,64143_x02560_y00512.png,64143_x02560_y00512.tif,0.0,0
64143,3072,512,64143_x03072_y00512.png,64143_x03072_y00512.png,64143_x03072_y00512.tif,0.0,0
64143,3584,512,64143_x03584_y00512.png,64143_x03584_y00512.png,64143_x03584_y00512.tif,0.0,0
64143,4096,512,64143_x04096_y00512.png,64143_x04096_y00512.png,64143_x04096_y00512.tif,0.0,0
64143,0,1024,64143_x00000_y01024.png,64143_x00000_y01024.png,64143_x00000_y01024.tif,0.0,0
64143,512,1024,64143_x00512_y01024.png,64143_x00512_y01024.png,64143_x00512_y01024.tif,0.0,0
64143,1024,1024,64143_x01024_y01024.png,64143_x01024_y01024.png,64143_x01024_y01024.tif,0.0,0
64143,1536,1024,64143_x01536_y01024.png,64143_x01536_y01024.png,64143_x01536_y01024.tif,0.0,0
64143,2048,1024,64143_x02048_y01024.png,64143_x02048_y01024.png,64143_x02048_y01024.tif,0.0,0
64143,2560,1024,64143_x02560_y01024.png,64143_x02560_y01024.png,64143_x02560_y01024.tif,0.0,0
64143,3072,1024,64143_x03072_y01024.png,64143_x03072_y01024.png,64143_x03072_y01024.tif,0.0,0
64143,3584,1024,64143_x03584_y01024.png,64143_x03584_y01024.png,64143_x03584_y01024.tif,0.0,0
64143,4096,1024,64143_x04096_y01024.png,64143_x04096_y01024.png,64143_x04096_y01024.tif,0.0,0
64143,0,1536,64143_x00000_y01536.png,64143_x00000_y01536.png,64143_x00000_y01536.tif,0.0,0
64143,512,1536,64143_x00512_y01536.png,64143_x00512_y01536.png,64143_x00512_y01536.tif,0.0,0
64143,1024,1536,64143_x01024_y01536.png,64143_x01024_y01536.png,64143_x01024_y01536.tif,0.0,0
64143,1536,1536,64143_x01536_y01536.png,64143_x01536_y01536.png,64143_x01536_y01536.tif,0.0,0
64143,2048,1536,64143_x02048_y01536.png,64143_x02048_y01536.png,64143_x02048_y01536.tif,0.0,0
64143,2560,1536,64143_x02560_y01536.png,64143_x02560_y01536.png,64143_x02560_y01536.tif,0.0,0
64143,3072,1536,64143_x03072_y01536.png,64143_x03072_y01536.png,64143_x03072_y01536.tif,0.0,0
64143,3584,1536,64143_x03584_y01536.png,64143_x03584_y01536.png,64143_x03584_y01536.tif,0.0,0
64143,4096,1536,64143_x04096_y01536.png,64143_x04096_y01536.png,64143_x04096_y01536.tif,0.0,0
64143,0,2048,64143_x00000_y02048.png,64143_x00000_y02048.png,64143_x00000_y02048.tif,0.0,0
64143,512,2048,64143_x00512_y02048.png,64143_x00512_y02048.png,64143_x00512_y02048.tif,0.0,0
64143,1024,2048,64143_x01024_y02048.png,64143_x01024_y02048.png,64143_x01024_y02048.tif,0.0,0
64143,1536,2048,64143_x01536_y02048.png,64143_x01536_y02048.png,64143_x01536_y02048.tif,0.0,0
64143,2048,2048,64143_x02048_y02048.png,64143_x02048_y02048.png,64143_x02048_y02048.tif,0.0,0
64143,2560,2048,64143_x02560_y02048.png,64143_x02560_y02048.png,64143_x02560_y02048.tif,0.0,0
64143,3072,2048,64143_x03072_y02048.png,64143_x03072_y02048.png,64143_x03072_y02048.tif,0.0,0
64143,3584,2048,64143_x03584_y02048.png,64143_x03584_y02048.png,64143_x03584_y02048.tif,0.0,0
64143,4096,2048,64143_x04096_y02048.png,64143_x04096_y02048.png,64143_x04096_y02048.tif,0.0,0
64143,0,2560,64143_x00000_y02560.png,64143_x00000_y02560.png,64143_x00000_y02560.tif,0.0,0
64143,512,2560,64143_x00512_y02560.png,64143_x00512_y02560.png,64143_x00512_y02560.tif,0.0,0
64143,1024,2560,64143_x01024_y02560.png,64143_x01024_y02560.png,64143_x01024_y02560.tif,0.0,0
64143,1536,2560,64143_x01536_y02560.png,64143_x01536_y02560.png,64143_x01536_y02560.tif,0.0,0
64143,2048,2560,64143_x02048_y02560.png,64143_x02048_y02560.png,64143_x02048_y02560.tif,0.0,0
64143,2560,2560,64143_x02560_y02560.png,64143_x02560_y02560.png,64143_x02560_y02560.tif,0.0,0
64143,3072,2560,64143_x03072_y02560.png,64143_x03072_y02560.png,64143_x03072_y02560.tif,0.0,0
64143,3584,2560,64143_x03584_y02560.png,64143_x03584_y02560.png,64143_x03584_y02560.tif,0.0,0
64143,4096,2560,64143_x04096_y02560.png,64143_x04096_y02560.png,64143_x04096_y02560.tif,0.0,0
64143,0,3072,64143_x00000_y03072.png,64143_x00000_y03072.png,64143_x00000_y03072.tif,0.0,0
64143,512,3072,64143_x00512_y03072.png,64143_x00512_y03072.png,64143_x00512_y03072.tif,0.0,0
64143,1024,3072,64143_x01024_y03072.png,64143_x01024_y03072.png,64143_x01024_y03072.tif,0.0,0
64143,1536,3072,64143_x01536_y03072.png,64143_x01536_y03072.png,64143_x01536_y03072.tif,0.0,0
64143,2048,3072,64143_x02048_y03072.png,64143_x02048_y03072.png,64143_x02048_y03072.tif,0.0,0
64143,2560,3072,64143_x02560_y03072.png,64143_x02560_y03072.png,64143_x02560_y03072.tif,0.0,0
64143,3072,3072,64143_x03072_y03072.png,64143_x03072_y03072.png,64143_x03072_y03072.tif,0.0,0
64143,3584,3072,64143_x03584_y03072.png,64143_x03584_y03072.png,64143_x03584_y03072.tif,0.0,0
64143,4096,3072,64143_x04096_y03072.png,64143_x04096_y03072.png,64143_x04096_y03072.tif,0.00823974609375,2160
64143,0,3584,64143_x00000_y03584.png,64143_x00000_y03584.png,64143_x00000_y03584.tif,0.0,0
64143,512,3584,64143_x00512_y03584.png,64143_x00512_y03584.png,64143_x00512_y03584.tif,0.0,0
64143,1024,3584,64143_x01024_y03584.png,64143_x01024_y03584.png,64143_x01024_y03584.tif,0.0,0
64143,1536,3584,64143_x01536_y03584.png,64143_x01536_y03584.png,64143_x01536_y03584.tif,0.0,0
64143,2048,3584,64143_x02048_y03584.png,64143_x02048_y03584.png,64143_x02048_y03584.tif,0.0,0
64143,2560,3584,64143_x02560_y03584.png,64143_x02560_y03584.png,64143_x02560_y03584.tif,0.0,0
64143,3072,3584,64143_x03072_y03584.png,64143_x03072_y03584.png,64143_x03072_y03584.tif,0.0,0
64143,3584,3584,64143_x03584_y03584.png,64143_x03584_y03584.png,64143_x03584_y03584.tif,0.0,0
64143,4096,3584,64143_x04096_y03584.png,64143_x04096_y03584.png,64143_x04096_y03584.tif,0.0,0
64143,0,4096,64143_x00000_y04096.png,64143_x00000_y04096.png,64143_x00000_y04096.tif,0.0,0
64143,512,4096,64143_x00512_y04096.png,64143_x00512_y04096.png,64143_x00512_y04096.tif,0.0,0
64143,1024,4096,64143_x01024_y04096.png,64143_x01024_y04096.png,64143_x01024_y04096.tif,0.0,0
64143,1536,4096,64143_x01536_y04096.png,64143_x01536_y04096.png,64143_x01536_y04096.tif,0.0,0
64143,2048,4096,64143_x02048_y04096.png,64143_x02048_y04096.png,64143_x02048_y04096.tif,0.0,0
64143,2560,4096,64143_x02560_y04096.png,64143_x02560_y04096.png,64143_x02560_y04096.tif,0.0,0
64143,3072,4096,64143_x03072_y04096.png,64143_x03072_y04096.png,64143_x03072_y04096.tif,0.0,0
64143,3584,4096,64143_x03584_y04096.png,64143_x03584_y04096.png,64143_x03584_y04096.tif,0.0,0
64143,4096,4096,64143_x04096_y04096.png,64143_x04096_y04096.png,64143_x04096_y04096.tif,0.0,0
62072,0,0,62072_x00000_y00000.png,62072_x00000_y00000.png,62072_x00000_y00000.tif,0.0,0
62072,512,0,62072_x00512_y00000.png,62072_x00512_y00000.png,62072_x00512_y00000.tif,0.0,0
62072,1024,0,62072_x01024_y00000.png,62072_x01024_y00000.png,62072_x01024_y00000.tif,0.0,0
62072,1536,0,62072_x01536_y00000.png,62072_x01536_y00000.png,62072_x01536_y00000.tif,0.0,0
62072,2048,0,62072_x02048_y00000.png,62072_x02048_y00000.png,62072_x02048_y00000.tif,0.0,0
62072,2560,0,62072_x02560_y00000.png,62072_x02560_y00000.png,62072_x02560_y00000.tif,0.0,0
62072,3072,0,62072_x03072_y00000.png,62072_x03072_y00000.png,62072_x03072_y00000.tif,0.0,0
62072,3584,0,62072_x03584_y00000.png,62072_x03584_y00000.png,62072_x03584_y00000.tif,0.0,0
62072,4096,0,62072_x04096_y00000.png,62072_x04096_y00000.png,62072_x04096_y00000.tif,0.0,0
62072,0,512,62072_x00000_y00512.png,62072_x00000_y00512.png,62072_x00000_y00512.tif,0.0,0
62072,512,512,62072_x00512_y00512.png,62072_x00512_y00512.png,62072_x00512_y00512.tif,0.0,0
62072,1024,512,62072_x01024_y00512.png,62072_x01024_y00512.png,62072_x01024_y00512.tif,0.0,0
62072,1536,512,62072_x01536_y00512.png,62072_x01536_y00512.png,62072_x01536_y00512.tif,0.0,0
62072,2048,512,62072_x02048_y00512.png,62072_x02048_y00512.png,62072_x02048_y00512.tif,0.0,0
62072,2560,512,62072_x02560_y00512.png,62072_x02560_y00512.png,62072_x02560_y00512.tif,0.0,0
62072,3072,512,62072_x03072_y00512.png,62072_x03072_y00512.png,62072_x03072_y00512.tif,0.0,0
62072,3584,512,62072_x03584_y00512.png,62072_x03584_y00512.png,62072_x03584_y00512.tif,0.0,0
62072,4096,512,62072_x04096_y00512.png,62072_x04096_y00512.png,62072_x04096_y00512.tif,0.0,0
62072,0,1024,62072_x00000_y01024.png,62072_x00000_y01024.png,62072_x00000_y01024.tif,0.0,0
62072,512,1024,62072_x00512_y01024.png,62072_x00512_y01024.png,62072_x00512_y01024.tif,0.0,0
62072,1024,1024,62072_x01024_y01024.png,62072_x01024_y01024.png,62072_x01024_y01024.tif,0.0,0
62072,1536,1024,62072_x01536_y01024.png,62072_x01536_y01024.png,62072_x01536_y01024.tif,0.0,0
62072,2048,1024,62072_x02048_y01024.png,62072_x02048_y01024.png,62072_x02048_y01024.tif,0.0,0
62072,2560,1024,62072_x02560_y01024.png,62072_x02560_y01024.png,62072_x02560_y01024.tif,0.0,0
62072,3072,1024,62072_x03072_y01024.png,62072_x03072_y01024.png,62072_x03072_y01024.tif,0.0,0
62072,3584,1024,62072_x03584_y01024.png,62072_x03584_y01024.png,62072_x03584_y01024.tif,0.0,0
62072,4096,1024,62072_x04096_y01024.png,62072_x04096_y01024.png,62072_x04096_y01024.tif,0.0,0
62072,0,1536,62072_x00000_y01536.png,62072_x00000_y01536.png,62072_x00000_y01536.tif,0.0,0
62072,512,1536,62072_x00512_y01536.png,62072_x00512_y01536.png,62072_x00512_y01536.tif,0.0,0
62072,1024,1536,62072_x01024_y01536.png,62072_x01024_y01536.png,62072_x01024_y01536.tif,0.0,0
62072,1536,1536,62072_x01536_y01536.png,62072_x01536_y01536.png,62072_x01536_y01536.tif,0.0,0
62072,2048,1536,62072_x02048_y01536.png,62072_x02048_y01536.png,62072_x02048_y01536.tif,0.0,0
62072,2560,1536,62072_x02560_y01536.png,62072_x02560_y01536.png,62072_x02560_y01536.tif,0.0,0
62072,3072,1536,62072_x03072_y01536.png,62072_x03072_y01536.png,62072_x03072_y01536.tif,0.0,0
62072,3584,1536,62072_x03584_y01536.png,62072_x03584_y01536.png,62072_x03584_y01536.tif,0.0,0
62072,4096,1536,62072_x04096_y01536.png,62072_x04096_y01536.png,62072_x04096_y01536.tif,0.0,0
62072,0,2048,62072_x00000_y02048.png,62072_x00000_y02048.png,62072_x00000_y02048.tif,0.0,0
62072,512,2048,62072_x00512_y02048.png,62072_x00512_y02048.png,62072_x00512_y02048.tif,0.0,0
62072,1024,2048,62072_x01024_y02048.png,62072_x01024_y02048.png,62072_x01024_y02048.tif,0.0,0
62072,1536,2048,62072_x01536_y02048.png,62072_x01536_y02048.png,62072_x01536_y02048.tif,0.0,0
62072,2048,2048,62072_x02048_y02048.png,62072_x02048_y02048.png,62072_x02048_y02048.tif,0.0,0
62072,2560,2048,62072_x02560_y02048.png,62072_x02560_y02048.png,62072_x02560_y02048.tif,0.0,0
62072,3072,2048,62072_x03072_y02048.png,62072_x03072_y02048.png,62072_x03072_y02048.tif,0.0,0
62072,3584,2048,62072_x03584_y02048.png,62072_x03584_y02048.png,62072_x03584_y02048.tif,0.0,0
62072,4096,2048,62072_x04096_y02048.png,62072_x04096_y02048.png,62072_x04096_y02048.tif,0.0,0
62072,0,2560,62072_x00000_y02560.png,62072_x00000_y02560.png,62072_x00000_y02560.tif,0.0,0
62072,512,2560,62072_x00512_y02560.png,62072_x00512_y02560.png,62072_x00512_y02560.tif,0.0,0
62072,1024,2560,62072_x01024_y02560.png,62072_x01024_y02560.png,62072_x01024_y02560.tif,0.0,0
62072,1536,2560,62072_x01536_y02560.png,62072_x01536_y02560.png,62072_x01536_y02560.tif,0.0,0
62072,2048,2560,62072_x02048_y02560.png,62072_x02048_y02560.png,62072_x02048_y02560.tif,0.0,0
62072,2560,2560,62072_x02560_y02560.png,62072_x02560_y02560.png,62072_x02560_y02560.tif,0.0,0
62072,3072,2560,62072_x03072_y02560.png,62072_x03072_y02560.png,62072_x03072_y02560.tif,0.0,0
62072,3584,2560,62072_x03584_y02560.png,62072_x03584_y02560.png,62072_x03584_y02560.tif,0.0,0
62072,4096,2560,62072_x04096_y02560.png,62072_x04096_y02560.png,62072_x04096_y02560.tif,0.0,0
62072,0,3072,62072_x00000_y03072.png,62072_x00000_y03072.png,62072_x00000_y03072.tif,0.0,0
62072,512,3072,62072_x00512_y03072.png,62072_x00512_y03072.png,62072_x00512_y03072.tif,0.0,0
62072,1024,3072,62072_x01024_y03072.png,62072_x01024_y03072.png,62072_x01024_y03072.tif,0.0,0
62072,1536,3072,62072_x01536_y03072.png,62072_x01536_y03072.png,62072_x01536_y03072.tif,0.0,0
62072,2048,3072,62072_x02048_y03072.png,62072_x02048_y03072.png,62072_x02048_y03072.tif,0.00080108642578125,210
62072,2560,3072,62072_x02560_y03072.png,62072_x02560_y03072.png,62072_x02560_y03072.tif,0.026782989501953125,7021
62072,3072,3072,62072_x03072_y03072.png,62072_x03072_y03072.png,62072_x03072_y03072.tif,0.0,0
62072,3584,3072,62072_x03584_y03072.png,62072_x03584_y03072.png,62072_x03584_y03072.tif,0.0,0
62072,4096,3072,62072_x04096_y03072.png,62072_x04096_y03072.png,62072_x04096_y03072.tif,0.0,0
62072,0,3584,62072_x00000_y03584.png,62072_x00000_y03584.png,62072_x00000_y03584.tif,0.0,0
62072,512,3584,62072_x00512_y03584.png,62072_x00512_y03584.png,62072_x00512_y03584.tif,0.0,0
62072,1024,3584,62072_x01024_y03584.png,62072_x01024_y03584.png,62072_x01024_y03584.tif,0.0,0
62072,1536,3584,62072_x01536_y03584.png,62072_x01536_y03584.png,62072_x01536_y03584.tif,0.0,0
62072,2048,3584,62072_x02048_y03584.png,62072_x02048_y03584.png,62072_x02048_y03584.tif,0.0,0
62072,2560,3584,62072_x02560_y03584.png,62072_x02560_y03584.png,62072_x02560_y03584.tif,0.0,0
62072,3072,3584,62072_x03072_y03584.png,62072_x03072_y03584.png,62072_x03072_y03584.tif,0.0,0
62072,3584,3584,62072_x03584_y03584.png,62072_x03584_y03584.png,62072_x03584_y03584.tif,0.0,0
62072,4096,3584,62072_x04096_y03584.png,62072_x04096_y03584.png,62072_x04096_y03584.tif,0.0,0
62072,0,4096,62072_x00000_y04096.png,62072_x00000_y04096.png,62072_x00000_y04096.tif,0.0,0
62072,512,4096,62072_x00512_y04096.png,62072_x00512_y04096.png,62072_x00512_y04096.tif,0.0,0
62072,1024,4096,62072_x01024_y04096.png,62072_x01024_y04096.png,62072_x01024_y04096.tif,0.0,0
62072,1536,4096,62072_x01536_y04096.png,62072_x01536_y04096.png,62072_x01536_y04096.tif,0.0,0
62072,2048,4096,62072_x02048_y04096.png,62072_x02048_y04096.png,62072_x02048_y04096.tif,0.0,0
62072,2560,4096,62072_x02560_y04096.png,62072_x02560_y04096.png,62072_x02560_y04096.tif,0.0,0
62072,3072,4096,62072_x03072_y04096.png,62072_x03072_y04096.png,62072_x03072_y04096.tif,0.0,0
62072,3584,4096,62072_x03584_y04096.png,62072_x03584_y04096.png,62072_x03584_y04096.tif,0.0,0
62072,4096,4096,62072_x04096_y04096.png,62072_x04096_y04096.png,62072_x04096_y04096.tif,0.0,0
51782,0,0,51782_x00000_y00000.png,51782_x00000_y00000.png,51782_x00000_y00000.tif,0.0,0
51782,512,0,51782_x00512_y00000.png,51782_x00512_y00000.png,51782_x00512_y00000.tif,0.0,0
51782,1024,0,51782_x01024_y00000.png,51782_x01024_y00000.png,51782_x01024_y00000.tif,0.0,0
51782,1536,0,51782_x01536_y00000.png,51782_x01536_y00000.png,51782_x01536_y00000.tif,0.0,0
51782,2048,0,51782_x02048_y00000.png,51782_x02048_y00000.png,51782_x02048_y00000.tif,0.0,0
51782,2560,0,51782_x02560_y00000.png,51782_x02560_y00000.png,51782_x02560_y00000.tif,0.0,0
51782,3072,0,51782_x03072_y00000.png,51782_x03072_y00000.png,51782_x03072_y00000.tif,0.0,0
51782,3584,0,51782_x03584_y00000.png,51782_x03584_y00000.png,51782_x03584_y00000.tif,0.0,0
51782,4096,0,51782_x04096_y00000.png,51782_x04096_y00000.png,51782_x04096_y00000.tif,0.0,0
51782,0,512,51782_x00000_y00512.png,51782_x00000_y00512.png,51782_x00000_y00512.tif,0.0,0
51782,512,512,51782_x00512_y00512.png,51782_x00512_y00512.png,51782_x00512_y00512.tif,0.0,0
51782,1024,512,51782_x01024_y00512.png,51782_x01024_y00512.png,51782_x01024_y00512.tif,0.0,0
51782,1536,512,51782_x01536_y00512.png,51782_x01536_y00512.png,51782_x01536_y00512.tif,0.0,0
51782,2048,512,51782_x02048_y00512.png,51782_x02048_y00512.png,51782_x02048_y00512.tif,0.0,0
51782,2560,512,51782_x02560_y00512.png,51782_x02560_y00512.png,51782_x02560_y00512.tif,0.0,0
51782,3072,512,51782_x03072_y00512.png,51782_x03072_y00512.png,51782_x03072_y00512.tif,0.0,0
51782,3584,512,51782_x03584_y00512.png,51782_x03584_y00512.png,51782_x03584_y00512.tif,0.0,0
51782,4096,512,51782_x04096_y00512.png,51782_x04096_y00512.png,51782_x04096_y00512.tif,0.0,0
51782,0,1024,51782_x00000_y01024.png,51782_x00000_y01024.png,51782_x00000_y01024.tif,0.0,0
51782,512,1024,51782_x00512_y01024.png,51782_x00512_y01024.png,51782_x00512_y01024.tif,0.0,0
51782,1024,1024,51782_x01024_y01024.png,51782_x01024_y01024.png,51782_x01024_y01024.tif,0.0,0
51782,1536,1024,51782_x01536_y01024.png,51782_x01536_y01024.png,51782_x01536_y01024.tif,0.0,0
51782,2048,1024,51782_x02048_y01024.png,51782_x02048_y01024.png,51782_x02048_y01024.tif,0.0,0
51782,2560,1024,51782_x02560_y01024.png,51782_x02560_y01024.png,51782_x02560_y01024.tif,0.0,0
51782,3072,1024,51782_x03072_y01024.png,51782_x03072_y01024.png,51782_x03072_y01024.tif,0.0,0
51782,3584,1024,51782_x03584_y01024.png,51782_x03584_y01024.png,51782_x03584_y01024.tif,0.0,0
51782,4096,1024,51782_x04096_y01024.png,51782_x04096_y01024.png,51782_x04096_y01024.tif,0.0,0
51782,0,1536,51782_x00000_y01536.png,51782_x00000_y01536.png,51782_x00000_y01536.tif,0.0,0
51782,512,1536,51782_x00512_y01536.png,51782_x00512_y01536.png,51782_x00512_y01536.tif,0.0,0
51782,1024,1536,51782_x01024_y01536.png,51782_x01024_y01536.png,51782_x01024_y01536.tif,0.0,0
51782,1536,1536,51782_x01536_y01536.png,51782_x01536_y01536.png,51782_x01536_y01536.tif,0.0,0
51782,2048,1536,51782_x02048_y01536.png,51782_x02048_y01536.png,51782_x02048_y01536.tif,0.0,0
51782,2560,1536,51782_x02560_y01536.png,51782_x02560_y01536.png,51782_x02560_y01536.tif,0.0,0
51782,3072,1536,51782_x03072_y01536.png,51782_x03072_y01536.png,51782_x03072_y01536.tif,0.0,0
51782,3584,1536,51782_x03584_y01536.png,51782_x03584_y01536.png,51782_x03584_y01536.tif,0.0,0
51782,4096,1536,51782_x04096_y01536.png,51782_x04096_y01536.png,51782_x04096_y01536.tif,0.06377410888671875,16718
51782,0,2048,51782_x00000_y02048.png,51782_x00000_y02048.png,51782_x00000_y02048.tif,0.0,0
51782,512,2048,51782_x00512_y02048.png,51782_x00512_y02048.png,51782_x00512_y02048.tif,0.0,0
51782,1024,2048,51782_x01024_y02048.png,51782_x01024_y02048.png,51782_x01024_y02048.tif,0.0,0
51782,1536,2048,51782_x01536_y02048.png,51782_x01536_y02048.png,51782_x01536_y02048.tif,0.0,0
51782,2048,2048,51782_x02048_y02048.png,51782_x02048_y02048.png,51782_x02048_y02048.tif,0.0,0
51782,2560,2048,51782_x02560_y02048.png,51782_x02560_y02048.png,51782_x02560_y02048.tif,0.0,0
51782,3072,2048,51782_x03072_y02048.png,51782_x03072_y02048.png,51782_x03072_y02048.tif,0.0,0
51782,3584,2048,51782_x03584_y02048.png,51782_x03584_y02048.png,51782_x03584_y02048.tif,0.0,0
51782,4096,2048,51782_x04096_y02048.png,51782_x04096_y02048.png,51782_x04096_y02048.tif,0.0,0
51782,0,2560,51782_x00000_y02560.png,51782_x00000_y02560.png,51782_x00000_y02560.tif,0.0,0
51782,512,2560,51782_x00512_y02560.png,51782_x00512_y02560.png,51782_x00512_y02560.tif,0.0,0
51782,1024,2560,51782_x01024_y02560.png,51782_x01024_y02560.png,51782_x01024_y02560.tif,0.0,0
51782,1536,2560,51782_x01536_y02560.png,51782_x01536_y02560.png,51782_x01536_y02560.tif,0.0,0
51782,2048,2560,51782_x02048_y02560.png,51782_x02048_y02560.png,51782_x02048_y02560.tif,0.0,0
51782,2560,2560,51782_x02560_y02560.png,51782_x02560_y02560.png,51782_x02560_y02560.tif,0.0,0
51782,3072,2560,51782_x03072_y02560.png,51782_x03072_y02560.png,51782_x03072_y02560.tif,0.0,0
51782,3584,2560,51782_x03584_y02560.png,51782_x03584_y02560.png,51782_x03584_y02560.tif,0.0,0
51782,4096,2560,51782_x04096_y02560.png,51782_x04096_y02560.png,51782_x04096_y02560.tif,0.0,0
51782,0,3072,51782_x00000_y03072.png,51782_x00000_y03072.png,51782_x00000_y03072.tif,0.0,0
51782,512,3072,51782_x00512_y03072.png,51782_x00512_y03072.png,51782_x00512_y03072.tif,0.0,0
51782,1024,3072,51782_x01024_y03072.png,51782_x01024_y03072.png,51782_x01024_y03072.tif,0.0,0
51782,1536,3072,51782_x01536_y03072.png,51782_x01536_y03072.png,51782_x01536_y03072.tif,0.0,0
51782,2048,3072,51782_x02048_y03072.png,51782_x02048_y03072.png,51782_x02048_y03072.tif,0.0,0
51782,2560,3072,51782_x02560_y03072.png,51782_x02560_y03072.png,51782_x02560_y03072.tif,0.0,0
51782,3072,3072,51782_x03072_y03072.png,51782_x03072_y03072.png,51782_x03072_y03072.tif,0.0,0
51782,3584,3072,51782_x03584_y03072.png,51782_x03584_y03072.png,51782_x03584_y03072.tif,0.0,0
51782,4096,3072,51782_x04096_y03072.png,51782_x04096_y03072.png,51782_x04096_y03072.tif,0.0,0
51782,0,3584,51782_x00000_y03584.png,51782_x00000_y03584.png,51782_x00000_y03584.tif,0.0,0
51782,512,3584,51782_x00512_y03584.png,51782_x00512_y03584.png,51782_x00512_y03584.tif,0.0,0
51782,1024,3584,51782_x01024_y03584.png,51782_x01024_y03584.png,51782_x01024_y03584.tif,0.0,0
51782,1536,3584,51782_x01536_y03584.png,51782_x01536_y03584.png,51782_x01536_y03584.tif,0.0,0
51782,2048,3584,51782_x02048_y03584.png,51782_x02048_y03584.png,51782_x02048_y03584.tif,0.0,0
51782,2560,3584,51782_x02560_y03584.png,51782_x02560_y03584.png,51782_x02560_y03584.tif,0.0,0
51782,3072,3584,51782_x03072_y03584.png,51782_x03072_y03584.png,51782_x03072_y03584.tif,0.0,0
51782,3584,3584,51782_x03584_y03584.png,51782_x03584_y03584.png,51782_x03584_y03584.tif,0.0,0
51782,4096,3584,51782_x04096_y03584.png,51782_x04096_y03584.png,51782_x04096_y03584.tif,0.0,0
51782,0,4096,51782_x00000_y04096.png,51782_x00000_y04096.png,51782_x00000_y04096.tif,0.0,0
51782,512,4096,51782_x00512_y04096.png,51782_x00512_y04096.png,51782_x00512_y04096.tif,0.0,0
51782,1024,4096,51782_x01024_y04096.png,51782_x01024_y04096.png,51782_x01024_y04096.tif,0.0,0
51782,1536,4096,51782_x01536_y04096.png,51782_x01536_y04096.png,51782_x01536_y04096.tif,0.0,0
51782,2048,4096,51782_x02048_y04096.png,51782_x02048_y04096.png,51782_x02048_y04096.tif,0.0,0
51782,2560,4096,51782_x02560_y04096.png,51782_x02560_y04096.png,51782_x02560_y04096.tif,0.0,0
51782,3072,4096,51782_x03072_y04096.png,51782_x03072_y04096.png,51782_x03072_y04096.tif,0.0,0
51782,3584,4096,51782_x03584_y04096.png,51782_x03584_y04096.png,51782_x03584_y04096.tif,0.0,0
51782,4096,4096,51782_x04096_y04096.png,51782_x04096_y04096.png,51782_x04096_y04096.tif,0.0,0
54174,0,0,54174_x00000_y00000.png,54174_x00000_y00000.png,54174_x00000_y00000.tif,0.0,0
54174,512,0,54174_x00512_y00000.png,54174_x00512_y00000.png,54174_x00512_y00000.tif,0.0,0
54174,1024,0,54174_x01024_y00000.png,54174_x01024_y00000.png,54174_x01024_y00000.tif,0.0,0
54174,1536,0,54174_x01536_y00000.png,54174_x01536_y00000.png,54174_x01536_y00000.tif,0.0,0
54174,2048,0,54174_x02048_y00000.png,54174_x02048_y00000.png,54174_x02048_y00000.tif,0.0,0
54174,2560,0,54174_x02560_y00000.png,54174_x02560_y00000.png,54174_x02560_y00000.tif,0.0,0
54174,3072,0,54174_x03072_y00000.png,54174_x03072_y00000.png,54174_x03072_y00000.tif,0.0,0
54174,3584,0,54174_x03584_y00000.png,54174_x03584_y00000.png,54174_x03584_y00000.tif,0.0,0
54174,4096,0,54174_x04096_y00000.png,54174_x04096_y00000.png,54174_x04096_y00000.tif,0.0,0
54174,0,512,54174_x00000_y00512.png,54174_x00000_y00512.png,54174_x00000_y00512.tif,0.0,0
54174,512,512,54174_x00512_y00512.png,54174_x00512_y00512.png,54174_x00512_y00512.tif,0.0,0
54174,1024,512,54174_x01024_y00512.png,54174_x01024_y00512.png,54174_x01024_y00512.tif,0.0,0
54174,1536,512,54174_x01536_y00512.png,54174_x01536_y00512.png,54174_x01536_y00512.tif,0.0,0
54174,2048,512,54174_x02048_y00512.png,54174_x02048_y00512.png,54174_x02048_y00512.tif,0.0,0
54174,2560,512,54174_x02560_y00512.png,54174_x02560_y00512.png,54174_x02560_y00512.tif,0.0,0
54174,3072,512,54174_x03072_y00512.png,54174_x03072_y00512.png,54174_x03072_y00512.tif,0.0,0
54174,3584,512,54174_x03584_y00512.png,54174_x03584_y00512.png,54174_x03584_y00512.tif,0.0,0
54174,4096,512,54174_x04096_y00512.png,54174_x04096_y00512.png,54174_x04096_y00512.tif,0.0,0
54174,0,1024,54174_x00000_y01024.png,54174_x00000_y01024.png,54174_x00000_y01024.tif,0.0,0
54174,512,1024,54174_x00512_y01024.png,54174_x00512_y01024.png,54174_x00512_y01024.tif,0.0,0
54174,1024,1024,54174_x01024_y01024.png,54174_x01024_y01024.png,54174_x01024_y01024.tif,0.0,0
54174,1536,1024,54174_x01536_y01024.png,54174_x01536_y01024.png,54174_x01536_y01024.tif,0.0,0
54174,2048,1024,54174_x02048_y01024.png,54174_x02048_y01024.png,54174_x02048_y01024.tif,0.0,0
54174,2560,1024,54174_x02560_y01024.png,54174_x02560_y01024.png,54174_x02560_y01024.tif,0.0,0
54174,3072,1024,54174_x03072_y01024.png,54174_x03072_y01024.png,54174_x03072_y01024.tif,0.0,0
54174,3584,1024,54174_x03584_y01024.png,54174_x03584_y01024.png,54174_x03584_y01024.tif,0.0,0
54174,4096,1024,54174_x04096_y01024.png,54174_x04096_y01024.png,54174_x04096_y01024.tif,0.0,0
54174,0,1536,54174_x00000_y01536.png,54174_x00000_y01536.png,54174_x00000_y01536.tif,0.0,0
54174,512,1536,54174_x00512_y01536.png,54174_x00512_y01536.png,54174_x00512_y01536.tif,0.0,0
54174,1024,1536,54174_x01024_y01536.png,54174_x01024_y01536.png,54174_x01024_y01536.tif,0.0,0
54174,1536,1536,54174_x01536_y01536.png,54174_x01536_y01536.png,54174_x01536_y01536.tif,0.0,0
54174,2048,1536,54174_x02048_y01536.png,54174_x02048_y01536.png,54174_x02048_y01536.tif,0.0,0
54174,2560,1536,54174_x02560_y01536.png,54174_x02560_y01536.png,54174_x02560_y01536.tif,0.0,0
54174,3072,1536,54174_x03072_y01536.png,54174_x03072_y01536.png,54174_x03072_y01536.tif,0.0,0
54174,3584,1536,54174_x03584_y01536.png,54174_x03584_y01536.png,54174_x03584_y01536.tif,0.0,0
54174,4096,1536,54174_x04096_y01536.png,54174_x04096_y01536.png,54174_x04096_y01536.tif,0.0,0
54174,0,2048,54174_x00000_y02048.png,54174_x00000_y02048.png,54174_x00000_y02048.tif,0.0,0
54174,512,2048,54174_x00512_y02048.png,54174_x00512_y02048.png,54174_x00512_y02048.tif,0.0,0
54174,1024,2048,54174_x01024_y02048.png,54174_x01024_y02048.png,54174_x01024_y02048.tif,0.0,0
54174,1536,2048,54174_x01536_y02048.png,54174_x01536_y02048.png,54174_x01536_y02048.tif,0.0,0
54174,2048,2048,54174_x02048_y02048.png,54174_x02048_y02048.png,54174_x02048_y02048.tif,0.187164306640625,49064
54174,2560,2048,54174_x02560_y02048.png,54174_x02560_y02048.png,54174_x02560_y02048.tif,0.0,0
54174,3072,2048,54174_x03072_y02048.png,54174_x03072_y02048.png,54174_x03072_y02048.tif,0.0,0
54174,3584,2048,54174_x03584_y02048.png,54174_x03584_y02048.png,54174_x03584_y02048.tif,0.0,0
54174,4096,2048,54174_x04096_y02048.png,54174_x04096_y02048.png,54174_x04096_y02048.tif,0.0,0
54174,0,2560,54174_x00000_y02560.png,54174_x00000_y02560.png,54174_x00000_y02560.tif,0.0,0
54174,512,2560,54174_x00512_y02560.png,54174_x00512_y02560.png,54174_x00512_y02560.tif,0.0,0
54174,1024,2560,54174_x01024_y02560.png,54174_x01024_y02560.png,54174_x01024_y02560.tif,0.0,0
54174,1536,2560,54174_x01536_y02560.png,54174_x01536_y02560.png,54174_x01536_y02560.tif,0.0,0
54174,2048,2560,54174_x02048_y02560.png,54174_x02048_y02560.png,54174_x02048_y02560.tif,0.10943603515625,28688
54174,2560,2560,54174_x02560_y02560.png,54174_x02560_y02560.png,54174_x02560_y02560.tif,0.0,0
54174,3072,2560,54174_x03072_y02560.png,54174_x03072_y02560.png,54174_x03072_y02560.tif,0.0,0
54174,3584,2560,54174_x03584_y02560.png,54174_x03584_y02560.png,54174_x03584_y02560.tif,0.0,0
54174,4096,2560,54174_x04096_y02560.png,54174_x04096_y02560.png,54174_x04096_y02560.tif,0.0,0
54174,0,3072,54174_x00000_y03072.png,54174_x00000_y03072.png,54174_x00000_y03072.tif,0.0,0
54174,512,3072,54174_x00512_y03072.png,54174_x00512_y03072.png,54174_x00512_y03072.tif,0.0,0
54174,1024,3072,54174_x01024_y03072.png,54174_x01024_y03072.png,54174_x01024_y03072.tif,0.0,0
54174,1536,3072,54174_x01536_y03072.png,54174_x01536_y03072.png,54174_x01536_y03072.tif,0.0,0
54174,2048,3072,54174_x02048_y03072.png,54174_x02048_y03072.png,54174_x02048_y03072.tif,0.0,0
54174,2560,3072,54174_x02560_y03072.png,54174_x02560_y03072.png,54174_x02560_y03072.tif,0.0,0
54174,3072,3072,54174_x03072_y03072.png,54174_x03072_y03072.png,54174_x03072_y03072.tif,0.0,0
54174,3584,3072,54174_x03584_y03072.png,54174_x03584_y03072.png,54174_x03584_y03072.tif,0.0,0
54174,4096,3072,54174_x04096_y03072.png,54174_x04096_y03072.png,54174_x04096_y03072.tif,0.0,0
54174,0,3584,54174_x00000_y03584.png,54174_x00000_y03584.png,54174_x00000_y03584.tif,0.0,0
54174,512,3584,54174_x00512_y03584.png,54174_x00512_y03584.png,54174_x00512_y03584.tif,0.0,0
54174,1024,3584,54174_x01024_y03584.png,54174_x01024_y03584.png,54174_x01024_y03584.tif,0.0,0
54174,1536,3584,54174_x01536_y03584.png,54174_x01536_y03584.png,54174_x01536_y03584.tif,0.0,0
54174,2048,3584,54174_x02048_y03584.png,54174_x02048_y03584.png,54174_x02048_y03584.tif,0.0,0
54174,2560,3584,54174_x02560_y03584.png,54174_x02560_y03584.png,54174_x02560_y03584.tif,0.0,0
54174,3072,3584,54174_x03072_y03584.png,54174_x03072_y03584.png,54174_x03072_y03584.tif,0.0,0
54174,3584,3584,54174_x03584_y03584.png,54174_x03584_y03584.png,54174_x03584_y03584.tif,0.0,0
54174,4096,3584,54174_x04096_y03584.png,54174_x04096_y03584.png,54174_x04096_y03584.tif,0.0,0
54174,0,4096,54174_x00000_y04096.png,54174_x00000_y04096.png,54174_x00000_y04096.tif,0.0,0
54174,512,4096,54174_x00512_y04096.png,54174_x00512_y04096.png,54174_x00512_y04096.tif,0.0,0
54174,1024,4096,54174_x01024_y04096.png,54174_x01024_y04096.png,54174_x01024_y04096.tif,0.0,0
54174,1536,4096,54174_x01536_y04096.png,54174_x01536_y04096.png,54174_x01536_y04096.tif,0.0,0
54174,2048,4096,54174_x02048_y04096.png,54174_x02048_y04096.png,54174_x02048_y04096.tif,0.0,0
54174,2560,4096,54174_x02560_y04096.png,54174_x02560_y04096.png,54174_x02560_y04096.tif,0.0,0
54174,3072,4096,54174_x03072_y04096.png,54174_x03072_y04096.png,54174_x03072_y04096.tif,0.0,0
54174,3584,4096,54174_x03584_y04096.png,54174_x03584_y04096.png,54174_x03584_y04096.tif,0.0,0
54174,4096,4096,54174_x04096_y04096.png,54174_x04096_y04096.png,54174_x04096_y04096.tif,0.0,0
53691,0,0,53691_x00000_y00000.png,53691_x00000_y00000.png,53691_x00000_y00000.tif,0.0,0
53691,512,0,53691_x00512_y00000.png,53691_x00512_y00000.png,53691_x00512_y00000.tif,0.0,0
53691,1024,0,53691_x01024_y00000.png,53691_x01024_y00000.png,53691_x01024_y00000.tif,0.0,0
53691,1536,0,53691_x01536_y00000.png,53691_x01536_y00000.png,53691_x01536_y00000.tif,0.0,0
53691,2048,0,53691_x02048_y00000.png,53691_x02048_y00000.png,53691_x02048_y00000.tif,0.0,0
53691,2560,0,53691_x02560_y00000.png,53691_x02560_y00000.png,53691_x02560_y00000.tif,0.0,0
53691,3072,0,53691_x03072_y00000.png,53691_x03072_y00000.png,53691_x03072_y00000.tif,0.0,0
53691,3584,0,53691_x03584_y00000.png,53691_x03584_y00000.png,53691_x03584_y00000.tif,0.0,0
53691,4096,0,53691_x04096_y00000.png,53691_x04096_y00000.png,53691_x04096_y00000.tif,0.0,0
53691,0,512,53691_x00000_y00512.png,53691_x00000_y00512.png,53691_x00000_y00512.tif,0.0,0
53691,512,512,53691_x00512_y00512.png,53691_x00512_y00512.png,53691_x00512_y00512.tif,0.027233123779296875,7139
53691,1024,512,53691_x01024_y00512.png,53691_x01024_y00512.png,53691_x01024_y00512.tif,0.001190185546875,312
53691,1536,512,53691_x01536_y00512.png,53691_x01536_y00512.png,53691_x01536_y00512.tif,0.0,0
53691,2048,512,53691_x02048_y00512.png,53691_x02048_y00512.png,53691_x02048_y00512.tif,0.0,0
53691,2560,512,53691_x02560_y00512.png,53691_x02560_y00512.png,53691_x02560_y00512.tif,0.0,0
53691,3072,512,53691_x03072_y00512.png,53691_x03072_y00512.png,53691_x03072_y00512.tif,0.0,0
53691,3584,512,53691_x03584_y00512.png,53691_x03584_y00512.png,53691_x03584_y00512.tif,0.0,0
53691,4096,512,53691_x04096_y00512.png,53691_x04096_y00512.png,53691_x04096_y00512.tif,0.0,0
53691,0,1024,53691_x00000_y01024.png,53691_x00000_y01024.png,53691_x00000_y01024.tif,0.0,0
53691,512,1024,53691_x00512_y01024.png,53691_x00512_y01024.png,53691_x00512_y01024.tif,0.01021575927734375,2678
53691,1024,1024,53691_x01024_y01024.png,53691_x01024_y01024.png,53691_x01024_y01024.tif,0.01428985595703125,3746
53691,1536,1024,53691_x01536_y01024.png,53691_x01536_y01024.png,53691_x01536_y01024.tif,0.0,0
53691,2048,1024,53691_x02048_y01024.png,53691_x02048_y01024.png,53691_x02048_y01024.tif,0.0,0
53691,2560,1024,53691_x02560_y01024.png,53691_x02560_y01024.png,53691_x02560_y01024.tif,0.0,0
53691,3072,1024,53691_x03072_y01024.png,53691_x03072_y01024.png,53691_x03072_y01024.tif,0.0,0
53691,3584,1024,53691_x03584_y01024.png,53691_x03584_y01024.png,53691_x03584_y01024.tif,0.0,0
53691,4096,1024,53691_x04096_y01024.png,53691_x04096_y01024.png,53691_x04096_y01024.tif,0.0,0
53691,0,1536,53691_x00000_y01536.png,53691_x00000_y01536.png,53691_x00000_y01536.tif,0.0,0
53691,512,1536,53691_x00512_y01536.png,53691_x00512_y01536.png,53691_x00512_y01536.tif,0.0,0
53691,1024,1536,53691_x01024_y01536.png,53691_x01024_y01536.png,53691_x01024_y01536.tif,0.0,0
53691,1536,1536,53691_x01536_y01536.png,53691_x01536_y01536.png,53691_x01536_y01536.tif,0.0,0
53691,2048,1536,53691_x02048_y01536.png,53691_x02048_y01536.png,53691_x02048_y01536.tif,0.0,0
53691,2560,1536,53691_x02560_y01536.png,53691_x02560_y01536.png,53691_x02560_y01536.tif,0.0,0
53691,3072,1536,53691_x03072_y01536.png,53691_x03072_y01536.png,53691_x03072_y01536.tif,0.0,0
53691,3584,1536,53691_x03584_y01536.png,53691_x03584_y01536.png,53691_x03584_y01536.tif,0.0,0
53691,4096,1536,53691_x04096_y01536.png,53691_x04096_y01536.png,53691_x04096_y01536.tif,0.0,0
53691,0,2048,53691_x00000_y02048.png,53691_x00000_y02048.png,53691_x00000_y02048.tif,0.0,0
53691,512,2048,53691_x00512_y02048.png,53691_x00512_y02048.png,53691_x00512_y02048.tif,0.0,0
53691,1024,2048,53691_x01024_y02048.png,53691_x01024_y02048.png,53691_x01024_y02048.tif,0.0,0
53691,1536,2048,53691_x01536_y02048.png,53691_x01536_y02048.png,53691_x01536_y02048.tif,0.0,0
53691,2048,2048,53691_x02048_y02048.png,53691_x02048_y02048.png,53691_x02048_y02048.tif,0.0,0
53691,2560,2048,53691_x02560_y02048.png,53691_x02560_y02048.png,53691_x02560_y02048.tif,0.0,0
53691,3072,2048,53691_x03072_y02048.png,53691_x03072_y02048.png,53691_x03072_y02048.tif,0.0,0
53691,3584,2048,53691_x03584_y02048.png,53691_x03584_y02048.png,53691_x03584_y02048.tif,0.0,0
53691,4096,2048,53691_x04096_y02048.png,53691_x04096_y02048.png,53691_x04096_y02048.tif,0.0,0
53691,0,2560,53691_x00000_y02560.png,53691_x00000_y02560.png,53691_x00000_y02560.tif,0.0,0
53691,512,2560,53691_x00512_y02560.png,53691_x00512_y02560.png,53691_x00512_y02560.tif,0.0,0
53691,1024,2560,53691_x01024_y02560.png,53691_x01024_y02560.png,53691_x01024_y02560.tif,0.0,0
53691,1536,2560,53691_x01536_y02560.png,53691_x01536_y02560.png,53691_x01536_y02560.tif,0.0,0
53691,2048,2560,53691_x02048_y02560.png,53691_x02048_y02560.png,53691_x02048_y02560.tif,0.0,0
53691,2560,2560,53691_x02560_y02560.png,53691_x02560_y02560.png,53691_x02560_y02560.tif,0.0,0
53691,3072,2560,53691_x03072_y02560.png,53691_x03072_y02560.png,53691_x03072_y02560.tif,0.0,0
53691,3584,2560,53691_x03584_y02560.png,53691_x03584_y02560.png,53691_x03584_y02560.tif,0.0,0
53691,4096,2560,53691_x04096_y02560.png,53691_x04096_y02560.png,53691_x04096_y02560.tif,0.0,0
53691,0,3072,53691_x00000_y03072.png,53691_x00000_y03072.png,53691_x00000_y03072.tif,0.0,0
53691,512,3072,53691_x00512_y03072.png,53691_x00512_y03072.png,53691_x00512_y03072.tif,0.0,0
53691,1024,3072,53691_x01024_y03072.png,53691_x01024_y03072.png,53691_x01024_y03072.tif,0.0,0
53691,1536,3072,53691_x01536_y03072.png,53691_x01536_y03072.png,53691_x01536_y03072.tif,0.0,0
53691,2048,3072,53691_x02048_y03072.png,53691_x02048_y03072.png,53691_x02048_y03072.tif,0.0,0
53691,2560,3072,53691_x02560_y03072.png,53691_x02560_y03072.png,53691_x02560_y03072.tif,0.0,0
53691,3072,3072,53691_x03072_y03072.png,53691_x03072_y03072.png,53691_x03072_y03072.tif,0.0,0
53691,3584,3072,53691_x03584_y03072.png,53691_x03584_y03072.png,53691_x03584_y03072.tif,0.0,0
53691,4096,3072,53691_x04096_y03072.png,53691_x04096_y03072.png,53691_x04096_y03072.tif,0.0,0
53691,0,3584,53691_x00000_y03584.png,53691_x00000_y03584.png,53691_x00000_y03584.tif,0.0,0
53691,512,3584,53691_x00512_y03584.png,53691_x00512_y03584.png,53691_x00512_y03584.tif,0.0,0
53691,1024,3584,53691_x01024_y03584.png,53691_x01024_y03584.png,53691_x01024_y03584.tif,0.0,0
53691,1536,3584,53691_x01536_y03584.png,53691_x01536_y03584.png,53691_x01536_y03584.tif,0.0,0
53691,2048,3584,53691_x02048_y03584.png,53691_x02048_y03584.png,53691_x02048_y03584.tif,0.0,0
53691,2560,3584,53691_x02560_y03584.png,53691_x02560_y03584.png,53691_x02560_y03584.tif,0.0,0
53691,3072,3584,53691_x03072_y03584.png,53691_x03072_y03584.png,53691_x03072_y03584.tif,0.0,0
53691,3584,3584,53691_x03584_y03584.png,53691_x03584_y03584.png,53691_x03584_y03584.tif,0.0,0
53691,4096,3584,53691_x04096_y03584.png,53691_x04096_y03584.png,53691_x04096_y03584.tif,0.0,0
53691,0,4096,53691_x00000_y04096.png,53691_x00000_y04096.png,53691_x00000_y04096.tif,0.0,0
53691,512,4096,53691_x00512_y04096.png,53691_x00512_y04096.png,53691_x00512_y04096.tif,0.0,0
53691,1024,4096,53691_x01024_y04096.png,53691_x01024_y04096.png,53691_x01024_y04096.tif,0.0,0
53691,1536,4096,53691_x01536_y04096.png,53691_x01536_y04096.png,53691_x01536_y04096.tif,0.0,0
53691,2048,4096,53691_x02048_y04096.png,53691_x02048_y04096.png,53691_x02048_y04096.tif,0.0,0
53691,2560,4096,53691_x02560_y04096.png,53691_x02560_y04096.png,53691_x02560_y04096.tif,0.0,0
53691,3072,4096,53691_x03072_y04096.png,53691_x03072_y04096.png,53691_x03072_y04096.tif,0.0,0
53691,3584,4096,53691_x03584_y04096.png,53691_x03584_y04096.png,53691_x03584_y04096.tif,0.0,0
53691,4096,4096,53691_x04096_y04096.png,53691_x04096_y04096.png,53691_x04096_y04096.tif,0.0,0
53904,0,0,53904_x00000_y00000.png,53904_x00000_y00000.png,53904_x00000_y00000.tif,0.0,0
53904,512,0,53904_x00512_y00000.png,53904_x00512_y00000.png,53904_x00512_y00000.tif,0.0,0
53904,1024,0,53904_x01024_y00000.png,53904_x01024_y00000.png,53904_x01024_y00000.tif,0.0,0
53904,1536,0,53904_x01536_y00000.png,53904_x01536_y00000.png,53904_x01536_y00000.tif,0.0,0
53904,2048,0,53904_x02048_y00000.png,53904_x02048_y00000.png,53904_x02048_y00000.tif,0.01723480224609375,4518
53904,2560,0,53904_x02560_y00000.png,53904_x02560_y00000.png,53904_x02560_y00000.tif,0.0,0
53904,3072,0,53904_x03072_y00000.png,53904_x03072_y00000.png,53904_x03072_y00000.tif,0.0,0
53904,3584,0,53904_x03584_y00000.png,53904_x03584_y00000.png,53904_x03584_y00000.tif,0.0,0
53904,4096,0,53904_x04096_y00000.png,53904_x04096_y00000.png,53904_x04096_y00000.tif,0.0,0
53904,0,512,53904_x00000_y00512.png,53904_x00000_y00512.png,53904_x00000_y00512.tif,0.0,0
53904,512,512,53904_x00512_y00512.png,53904_x00512_y00512.png,53904_x00512_y00512.tif,0.0,0
53904,1024,512,53904_x01024_y00512.png,53904_x01024_y00512.png,53904_x01024_y00512.tif,0.0,0
53904,1536,512,53904_x01536_y00512.png,53904_x01536_y00512.png,53904_x01536_y00512.tif,0.0,0
53904,2048,512,53904_x02048_y00512.png,53904_x02048_y00512.png,53904_x02048_y00512.tif,0.0,0
53904,2560,512,53904_x02560_y00512.png,53904_x02560_y00512.png,53904_x02560_y00512.tif,0.0,0
53904,3072,512,53904_x03072_y00512.png,53904_x03072_y00512.png,53904_x03072_y00512.tif,0.0,0
53904,3584,512,53904_x03584_y00512.png,53904_x03584_y00512.png,53904_x03584_y00512.tif,0.0,0
53904,4096,512,53904_x04096_y00512.png,53904_x04096_y00512.png,53904_x04096_y00512.tif,0.0,0
53904,0,1024,53904_x00000_y01024.png,53904_x00000_y01024.png,53904_x00000_y01024.tif,0.0,0
53904,512,1024,53904_x00512_y01024.png,53904_x00512_y01024.png,53904_x00512_y01024.tif,0.0,0
53904,1024,1024,53904_x01024_y01024.png,53904_x01024_y01024.png,53904_x01024_y01024.tif,0.0,0
53904,1536,1024,53904_x01536_y01024.png,53904_x01536_y01024.png,53904_x01536_y01024.tif,0.0,0
53904,2048,1024,53904_x02048_y01024.png,53904_x02048_y01024.png,53904_x02048_y01024.tif,0.0,0
53904,2560,1024,53904_x02560_y01024.png,53904_x02560_y01024.png,53904_x02560_y01024.tif,0.0,0
53904,3072,1024,53904_x03072_y01024.png,53904_x03072_y01024.png,53904_x03072_y01024.tif,0.0,0
53904,3584,1024,53904_x03584_y01024.png,53904_x03584_y01024.png,53904_x03584_y01024.tif,0.0,0
53904,4096,1024,53904_x04096_y01024.png,53904_x04096_y01024.png,53904_x04096_y01024.tif,0.0,0
53904,0,1536,53904_x00000_y01536.png,53904_x00000_y01536.png,53904_x00000_y01536.tif,0.0,0
53904,512,1536,53904_x00512_y01536.png,53904_x00512_y01536.png,53904_x00512_y01536.tif,0.0,0
53904,1024,1536,53904_x01024_y01536.png,53904_x01024_y01536.png,53904_x01024_y01536.tif,0.0,0
53904,1536,1536,53904_x01536_y01536.png,53904_x01536_y01536.png,53904_x01536_y01536.tif,0.0,0
53904,2048,1536,53904_x02048_y01536.png,53904_x02048_y01536.png,53904_x02048_y01536.tif,0.0,0
53904,2560,1536,53904_x02560_y01536.png,53904_x02560_y01536.png,53904_x02560_y01536.tif,0.0,0
53904,3072,1536,53904_x03072_y01536.png,53904_x03072_y01536.png,53904_x03072_y01536.tif,0.0,0
53904,3584,1536,53904_x03584_y01536.png,53904_x03584_y01536.png,53904_x03584_y01536.tif,0.0,0
53904,4096,1536,53904_x04096_y01536.png,53904_x04096_y01536.png,53904_x04096_y01536.tif,0.0,0
53904,0,2048,53904_x00000_y02048.png,53904_x00000_y02048.png,53904_x00000_y02048.tif,0.0,0
53904,512,2048,53904_x00512_y02048.png,53904_x00512_y02048.png,53904_x00512_y02048.tif,0.0,0
53904,1024,2048,53904_x01024_y02048.png,53904_x01024_y02048.png,53904_x01024_y02048.tif,0.0,0
53904,1536,2048,53904_x01536_y02048.png,53904_x01536_y02048.png,53904_x01536_y02048.tif,0.0,0
53904,2048,2048,53904_x02048_y02048.png,53904_x02048_y02048.png,53904_x02048_y02048.tif,0.0,0
53904,2560,2048,53904_x02560_y02048.png,53904_x02560_y02048.png,53904_x02560_y02048.tif,0.0,0
53904,3072,2048,53904_x03072_y02048.png,53904_x03072_y02048.png,53904_x03072_y02048.tif,0.0,0
53904,3584,2048,53904_x03584_y02048.png,53904_x03584_y02048.png,53904_x03584_y02048.tif,0.0,0
53904,4096,2048,53904_x04096_y02048.png,53904_x04096_y02048.png,53904_x04096_y02048.tif,0.0,0
53904,0,2560,53904_x00000_y02560.png,53904_x00000_y02560.png,53904_x00000_y02560.tif,0.0,0
53904,512,2560,53904_x00512_y02560.png,53904_x00512_y02560.png,53904_x00512_y02560.tif,0.0,0
53904,1024,2560,53904_x01024_y02560.png,53904_x01024_y02560.png,53904_x01024_y02560.tif,0.0,0
53904,1536,2560,53904_x01536_y02560.png,53904_x01536_y02560.png,53904_x01536_y02560.tif,0.0,0
53904,2048,2560,53904_x02048_y02560.png,53904_x02048_y02560.png,53904_x02048_y02560.tif,0.0,0
53904,2560,2560,53904_x02560_y02560.png,53904_x02560_y02560.png,53904_x02560_y02560.tif,0.0,0
53904,3072,2560,53904_x03072_y02560.png,53904_x03072_y02560.png,53904_x03072_y02560.tif,0.0,0
53904,3584,2560,53904_x03584_y02560.png,53904_x03584_y02560.png,53904_x03584_y02560.tif,0.0,0
53904,4096,2560,53904_x04096_y02560.png,53904_x04096_y02560.png,53904_x04096_y02560.tif,0.0,0
53904,0,3072,53904_x00000_y03072.png,53904_x00000_y03072.png,53904_x00000_y03072.tif,0.0,0
53904,512,3072,53904_x00512_y03072.png,53904_x00512_y03072.png,53904_x00512_y03072.tif,0.0,0
53904,1024,3072,53904_x01024_y03072.png,53904_x01024_y03072.png,53904_x01024_y03072.tif,0.0,0
53904,1536,3072,53904_x01536_y03072.png,53904_x01536_y03072.png,53904_x01536_y03072.tif,0.0,0
53904,2048,3072,53904_x02048_y03072.png,53904_x02048_y03072.png,53904_x02048_y03072.tif,0.0,0
53904,2560,3072,53904_x02560_y03072.png,53904_x02560_y03072.png,53904_x02560_y03072.tif,0.0,0
53904,3072,3072,53904_x03072_y03072.png,53904_x03072_y03072.png,53904_x03072_y03072.tif,0.0,0
53904,3584,3072,53904_x03584_y03072.png,53904_x03584_y03072.png,53904_x03584_y03072.tif,0.0,0
53904,4096,3072,53904_x04096_y03072.png,53904_x04096_y03072.png,53904_x04096_y03072.tif,0.0,0
53904,0,3584,53904_x00000_y03584.png,53904_x00000_y03584.png,53904_x00000_y03584.tif,0.0,0
53904,512,3584,53904_x00512_y03584.png,53904_x00512_y03584.png,53904_x00512_y03584.tif,0.0,0
53904,1024,3584,53904_x01024_y03584.png,53904_x01024_y03584.png,53904_x01024_y03584.tif,0.0,0
53904,1536,3584,53904_x01536_y03584.png,53904_x01536_y03584.png,53904_x01536_y03584.tif,0.0,0
53904,2048,3584,53904_x02048_y03584.png,53904_x02048_y03584.png,53904_x02048_y03584.tif,0.0,0
53904,2560,3584,53904_x02560_y03584.png,53904_x02560_y03584.png,53904_x02560_y03584.tif,0.0,0
53904,3072,3584,53904_x03072_y03584.png,53904_x03072_y03584.png,53904_x03072_y03584.tif,0.0,0
53904,3584,3584,53904_x03584_y03584.png,53904_x03584_y03584.png,53904_x03584_y03584.tif,0.0,0
53904,4096,3584,53904_x04096_y03584.png,53904_x04096_y03584.png,53904_x04096_y03584.tif,0.0,0
53904,0,4096,53904_x00000_y04096.png,53904_x00000_y04096.png,53904_x00000_y04096.tif,0.0,0
53904,512,4096,53904_x00512_y04096.png,53904_x00512_y04096.png,53904_x00512_y04096.tif,0.0,0
53904,1024,4096,53904_x01024_y04096.png,53904_x01024_y04096.png,53904_x01024_y04096.tif,0.0,0
53904,1536,4096,53904_x01536_y04096.png,53904_x01536_y04096.png,53904_x01536_y04096.tif,0.0,0
53904,2048,4096,53904_x02048_y04096.png,53904_x02048_y04096.png,53904_x02048_y04096.tif,0.0,0
53904,2560,4096,53904_x02560_y04096.png,53904_x02560_y04096.png,53904_x02560_y04096.tif,0.0,0
53904,3072,4096,53904_x03072_y04096.png,53904_x03072_y04096.png,53904_x03072_y04096.tif,0.0,0
53904,3584,4096,53904_x03584_y04096.png,53904_x03584_y04096.png,53904_x03584_y04096.tif,0.0,0
53904,4096,4096,53904_x04096_y04096.png,53904_x04096_y04096.png,53904_x04096_y04096.tif,0.0,0
64531,0,0,64531_x00000_y00000.png,64531_x00000_y00000.png,64531_x00000_y00000.tif,0.0,0
64531,512,0,64531_x00512_y00000.png,64531_x00512_y00000.png,64531_x00512_y00000.tif,0.0,0
64531,1024,0,64531_x01024_y00000.png,64531_x01024_y00000.png,64531_x01024_y00000.tif,0.0,0
64531,1536,0,64531_x01536_y00000.png,64531_x01536_y00000.png,64531_x01536_y00000.tif,0.0,0
64531,2048,0,64531_x02048_y00000.png,64531_x02048_y00000.png,64531_x02048_y00000.tif,0.0,0
64531,2560,0,64531_x02560_y00000.png,64531_x02560_y00000.png,64531_x02560_y00000.tif,0.0,0
64531,3072,0,64531_x03072_y00000.png,64531_x03072_y00000.png,64531_x03072_y00000.tif,0.0,0
64531,3584,0,64531_x03584_y00000.png,64531_x03584_y00000.png,64531_x03584_y00000.tif,0.0,0
64531,4096,0,64531_x04096_y00000.png,64531_x04096_y00000.png,64531_x04096_y00000.tif,0.0,0
64531,0,512,64531_x00000_y00512.png,64531_x00000_y00512.png,64531_x00000_y00512.tif,0.0,0
64531,512,512,64531_x00512_y00512.png,64531_x00512_y00512.png,64531_x00512_y00512.tif,0.0,0
64531,1024,512,64531_x01024_y00512.png,64531_x01024_y00512.png,64531_x01024_y00512.tif,0.0,0
64531,1536,512,64531_x01536_y00512.png,64531_x01536_y00512.png,64531_x01536_y00512.tif,0.0,0
64531,2048,512,64531_x02048_y00512.png,64531_x02048_y00512.png,64531_x02048_y00512.tif,0.0,0
64531,2560,512,64531_x02560_y00512.png,64531_x02560_y00512.png,64531_x02560_y00512.tif,0.0,0
64531,3072,512,64531_x03072_y00512.png,64531_x03072_y00512.png,64531_x03072_y00512.tif,0.0,0
64531,3584,512,64531_x03584_y00512.png,64531_x03584_y00512.png,64531_x03584_y00512.tif,0.0,0
64531,4096,512,64531_x04096_y00512.png,64531_x04096_y00512.png,64531_x04096_y00512.tif,0.0,0
64531,0,1024,64531_x00000_y01024.png,64531_x00000_y01024.png,64531_x00000_y01024.tif,0.0,0
64531,512,1024,64531_x00512_y01024.png,64531_x00512_y01024.png,64531_x00512_y01024.tif,0.0,0
64531,1024,1024,64531_x01024_y01024.png,64531_x01024_y01024.png,64531_x01024_y01024.tif,0.0,0
64531,1536,1024,64531_x01536_y01024.png,64531_x01536_y01024.png,64531_x01536_y01024.tif,0.0,0
64531,2048,1024,64531_x02048_y01024.png,64531_x02048_y01024.png,64531_x02048_y01024.tif,0.0,0
64531,2560,1024,64531_x02560_y01024.png,64531_x02560_y01024.png,64531_x02560_y01024.tif,0.0,0
64531,3072,1024,64531_x03072_y01024.png,64531_x03072_y01024.png,64531_x03072_y01024.tif,0.0,0
64531,3584,1024,64531_x03584_y01024.png,64531_x03584_y01024.png,64531_x03584_y01024.tif,0.0,0
64531,4096,1024,64531_x04096_y01024.png,64531_x04096_y01024.png,64531_x04096_y01024.tif,0.0,0
64531,0,1536,64531_x00000_y01536.png,64531_x00000_y01536.png,64531_x00000_y01536.tif,0.0,0
64531,512,1536,64531_x00512_y01536.png,64531_x00512_y01536.png,64531_x00512_y01536.tif,0.0,0
64531,1024,1536,64531_x01024_y01536.png,64531_x01024_y01536.png,64531_x01024_y01536.tif,0.0,0
64531,1536,1536,64531_x01536_y01536.png,64531_x01536_y01536.png,64531_x01536_y01536.tif,0.0,0
64531,2048,1536,64531_x02048_y01536.png,64531_x02048_y01536.png,64531_x02048_y01536.tif,0.0,0
64531,2560,1536,64531_x02560_y01536.png,64531_x02560_y01536.png,64531_x02560_y01536.tif,0.0,0
64531,3072,1536,64531_x03072_y01536.png,64531_x03072_y01536.png,64531_x03072_y01536.tif,0.0,0
64531,3584,1536,64531_x03584_y01536.png,64531_x03584_y01536.png,64531_x03584_y01536.tif,0.0,0
64531,4096,1536,64531_x04096_y01536.png,64531_x04096_y01536.png,64531_x04096_y01536.tif,0.0,0
64531,0,2048,64531_x00000_y02048.png,64531_x00000_y02048.png,64531_x00000_y02048.tif,0.0,0
64531,512,2048,64531_x00512_y02048.png,64531_x00512_y02048.png,64531_x00512_y02048.tif,0.0,0
64531,1024,2048,64531_x01024_y02048.png,64531_x01024_y02048.png,64531_x01024_y02048.tif,0.0,0
64531,1536,2048,64531_x01536_y02048.png,64531_x01536_y02048.png,64531_x01536_y02048.tif,0.0,0
64531,2048,2048,64531_x02048_y02048.png,64531_x02048_y02048.png,64531_x02048_y02048.tif,0.0,0
64531,2560,2048,64531_x02560_y02048.png,64531_x02560_y02048.png,64531_x02560_y02048.tif,0.0,0
64531,3072,2048,64531_x03072_y02048.png,64531_x03072_y02048.png,64531_x03072_y02048.tif,0.0,0
64531,3584,2048,64531_x03584_y02048.png,64531_x03584_y02048.png,64531_x03584_y02048.tif,0.0,0
64531,4096,2048,64531_x04096_y02048.png,64531_x04096_y02048.png,64531_x04096_y02048.tif,0.0,0
64531,0,2560,64531_x00000_y02560.png,64531_x00000_y02560.png,64531_x00000_y02560.tif,0.0,0
64531,512,2560,64531_x00512_y02560.png,64531_x00512_y02560.png,64531_x00512_y02560.tif,0.0,0
64531,1024,2560,64531_x01024_y02560.png,64531_x01024_y02560.png,64531_x01024_y02560.tif,0.0,0
64531,1536,2560,64531_x01536_y02560.png,64531_x01536_y02560.png,64531_x01536_y02560.tif,0.0,0
64531,2048,2560,64531_x02048_y02560.png,64531_x02048_y02560.png,64531_x02048_y02560.tif,0.0,0
64531,2560,2560,64531_x02560_y02560.png,64531_x02560_y02560.png,64531_x02560_y02560.tif,0.0,0
64531,3072,2560,64531_x03072_y02560.png,64531_x03072_y02560.png,64531_x03072_y02560.tif,0.0,0
64531,3584,2560,64531_x03584_y02560.png,64531_x03584_y02560.png,64531_x03584_y02560.tif,0.0,0
64531,4096,2560,64531_x04096_y02560.png,64531_x04096_y02560.png,64531_x04096_y02560.tif,0.0,0
64531,0,3072,64531_x00000_y03072.png,64531_x00000_y03072.png,64531_x00000_y03072.tif,0.0,0
64531,512,3072,64531_x00512_y03072.png,64531_x00512_y03072.png,64531_x00512_y03072.tif,0.0,0
64531,1024,3072,64531_x01024_y03072.png,64531_x01024_y03072.png,64531_x01024_y03072.tif,0.0,0
64531,1536,3072,64531_x01536_y03072.png,64531_x01536_y03072.png,64531_x01536_y03072.tif,0.0,0
64531,2048,3072,64531_x02048_y03072.png,64531_x02048_y03072.png,64531_x02048_y03072.tif,0.0,0
64531,2560,3072,64531_x02560_y03072.png,64531_x02560_y03072.png,64531_x02560_y03072.tif,0.0,0
64531,3072,3072,64531_x03072_y03072.png,64531_x03072_y03072.png,64531_x03072_y03072.tif,0.0,0
64531,3584,3072,64531_x03584_y03072.png,64531_x03584_y03072.png,64531_x03584_y03072.tif,0.0,0
64531,4096,3072,64531_x04096_y03072.png,64531_x04096_y03072.png,64531_x04096_y03072.tif,0.0,0
64531,0,3584,64531_x00000_y03584.png,64531_x00000_y03584.png,64531_x00000_y03584.tif,0.025127410888671875,6587
64531,512,3584,64531_x00512_y03584.png,64531_x00512_y03584.png,64531_x00512_y03584.tif,0.0,0
64531,1024,3584,64531_x01024_y03584.png,64531_x01024_y03584.png,64531_x01024_y03584.tif,0.0,0
64531,1536,3584,64531_x01536_y03584.png,64531_x01536_y03584.png,64531_x01536_y03584.tif,0.0,0
64531,2048,3584,64531_x02048_y03584.png,64531_x02048_y03584.png,64531_x02048_y03584.tif,0.0,0
64531,2560,3584,64531_x02560_y03584.png,64531_x02560_y03584.png,64531_x02560_y03584.tif,0.0,0
64531,3072,3584,64531_x03072_y03584.png,64531_x03072_y03584.png,64531_x03072_y03584.tif,0.0,0
64531,3584,3584,64531_x03584_y03584.png,64531_x03584_y03584.png,64531_x03584_y03584.tif,0.0,0
64531,4096,3584,64531_x04096_y03584.png,64531_x04096_y03584.png,64531_x04096_y03584.tif,0.0,0
64531,0,4096,64531_x00000_y04096.png,64531_x00000_y04096.png,64531_x00000_y04096.tif,0.0,0
64531,512,4096,64531_x00512_y04096.png,64531_x00512_y04096.png,64531_x00512_y04096.tif,0.0,0
64531,1024,4096,64531_x01024_y04096.png,64531_x01024_y04096.png,64531_x01024_y04096.tif,0.0,0
64531,1536,4096,64531_x01536_y04096.png,64531_x01536_y04096.png,64531_x01536_y04096.tif,0.0,0
64531,2048,4096,64531_x02048_y04096.png,64531_x02048_y04096.png,64531_x02048_y04096.tif,0.0,0
64531,2560,4096,64531_x02560_y04096.png,64531_x02560_y04096.png,64531_x02560_y04096.tif,0.0,0
64531,3072,4096,64531_x03072_y04096.png,64531_x03072_y04096.png,64531_x03072_y04096.tif,0.0,0
64531,3584,4096,64531_x03584_y04096.png,64531_x03584_y04096.png,64531_x03584_y04096.tif,0.0,0
64531,4096,4096,64531_x04096_y04096.png,64531_x04096_y04096.png,64531_x04096_y04096.tif,0.0,0
64831,0,0,64831_x00000_y00000.png,64831_x00000_y00000.png,64831_x00000_y00000.tif,0.0,0
64831,512,0,64831_x00512_y00000.png,64831_x00512_y00000.png,64831_x00512_y00000.tif,0.0,0
64831,1024,0,64831_x01024_y00000.png,64831_x01024_y00000.png,64831_x01024_y00000.tif,0.0,0
64831,1536,0,64831_x01536_y00000.png,64831_x01536_y00000.png,64831_x01536_y00000.tif,0.0,0
64831,2048,0,64831_x02048_y00000.png,64831_x02048_y00000.png,64831_x02048_y00000.tif,0.0,0
64831,2560,0,64831_x02560_y00000.png,64831_x02560_y00000.png,64831_x02560_y00000.tif,0.0,0
64831,3072,0,64831_x03072_y00000.png,64831_x03072_y00000.png,64831_x03072_y00000.tif,0.0,0
64831,3584,0,64831_x03584_y00000.png,64831_x03584_y00000.png,64831_x03584_y00000.tif,0.0,0
64831,4096,0,64831_x04096_y00000.png,64831_x04096_y00000.png,64831_x04096_y00000.tif,0.0,0
64831,0,512,64831_x00000_y00512.png,64831_x00000_y00512.png,64831_x00000_y00512.tif,0.0,0
64831,512,512,64831_x00512_y00512.png,64831_x00512_y00512.png,64831_x00512_y00512.tif,0.0,0
64831,1024,512,64831_x01024_y00512.png,64831_x01024_y00512.png,64831_x01024_y00512.tif,0.0,0
64831,1536,512,64831_x01536_y00512.png,64831_x01536_y00512.png,64831_x01536_y00512.tif,0.0,0
64831,2048,512,64831_x02048_y00512.png,64831_x02048_y00512.png,64831_x02048_y00512.tif,0.0,0
64831,2560,512,64831_x02560_y00512.png,64831_x02560_y00512.png,64831_x02560_y00512.tif,0.0,0
64831,3072,512,64831_x03072_y00512.png,64831_x03072_y00512.png,64831_x03072_y00512.tif,0.0,0
64831,3584,512,64831_x03584_y00512.png,64831_x03584_y00512.png,64831_x03584_y00512.tif,0.0,0
64831,4096,512,64831_x04096_y00512.png,64831_x04096_y00512.png,64831_x04096_y00512.tif,0.0,0
64831,0,1024,64831_x00000_y01024.png,64831_x00000_y01024.png,64831_x00000_y01024.tif,0.0,0
64831,512,1024,64831_x00512_y01024.png,64831_x00512_y01024.png,64831_x00512_y01024.tif,0.0,0
64831,1024,1024,64831_x01024_y01024.png,64831_x01024_y01024.png,64831_x01024_y01024.tif,0.0,0
64831,1536,1024,64831_x01536_y01024.png,64831_x01536_y01024.png,64831_x01536_y01024.tif,0.0,0
64831,2048,1024,64831_x02048_y01024.png,64831_x02048_y01024.png,64831_x02048_y01024.tif,0.0,0
64831,2560,1024,64831_x02560_y01024.png,64831_x02560_y01024.png,64831_x02560_y01024.tif,0.0,0
64831,3072,1024,64831_x03072_y01024.png,64831_x03072_y01024.png,64831_x03072_y01024.tif,0.0,0
64831,3584,1024,64831_x03584_y01024.png,64831_x03584_y01024.png,64831_x03584_y01024.tif,0.0,0
64831,4096,1024,64831_x04096_y01024.png,64831_x04096_y01024.png,64831_x04096_y01024.tif,0.0,0
64831,0,1536,64831_x00000_y01536.png,64831_x00000_y01536.png,64831_x00000_y01536.tif,0.0,0
64831,512,1536,64831_x00512_y01536.png,64831_x00512_y01536.png,64831_x00512_y01536.tif,0.0,0
64831,1024,1536,64831_x01024_y01536.png,64831_x01024_y01536.png,64831_x01024_y01536.tif,0.0,0
64831,1536,1536,64831_x01536_y01536.png,64831_x01536_y01536.png,64831_x01536_y01536.tif,0.0,0
64831,2048,1536,64831_x02048_y01536.png,64831_x02048_y01536.png,64831_x02048_y01536.tif,0.0,0
64831,2560,1536,64831_x02560_y01536.png,64831_x02560_y01536.png,64831_x02560_y01536.tif,0.0,0
64831,3072,1536,64831_x03072_y01536.png,64831_x03072_y01536.png,64831_x03072_y01536.tif,0.0,0
64831,3584,1536,64831_x03584_y01536.png,64831_x03584_y01536.png,64831_x03584_y01536.tif,0.0,0
64831,4096,1536,64831_x04096_y01536.png,64831_x04096_y01536.png,64831_x04096_y01536.tif,0.0,0
64831,0,2048,64831_x00000_y02048.png,64831_x00000_y02048.png,64831_x00000_y02048.tif,0.0,0
64831,512,2048,64831_x00512_y02048.png,64831_x00512_y02048.png,64831_x00512_y02048.tif,0.0,0
64831,1024,2048,64831_x01024_y02048.png,64831_x01024_y02048.png,64831_x01024_y02048.tif,0.0,0
64831,1536,2048,64831_x01536_y02048.png,64831_x01536_y02048.png,64831_x01536_y02048.tif,0.0,0
64831,2048,2048,64831_x02048_y02048.png,64831_x02048_y02048.png,64831_x02048_y02048.tif,0.0,0
64831,2560,2048,64831_x02560_y02048.png,64831_x02560_y02048.png,64831_x02560_y02048.tif,0.0,0
64831,3072,2048,64831_x03072_y02048.png,64831_x03072_y02048.png,64831_x03072_y02048.tif,0.0,0
64831,3584,2048,64831_x03584_y02048.png,64831_x03584_y02048.png,64831_x03584_y02048.tif,0.0,0
64831,4096,2048,64831_x04096_y02048.png,64831_x04096_y02048.png,64831_x04096_y02048.tif,0.0,0
64831,0,2560,64831_x00000_y02560.png,64831_x00000_y02560.png,64831_x00000_y02560.tif,0.0,0
64831,512,2560,64831_x00512_y02560.png,64831_x00512_y02560.png,64831_x00512_y02560.tif,0.0,0
64831,1024,2560,64831_x01024_y02560.png,64831_x01024_y02560.png,64831_x01024_y02560.tif,0.0,0
64831,1536,2560,64831_x01536_y02560.png,64831_x01536_y02560.png,64831_x01536_y02560.tif,0.0,0
64831,2048,2560,64831_x02048_y02560.png,64831_x02048_y02560.png,64831_x02048_y02560.tif,0.0,0
64831,2560,2560,64831_x02560_y02560.png,64831_x02560_y02560.png,64831_x02560_y02560.tif,0.0,0
64831,3072,2560,64831_x03072_y02560.png,64831_x03072_y02560.png,64831_x03072_y02560.tif,0.0,0
64831,3584,2560,64831_x03584_y02560.png,64831_x03584_y02560.png,64831_x03584_y02560.tif,0.0,0
64831,4096,2560,64831_x04096_y02560.png,64831_x04096_y02560.png,64831_x04096_y02560.tif,0.0,0
64831,0,3072,64831_x00000_y03072.png,64831_x00000_y03072.png,64831_x00000_y03072.tif,0.0,0
64831,512,3072,64831_x00512_y03072.png,64831_x00512_y03072.png,64831_x00512_y03072.tif,0.0,0
64831,1024,3072,64831_x01024_y03072.png,64831_x01024_y03072.png,64831_x01024_y03072.tif,0.0,0
64831,1536,3072,64831_x01536_y03072.png,64831_x01536_y03072.png,64831_x01536_y03072.tif,0.0,0
64831,2048,3072,64831_x02048_y03072.png,64831_x02048_y03072.png,64831_x02048_y03072.tif,0.0,0
64831,2560,3072,64831_x02560_y03072.png,64831_x02560_y03072.png,64831_x02560_y03072.tif,0.0,0
64831,3072,3072,64831_x03072_y03072.png,64831_x03072_y03072.png,64831_x03072_y03072.tif,0.0,0
64831,3584,3072,64831_x03584_y03072.png,64831_x03584_y03072.png,64831_x03584_y03072.tif,0.0,0
64831,4096,3072,64831_x04096_y03072.png,64831_x04096_y03072.png,64831_x04096_y03072.tif,0.0,0
64831,0,3584,64831_x00000_y03584.png,64831_x00000_y03584.png,64831_x00000_y03584.tif,0.0,0
64831,512,3584,64831_x00512_y03584.png,64831_x00512_y03584.png,64831_x00512_y03584.tif,0.0,0
64831,1024,3584,64831_x01024_y03584.png,64831_x01024_y03584.png,64831_x01024_y03584.tif,0.0,0
64831,1536,3584,64831_x01536_y03584.png,64831_x01536_y03584.png,64831_x01536_y03584.tif,0.0,0
64831,2048,3584,64831_x02048_y03584.png,64831_x02048_y03584.png,64831_x02048_y03584.tif,0.0,0
64831,2560,3584,64831_x02560_y03584.png,64831_x02560_y03584.png,64831_x02560_y03584.tif,0.0,0
64831,3072,3584,64831_x03072_y03584.png,64831_x03072_y03584.png,64831_x03072_y03584.tif,0.0,0
64831,3584,3584,64831_x03584_y03584.png,64831_x03584_y03584.png,64831_x03584_y03584.tif,0.15210723876953125,39874
64831,4096,3584,64831_x04096_y03584.png,64831_x04096_y03584.png,64831_x04096_y03584.tif,0.0,0
64831,0,4096,64831_x00000_y04096.png,64831_x00000_y04096.png,64831_x00000_y04096.tif,0.0,0
64831,512,4096,64831_x00512_y04096.png,64831_x00512_y04096.png,64831_x00512_y04096.tif,0.0,0
64831,1024,4096,64831_x01024_y04096.png,64831_x01024_y04096.png,64831_x01024_y04096.tif,0.0,0
64831,1536,4096,64831_x01536_y04096.png,64831_x01536_y04096.png,64831_x01536_y04096.tif,0.0,0
64831,2048,4096,64831_x02048_y04096.png,64831_x02048_y04096.png,64831_x02048_y04096.tif,0.0,0
64831,2560,4096,64831_x02560_y04096.png,64831_x02560_y04096.png,64831_x02560_y04096.tif,0.0,0
64831,3072,4096,64831_x03072_y04096.png,64831_x03072_y04096.png,64831_x03072_y04096.tif,0.0,0
64831,3584,4096,64831_x03584_y04096.png,64831_x03584_y04096.png,64831_x03584_y04096.tif,0.0,0
64831,4096,4096,64831_x04096_y04096.png,64831_x04096_y04096.png,64831_x04096_y04096.tif,0.0,0
65834,0,0,65834_x00000_y00000.png,65834_x00000_y00000.png,65834_x00000_y00000.tif,0.0,0
65834,512,0,65834_x00512_y00000.png,65834_x00512_y00000.png,65834_x00512_y00000.tif,0.0,0
65834,1024,0,65834_x01024_y00000.png,65834_x01024_y00000.png,65834_x01024_y00000.tif,0.0,0
65834,1536,0,65834_x01536_y00000.png,65834_x01536_y00000.png,65834_x01536_y00000.tif,0.0,0
65834,2048,0,65834_x02048_y00000.png,65834_x02048_y00000.png,65834_x02048_y00000.tif,0.0,0
65834,2560,0,65834_x02560_y00000.png,65834_x02560_y00000.png,65834_x02560_y00000.tif,0.0,0
65834,3072,0,65834_x03072_y00000.png,65834_x03072_y00000.png,65834_x03072_y00000.tif,0.0,0
65834,3584,0,65834_x03584_y00000.png,65834_x03584_y00000.png,65834_x03584_y00000.tif,0.0,0
65834,4096,0,65834_x04096_y00000.png,65834_x04096_y00000.png,65834_x04096_y00000.tif,0.0,0
65834,0,512,65834_x00000_y00512.png,65834_x00000_y00512.png,65834_x00000_y00512.tif,0.0,0
65834,512,512,65834_x00512_y00512.png,65834_x00512_y00512.png,65834_x00512_y00512.tif,0.0,0
65834,1024,512,65834_x01024_y00512.png,65834_x01024_y00512.png,65834_x01024_y00512.tif,0.0,0
65834,1536,512,65834_x01536_y00512.png,65834_x01536_y00512.png,65834_x01536_y00512.tif,0.0,0
65834,2048,512,65834_x02048_y00512.png,65834_x02048_y00512.png,65834_x02048_y00512.tif,0.0,0
65834,2560,512,65834_x02560_y00512.png,65834_x02560_y00512.png,65834_x02560_y00512.tif,0.0,0
65834,3072,512,65834_x03072_y00512.png,65834_x03072_y00512.png,65834_x03072_y00512.tif,0.0,0
65834,3584,512,65834_x03584_y00512.png,65834_x03584_y00512.png,65834_x03584_y00512.tif,0.0,0
65834,4096,512,65834_x04096_y00512.png,65834_x04096_y00512.png,65834_x04096_y00512.tif,0.0,0
65834,0,1024,65834_x00000_y01024.png,65834_x00000_y01024.png,65834_x00000_y01024.tif,0.0,0
65834,512,1024,65834_x00512_y01024.png,65834_x00512_y01024.png,65834_x00512_y01024.tif,0.0,0
65834,1024,1024,65834_x01024_y01024.png,65834_x01024_y01024.png,65834_x01024_y01024.tif,0.0,0
65834,1536,1024,65834_x01536_y01024.png,65834_x01536_y01024.png,65834_x01536_y01024.tif,0.0,0
65834,2048,1024,65834_x02048_y01024.png,65834_x02048_y01024.png,65834_x02048_y01024.tif,0.0,0
65834,2560,1024,65834_x02560_y01024.png,65834_x02560_y01024.png,65834_x02560_y01024.tif,0.0,0
65834,3072,1024,65834_x03072_y01024.png,65834_x03072_y01024.png,65834_x03072_y01024.tif,0.0,0
65834,3584,1024,65834_x03584_y01024.png,65834_x03584_y01024.png,65834_x03584_y01024.tif,0.005733489990234375,1503
65834,4096,1024,65834_x04096_y01024.png,65834_x04096_y01024.png,65834_x04096_y01024.tif,0.002765655517578125,725
65834,0,1536,65834_x00000_y01536.png,65834_x00000_y01536.png,65834_x00000_y01536.tif,0.0,0
65834,512,1536,65834_x00512_y01536.png,65834_x00512_y01536.png,65834_x00512_y01536.tif,0.0,0
65834,1024,1536,65834_x01024_y01536.png,65834_x01024_y01536.png,65834_x01024_y01536.tif,0.0,0
65834,1536,1536,65834_x01536_y01536.png,65834_x01536_y01536.png,65834_x01536_y01536.tif,0.0,0
65834,2048,1536,65834_x02048_y01536.png,65834_x02048_y01536.png,65834_x02048_y01536.tif,0.0,0
65834,2560,1536,65834_x02560_y01536.png,65834_x02560_y01536.png,65834_x02560_y01536.tif,0.0,0
65834,3072,1536,65834_x03072_y01536.png,65834_x03072_y01536.png,65834_x03072_y01536.tif,0.0,0
65834,3584,1536,65834_x03584_y01536.png,65834_x03584_y01536.png,65834_x03584_y01536.tif,0.0,0
65834,4096,1536,65834_x04096_y01536.png,65834_x04096_y01536.png,65834_x04096_y01536.tif,0.0,0
65834,0,2048,65834_x00000_y02048.png,65834_x00000_y02048.png,65834_x00000_y02048.tif,0.0,0
65834,512,2048,65834_x00512_y02048.png,65834_x00512_y02048.png,65834_x00512_y02048.tif,0.0,0
65834,1024,2048,65834_x01024_y02048.png,65834_x01024_y02048.png,65834_x01024_y02048.tif,0.0,0
65834,1536,2048,65834_x01536_y02048.png,65834_x01536_y02048.png,65834_x01536_y02048.tif,0.0,0
65834,2048,2048,65834_x02048_y02048.png,65834_x02048_y02048.png,65834_x02048_y02048.tif,0.0,0
65834,2560,2048,65834_x02560_y02048.png,65834_x02560_y02048.png,65834_x02560_y02048.tif,0.0,0
65834,3072,2048,65834_x03072_y02048.png,65834_x03072_y02048.png,65834_x03072_y02048.tif,0.0,0
65834,3584,2048,65834_x03584_y02048.png,65834_x03584_y02048.png,65834_x03584_y02048.tif,0.0,0
65834,4096,2048,65834_x04096_y02048.png,65834_x04096_y02048.png,65834_x04096_y02048.tif,0.0,0
65834,0,2560,65834_x00000_y02560.png,65834_x00000_y02560.png,65834_x00000_y02560.tif,0.0,0
65834,512,2560,65834_x00512_y02560.png,65834_x00512_y02560.png,65834_x00512_y02560.tif,0.0,0
65834,1024,2560,65834_x01024_y02560.png,65834_x01024_y02560.png,65834_x01024_y02560.tif,0.0,0
65834,1536,2560,65834_x01536_y02560.png,65834_x01536_y02560.png,65834_x01536_y02560.tif,0.0,0
65834,2048,2560,65834_x02048_y02560.png,65834_x02048_y02560.png,65834_x02048_y02560.tif,0.0,0
65834,2560,2560,65834_x02560_y02560.png,65834_x02560_y02560.png,65834_x02560_y02560.tif,0.0,0
65834,3072,2560,65834_x03072_y02560.png,65834_x03072_y02560.png,65834_x03072_y02560.tif,0.0,0
65834,3584,2560,65834_x03584_y02560.png,65834_x03584_y02560.png,65834_x03584_y02560.tif,0.0,0
65834,4096,2560,65834_x04096_y02560.png,65834_x04096_y02560.png,65834_x04096_y02560.tif,0.0,0
65834,0,3072,65834_x00000_y03072.png,65834_x00000_y03072.png,65834_x00000_y03072.tif,0.0,0
65834,512,3072,65834_x00512_y03072.png,65834_x00512_y03072.png,65834_x00512_y03072.tif,0.0,0
65834,1024,3072,65834_x01024_y03072.png,65834_x01024_y03072.png,65834_x01024_y03072.tif,0.0,0
65834,1536,3072,65834_x01536_y03072.png,65834_x01536_y03072.png,65834_x01536_y03072.tif,0.0,0
65834,2048,3072,65834_x02048_y03072.png,65834_x02048_y03072.png,65834_x02048_y03072.tif,0.0,0
65834,2560,3072,65834_x02560_y03072.png,65834_x02560_y03072.png,65834_x02560_y03072.tif,0.0,0
65834,3072,3072,65834_x03072_y03072.png,65834_x03072_y03072.png,65834_x03072_y03072.tif,0.0,0
65834,3584,3072,65834_x03584_y03072.png,65834_x03584_y03072.png,65834_x03584_y03072.tif,0.0,0
65834,4096,3072,65834_x04096_y03072.png,65834_x04096_y03072.png,65834_x04096_y03072.tif,0.0,0
65834,0,3584,65834_x00000_y03584.png,65834_x00000_y03584.png,65834_x00000_y03584.tif,0.0,0
65834,512,3584,65834_x00512_y03584.png,65834_x00512_y03584.png,65834_x00512_y03584.tif,0.0,0
65834,1024,3584,65834_x01024_y03584.png,65834_x01024_y03584.png,65834_x01024_y03584.tif,0.0,0
65834,1536,3584,65834_x01536_y03584.png,65834_x01536_y03584.png,65834_x01536_y03584.tif,0.0,0
65834,2048,3584,65834_x02048_y03584.png,65834_x02048_y03584.png,65834_x02048_y03584.tif,0.0,0
65834,2560,3584,65834_x02560_y03584.png,65834_x02560_y03584.png,65834_x02560_y03584.tif,0.0,0
65834,3072,3584,65834_x03072_y03584.png,65834_x03072_y03584.png,65834_x03072_y03584.tif,0.0,0
65834,3584,3584,65834_x03584_y03584.png,65834_x03584_y03584.png,65834_x03584_y03584.tif,0.0,0
65834,4096,3584,65834_x04096_y03584.png,65834_x04096_y03584.png,65834_x04096_y03584.tif,0.0,0
65834,0,4096,65834_x00000_y04096.png,65834_x00000_y04096.png,65834_x00000_y04096.tif,0.0,0
65834,512,4096,65834_x00512_y04096.png,65834_x00512_y04096.png,65834_x00512_y04096.tif,0.0,0
65834,1024,4096,65834_x01024_y04096.png,65834_x01024_y04096.png,65834_x01024_y04096.tif,0.0,0
65834,1536,4096,65834_x01536_y04096.png,65834_x01536_y04096.png,65834_x01536_y04096.tif,0.0,0
65834,2048,4096,65834_x02048_y04096.png,65834_x02048_y04096.png,65834_x02048_y04096.tif,0.0,0
65834,2560,4096,65834_x02560_y04096.png,65834_x02560_y04096.png,65834_x02560_y04096.tif,0.0,0
65834,3072,4096,65834_x03072_y04096.png,65834_x03072_y04096.png,65834_x03072_y04096.tif,0.0,0
65834,3584,4096,65834_x03584_y04096.png,65834_x03584_y04096.png,65834_x03584_y04096.tif,0.0,0
65834,4096,4096,65834_x04096_y04096.png,65834_x04096_y04096.png,65834_x04096_y04096.tif,0.0,0
63951,0,0,63951_x00000_y00000.png,63951_x00000_y00000.png,63951_x00000_y00000.tif,0.0,0
63951,512,0,63951_x00512_y00000.png,63951_x00512_y00000.png,63951_x00512_y00000.tif,0.0,0
63951,1024,0,63951_x01024_y00000.png,63951_x01024_y00000.png,63951_x01024_y00000.tif,0.0,0
63951,1536,0,63951_x01536_y00000.png,63951_x01536_y00000.png,63951_x01536_y00000.tif,0.0,0
63951,2048,0,63951_x02048_y00000.png,63951_x02048_y00000.png,63951_x02048_y00000.tif,0.0,0
63951,2560,0,63951_x02560_y00000.png,63951_x02560_y00000.png,63951_x02560_y00000.tif,0.0,0
63951,3072,0,63951_x03072_y00000.png,63951_x03072_y00000.png,63951_x03072_y00000.tif,0.0,0
63951,3584,0,63951_x03584_y00000.png,63951_x03584_y00000.png,63951_x03584_y00000.tif,0.0,0
63951,4096,0,63951_x04096_y00000.png,63951_x04096_y00000.png,63951_x04096_y00000.tif,0.0,0
63951,0,512,63951_x00000_y00512.png,63951_x00000_y00512.png,63951_x00000_y00512.tif,0.0,0
63951,512,512,63951_x00512_y00512.png,63951_x00512_y00512.png,63951_x00512_y00512.tif,0.0,0
63951,1024,512,63951_x01024_y00512.png,63951_x01024_y00512.png,63951_x01024_y00512.tif,0.0,0
63951,1536,512,63951_x01536_y00512.png,63951_x01536_y00512.png,63951_x01536_y00512.tif,0.0,0
63951,2048,512,63951_x02048_y00512.png,63951_x02048_y00512.png,63951_x02048_y00512.tif,0.0,0
63951,2560,512,63951_x02560_y00512.png,63951_x02560_y00512.png,63951_x02560_y00512.tif,0.0,0
63951,3072,512,63951_x03072_y00512.png,63951_x03072_y00512.png,63951_x03072_y00512.tif,0.0,0
63951,3584,512,63951_x03584_y00512.png,63951_x03584_y00512.png,63951_x03584_y00512.tif,0.0,0
63951,4096,512,63951_x04096_y00512.png,63951_x04096_y00512.png,63951_x04096_y00512.tif,0.0,0
63951,0,1024,63951_x00000_y01024.png,63951_x00000_y01024.png,63951_x00000_y01024.tif,0.0,0
63951,512,1024,63951_x00512_y01024.png,63951_x00512_y01024.png,63951_x00512_y01024.tif,0.0,0
63951,1024,1024,63951_x01024_y01024.png,63951_x01024_y01024.png,63951_x01024_y01024.tif,0.0,0
63951,1536,1024,63951_x01536_y01024.png,63951_x01536_y01024.png,63951_x01536_y01024.tif,0.0,0
63951,2048,1024,63951_x02048_y01024.png,63951_x02048_y01024.png,63951_x02048_y01024.tif,0.0,0
63951,2560,1024,63951_x02560_y01024.png,63951_x02560_y01024.png,63951_x02560_y01024.tif,0.0,0
63951,3072,1024,63951_x03072_y01024.png,63951_x03072_y01024.png,63951_x03072_y01024.tif,0.0,0
63951,3584,1024,63951_x03584_y01024.png,63951_x03584_y01024.png,63951_x03584_y01024.tif,0.0,0
63951,4096,1024,63951_x04096_y01024.png,63951_x04096_y01024.png,63951_x04096_y01024.tif,0.0,0
63951,0,1536,63951_x00000_y01536.png,63951_x00000_y01536.png,63951_x00000_y01536.tif,0.0,0
63951,512,1536,63951_x00512_y01536.png,63951_x00512_y01536.png,63951_x00512_y01536.tif,0.0,0
63951,1024,1536,63951_x01024_y01536.png,63951_x01024_y01536.png,63951_x01024_y01536.tif,0.0,0
63951,1536,1536,63951_x01536_y01536.png,63951_x01536_y01536.png,63951_x01536_y01536.tif,0.0,0
63951,2048,1536,63951_x02048_y01536.png,63951_x02048_y01536.png,63951_x02048_y01536.tif,0.0,0
63951,2560,1536,63951_x02560_y01536.png,63951_x02560_y01536.png,63951_x02560_y01536.tif,0.0,0
63951,3072,1536,63951_x03072_y01536.png,63951_x03072_y01536.png,63951_x03072_y01536.tif,0.0,0
63951,3584,1536,63951_x03584_y01536.png,63951_x03584_y01536.png,63951_x03584_y01536.tif,0.0,0
63951,4096,1536,63951_x04096_y01536.png,63951_x04096_y01536.png,63951_x04096_y01536.tif,0.0,0
63951,0,2048,63951_x00000_y02048.png,63951_x00000_y02048.png,63951_x00000_y02048.tif,0.0,0
63951,512,2048,63951_x00512_y02048.png,63951_x00512_y02048.png,63951_x00512_y02048.tif,0.0,0
63951,1024,2048,63951_x01024_y02048.png,63951_x01024_y02048.png,63951_x01024_y02048.tif,0.0,0
63951,1536,2048,63951_x01536_y02048.png,63951_x01536_y02048.png,63951_x01536_y02048.tif,0.0,0
63951,2048,2048,63951_x02048_y02048.png,63951_x02048_y02048.png,63951_x02048_y02048.tif,0.0,0
63951,2560,2048,63951_x02560_y02048.png,63951_x02560_y02048.png,63951_x02560_y02048.tif,0.0,0
63951,3072,2048,63951_x03072_y02048.png,63951_x03072_y02048.png,63951_x03072_y02048.tif,0.0,0
63951,3584,2048,63951_x03584_y02048.png,63951_x03584_y02048.png,63951_x03584_y02048.tif,0.0,0
63951,4096,2048,63951_x04096_y02048.png,63951_x04096_y02048.png,63951_x04096_y02048.tif,0.0,0
63951,0,2560,63951_x00000_y02560.png,63951_x00000_y02560.png,63951_x00000_y02560.tif,0.0,0
63951,512,2560,63951_x00512_y02560.png,63951_x00512_y02560.png,63951_x00512_y02560.tif,0.0,0
63951,1024,2560,63951_x01024_y02560.png,63951_x01024_y02560.png,63951_x01024_y02560.tif,0.0,0
63951,1536,2560,63951_x01536_y02560.png,63951_x01536_y02560.png,63951_x01536_y02560.tif,0.0,0
63951,2048,2560,63951_x02048_y02560.png,63951_x02048_y02560.png,63951_x02048_y02560.tif,0.0,0
63951,2560,2560,63951_x02560_y02560.png,63951_x02560_y02560.png,63951_x02560_y02560.tif,0.0,0
63951,3072,2560,63951_x03072_y02560.png,63951_x03072_y02560.png,63951_x03072_y02560.tif,0.0,0
63951,3584,2560,63951_x03584_y02560.png,63951_x03584_y02560.png,63951_x03584_y02560.tif,0.0,0
63951,4096,2560,63951_x04096_y02560.png,63951_x04096_y02560.png,63951_x04096_y02560.tif,0.0,0
63951,0,3072,63951_x00000_y03072.png,63951_x00000_y03072.png,63951_x00000_y03072.tif,0.0,0
63951,512,3072,63951_x00512_y03072.png,63951_x00512_y03072.png,63951_x00512_y03072.tif,0.0,0
63951,1024,3072,63951_x01024_y03072.png,63951_x01024_y03072.png,63951_x01024_y03072.tif,0.002552032470703125,669
63951,1536,3072,63951_x01536_y03072.png,63951_x01536_y03072.png,63951_x01536_y03072.tif,0.0,0
63951,2048,3072,63951_x02048_y03072.png,63951_x02048_y03072.png,63951_x02048_y03072.tif,0.0,0
63951,2560,3072,63951_x02560_y03072.png,63951_x02560_y03072.png,63951_x02560_y03072.tif,0.0,0
63951,3072,3072,63951_x03072_y03072.png,63951_x03072_y03072.png,63951_x03072_y03072.tif,0.0,0
63951,3584,3072,63951_x03584_y03072.png,63951_x03584_y03072.png,63951_x03584_y03072.tif,0.0,0
63951,4096,3072,63951_x04096_y03072.png,63951_x04096_y03072.png,63951_x04096_y03072.tif,0.0,0
63951,0,3584,63951_x00000_y03584.png,63951_x00000_y03584.png,63951_x00000_y03584.tif,0.0,0
63951,512,3584,63951_x00512_y03584.png,63951_x00512_y03584.png,63951_x00512_y03584.tif,0.0,0
63951,1024,3584,63951_x01024_y03584.png,63951_x01024_y03584.png,63951_x01024_y03584.tif,0.06769561767578125,17746
63951,1536,3584,63951_x01536_y03584.png,63951_x01536_y03584.png,63951_x01536_y03584.tif,0.0,0
63951,2048,3584,63951_x02048_y03584.png,63951_x02048_y03584.png,63951_x02048_y03584.tif,0.0,0
63951,2560,3584,63951_x02560_y03584.png,63951_x02560_y03584.png,63951_x02560_y03584.tif,0.0,0
63951,3072,3584,63951_x03072_y03584.png,63951_x03072_y03584.png,63951_x03072_y03584.tif,0.0,0
63951,3584,3584,63951_x03584_y03584.png,63951_x03584_y03584.png,63951_x03584_y03584.tif,0.0,0
63951,4096,3584,63951_x04096_y03584.png,63951_x04096_y03584.png,63951_x04096_y03584.tif,0.0,0
63951,0,4096,63951_x00000_y04096.png,63951_x00000_y04096.png,63951_x00000_y04096.tif,0.0,0
63951,512,4096,63951_x00512_y04096.png,63951_x00512_y04096.png,63951_x00512_y04096.tif,0.0,0
63951,1024,4096,63951_x01024_y04096.png,63951_x01024_y04096.png,63951_x01024_y04096.tif,0.0,0
63951,1536,4096,63951_x01536_y04096.png,63951_x01536_y04096.png,63951_x01536_y04096.tif,0.0,0
63951,2048,4096,63951_x02048_y04096.png,63951_x02048_y04096.png,63951_x02048_y04096.tif,0.0,0
63951,2560,4096,63951_x02560_y04096.png,63951_x02560_y04096.png,63951_x02560_y04096.tif,0.0,0
63951,3072,4096,63951_x03072_y04096.png,63951_x03072_y04096.png,63951_x03072_y04096.tif,0.0,0
63951,3584,4096,63951_x03584_y04096.png,63951_x03584_y04096.png,63951_x03584_y04096.tif,0.0,0
63951,4096,4096,63951_x04096_y04096.png,63951_x04096_y04096.png,63951_x04096_y04096.tif,0.0,0
64043,0,0,64043_x00000_y00000.png,64043_x00000_y00000.png,64043_x00000_y00000.tif,0.0,0
64043,512,0,64043_x00512_y00000.png,64043_x00512_y00000.png,64043_x00512_y00000.tif,0.0,0
64043,1024,0,64043_x01024_y00000.png,64043_x01024_y00000.png,64043_x01024_y00000.tif,0.0,0
64043,1536,0,64043_x01536_y00000.png,64043_x01536_y00000.png,64043_x01536_y00000.tif,0.0,0
64043,2048,0,64043_x02048_y00000.png,64043_x02048_y00000.png,64043_x02048_y00000.tif,0.0,0
64043,2560,0,64043_x02560_y00000.png,64043_x02560_y00000.png,64043_x02560_y00000.tif,0.0,0
64043,3072,0,64043_x03072_y00000.png,64043_x03072_y00000.png,64043_x03072_y00000.tif,0.0,0
64043,3584,0,64043_x03584_y00000.png,64043_x03584_y00000.png,64043_x03584_y00000.tif,0.0,0
64043,4096,0,64043_x04096_y00000.png,64043_x04096_y00000.png,64043_x04096_y00000.tif,0.0,0
64043,0,512,64043_x00000_y00512.png,64043_x00000_y00512.png,64043_x00000_y00512.tif,0.0,0
64043,512,512,64043_x00512_y00512.png,64043_x00512_y00512.png,64043_x00512_y00512.tif,0.0,0
64043,1024,512,64043_x01024_y00512.png,64043_x01024_y00512.png,64043_x01024_y00512.tif,0.0,0
64043,1536,512,64043_x01536_y00512.png,64043_x01536_y00512.png,64043_x01536_y00512.tif,0.0070343017578125,1844
64043,2048,512,64043_x02048_y00512.png,64043_x02048_y00512.png,64043_x02048_y00512.tif,0.012409210205078125,3253
64043,2560,512,64043_x02560_y00512.png,64043_x02560_y00512.png,64043_x02560_y00512.tif,0.0,0
64043,3072,512,64043_x03072_y00512.png,64043_x03072_y00512.png,64043_x03072_y00512.tif,0.0,0
64043,3584,512,64043_x03584_y00512.png,64043_x03584_y00512.png,64043_x03584_y00512.tif,0.0,0
64043,4096,512,64043_x04096_y00512.png,64043_x04096_y00512.png,64043_x04096_y00512.tif,0.0,0
64043,0,1024,64043_x00000_y01024.png,64043_x00000_y01024.png,64043_x00000_y01024.tif,0.0,0
64043,512,1024,64043_x00512_y01024.png,64043_x00512_y01024.png,64043_x00512_y01024.tif,0.0,0
64043,1024,1024,64043_x01024_y01024.png,64043_x01024_y01024.png,64043_x01024_y01024.tif,0.0,0
64043,1536,1024,64043_x01536_y01024.png,64043_x01536_y01024.png,64043_x01536_y01024.tif,0.0,0
64043,2048,1024,64043_x02048_y01024.png,64043_x02048_y01024.png,64043_x02048_y01024.tif,0.0,0
64043,2560,1024,64043_x02560_y01024.png,64043_x02560_y01024.png,64043_x02560_y01024.tif,0.0,0
64043,3072,1024,64043_x03072_y01024.png,64043_x03072_y01024.png,64043_x03072_y01024.tif,0.0,0
64043,3584,1024,64043_x03584_y01024.png,64043_x03584_y01024.png,64043_x03584_y01024.tif,0.0,0
64043,4096,1024,64043_x04096_y01024.png,64043_x04096_y01024.png,64043_x04096_y01024.tif,0.0,0
64043,0,1536,64043_x00000_y01536.png,64043_x00000_y01536.png,64043_x00000_y01536.tif,0.0,0
64043,512,1536,64043_x00512_y01536.png,64043_x00512_y01536.png,64043_x00512_y01536.tif,0.0,0
64043,1024,1536,64043_x01024_y01536.png,64043_x01024_y01536.png,64043_x01024_y01536.tif,0.0,0
64043,1536,1536,64043_x01536_y01536.png,64043_x01536_y01536.png,64043_x01536_y01536.tif,0.0,0
64043,2048,1536,64043_x02048_y01536.png,64043_x02048_y01536.png,64043_x02048_y01536.tif,0.0,0
64043,2560,1536,64043_x02560_y01536.png,64043_x02560_y01536.png,64043_x02560_y01536.tif,0.0,0
64043,3072,1536,64043_x03072_y01536.png,64043_x03072_y01536.png,64043_x03072_y01536.tif,0.0,0
64043,3584,1536,64043_x03584_y01536.png,64043_x03584_y01536.png,64043_x03584_y01536.tif,0.0,0
64043,4096,1536,64043_x04096_y01536.png,64043_x04096_y01536.png,64043_x04096_y01536.tif,0.0,0
64043,0,2048,64043_x00000_y02048.png,64043_x00000_y02048.png,64043_x00000_y02048.tif,0.0,0
64043,512,2048,64043_x00512_y02048.png,64043_x00512_y02048.png,64043_x00512_y02048.tif,0.0,0
64043,1024,2048,64043_x01024_y02048.png,64043_x01024_y02048.png,64043_x01024_y02048.tif,0.0,0
64043,1536,2048,64043_x01536_y02048.png,64043_x01536_y02048.png,64043_x01536_y02048.tif,0.0,0
64043,2048,2048,64043_x02048_y02048.png,64043_x02048_y02048.png,64043_x02048_y02048.tif,0.0,0
64043,2560,2048,64043_x02560_y02048.png,64043_x02560_y02048.png,64043_x02560_y02048.tif,0.0,0
64043,3072,2048,64043_x03072_y02048.png,64043_x03072_y02048.png,64043_x03072_y02048.tif,0.0,0
64043,3584,2048,64043_x03584_y02048.png,64043_x03584_y02048.png,64043_x03584_y02048.tif,0.0,0
64043,4096,2048,64043_x04096_y02048.png,64043_x04096_y02048.png,64043_x04096_y02048.tif,0.0,0
64043,0,2560,64043_x00000_y02560.png,64043_x00000_y02560.png,64043_x00000_y02560.tif,0.0,0
64043,512,2560,64043_x00512_y02560.png,64043_x00512_y02560.png,64043_x00512_y02560.tif,0.0,0
64043,1024,2560,64043_x01024_y02560.png,64043_x01024_y02560.png,64043_x01024_y02560.tif,0.0,0
64043,1536,2560,64043_x01536_y02560.png,64043_x01536_y02560.png,64043_x01536_y02560.tif,0.0,0
64043,2048,2560,64043_x02048_y02560.png,64043_x02048_y02560.png,64043_x02048_y02560.tif,0.0,0
64043,2560,2560,64043_x02560_y02560.png,64043_x02560_y02560.png,64043_x02560_y02560.tif,0.0,0
64043,3072,2560,64043_x03072_y02560.png,64043_x03072_y02560.png,64043_x03072_y02560.tif,0.0,0
64043,3584,2560,64043_x03584_y02560.png,64043_x03584_y02560.png,64043_x03584_y02560.tif,0.0,0
64043,4096,2560,64043_x04096_y02560.png,64043_x04096_y02560.png,64043_x04096_y02560.tif,0.0,0
64043,0,3072,64043_x00000_y03072.png,64043_x00000_y03072.png,64043_x00000_y03072.tif,0.0,0
64043,512,3072,64043_x00512_y03072.png,64043_x00512_y03072.png,64043_x00512_y03072.tif,0.0,0
64043,1024,3072,64043_x01024_y03072.png,64043_x01024_y03072.png,64043_x01024_y03072.tif,0.0,0
64043,1536,3072,64043_x01536_y03072.png,64043_x01536_y03072.png,64043_x01536_y03072.tif,0.0,0
64043,2048,3072,64043_x02048_y03072.png,64043_x02048_y03072.png,64043_x02048_y03072.tif,0.0,0
64043,2560,3072,64043_x02560_y03072.png,64043_x02560_y03072.png,64043_x02560_y03072.tif,0.0,0
64043,3072,3072,64043_x03072_y03072.png,64043_x03072_y03072.png,64043_x03072_y03072.tif,0.0,0
64043,3584,3072,64043_x03584_y03072.png,64043_x03584_y03072.png,64043_x03584_y03072.tif,0.0,0
64043,4096,3072,64043_x04096_y03072.png,64043_x04096_y03072.png,64043_x04096_y03072.tif,0.0,0
64043,0,3584,64043_x00000_y03584.png,64043_x00000_y03584.png,64043_x00000_y03584.tif,0.0,0
64043,512,3584,64043_x00512_y03584.png,64043_x00512_y03584.png,64043_x00512_y03584.tif,0.0,0
64043,1024,3584,64043_x01024_y03584.png,64043_x01024_y03584.png,64043_x01024_y03584.tif,0.0,0
64043,1536,3584,64043_x01536_y03584.png,64043_x01536_y03584.png,64043_x01536_y03584.tif,0.0,0
64043,2048,3584,64043_x02048_y03584.png,64043_x02048_y03584.png,64043_x02048_y03584.tif,0.0,0
64043,2560,3584,64043_x02560_y03584.png,64043_x02560_y03584.png,64043_x02560_y03584.tif,0.0,0
64043,3072,3584,64043_x03072_y03584.png,64043_x03072_y03584.png,64043_x03072_y03584.tif,0.0,0
64043,3584,3584,64043_x03584_y03584.png,64043_x03584_y03584.png,64043_x03584_y03584.tif,0.0,0
64043,4096,3584,64043_x04096_y03584.png,64043_x04096_y03584.png,64043_x04096_y03584.tif,0.0,0
64043,0,4096,64043_x00000_y04096.png,64043_x00000_y04096.png,64043_x00000_y04096.tif,0.0,0
64043,512,4096,64043_x00512_y04096.png,64043_x00512_y04096.png,64043_x00512_y04096.tif,0.0,0
64043,1024,4096,64043_x01024_y04096.png,64043_x01024_y04096.png,64043_x01024_y04096.tif,0.0,0
64043,1536,4096,64043_x01536_y04096.png,64043_x01536_y04096.png,64043_x01536_y04096.tif,0.0,0
64043,2048,4096,64043_x02048_y04096.png,64043_x02048_y04096.png,64043_x02048_y04096.tif,0.0,0
64043,2560,4096,64043_x02560_y04096.png,64043_x02560_y04096.png,64043_x02560_y04096.tif,0.0,0
64043,3072,4096,64043_x03072_y04096.png,64043_x03072_y04096.png,64043_x03072_y04096.tif,0.0,0
64043,3584,4096,64043_x03584_y04096.png,64043_x03584_y04096.png,64043_x03584_y04096.tif,0.0,0
64043,4096,4096,64043_x04096_y04096.png,64043_x04096_y04096.png,64043_x04096_y04096.tif,0.0,0
51792,0,0,51792_x00000_y00000.png,51792_x00000_y00000.png,51792_x00000_y00000.tif,0.0,0
51792,512,0,51792_x00512_y00000.png,51792_x00512_y00000.png,51792_x00512_y00000.tif,0.0,0
51792,1024,0,51792_x01024_y00000.png,51792_x01024_y00000.png,51792_x01024_y00000.tif,0.0,0
51792,1536,0,51792_x01536_y00000.png,51792_x01536_y00000.png,51792_x01536_y00000.tif,0.0,0
51792,2048,0,51792_x02048_y00000.png,51792_x02048_y00000.png,51792_x02048_y00000.tif,0.0,0
51792,2560,0,51792_x02560_y00000.png,51792_x02560_y00000.png,51792_x02560_y00000.tif,0.133209228515625,34920
51792,3072,0,51792_x03072_y00000.png,51792_x03072_y00000.png,51792_x03072_y00000.tif,0.0,0
51792,3584,0,51792_x03584_y00000.png,51792_x03584_y00000.png,51792_x03584_y00000.tif,0.0,0
51792,4096,0,51792_x04096_y00000.png,51792_x04096_y00000.png,51792_x04096_y00000.tif,0.0,0
51792,0,512,51792_x00000_y00512.png,51792_x00000_y00512.png,51792_x00000_y00512.tif,0.0,0
51792,512,512,51792_x00512_y00512.png,51792_x00512_y00512.png,51792_x00512_y00512.tif,0.0,0
51792,1024,512,51792_x01024_y00512.png,51792_x01024_y00512.png,51792_x01024_y00512.tif,0.0,0
51792,1536,512,51792_x01536_y00512.png,51792_x01536_y00512.png,51792_x01536_y00512.tif,0.0,0
51792,2048,512,51792_x02048_y00512.png,51792_x02048_y00512.png,51792_x02048_y00512.tif,0.0,0
51792,2560,512,51792_x02560_y00512.png,51792_x02560_y00512.png,51792_x02560_y00512.tif,0.00562286376953125,1474
51792,3072,512,51792_x03072_y00512.png,51792_x03072_y00512.png,51792_x03072_y00512.tif,0.0,0
51792,3584,512,51792_x03584_y00512.png,51792_x03584_y00512.png,51792_x03584_y00512.tif,0.0,0
51792,4096,512,51792_x04096_y00512.png,51792_x04096_y00512.png,51792_x04096_y00512.tif,0.0,0
51792,0,1024,51792_x00000_y01024.png,51792_x00000_y01024.png,51792_x00000_y01024.tif,0.0,0
51792,512,1024,51792_x00512_y01024.png,51792_x00512_y01024.png,51792_x00512_y01024.tif,0.0,0
51792,1024,1024,51792_x01024_y01024.png,51792_x01024_y01024.png,51792_x01024_y01024.tif,0.0,0
51792,1536,1024,51792_x01536_y01024.png,51792_x01536_y01024.png,51792_x01536_y01024.tif,0.0,0
51792,2048,1024,51792_x02048_y01024.png,51792_x02048_y01024.png,51792_x02048_y01024.tif,0.0,0
51792,2560,1024,51792_x02560_y01024.png,51792_x02560_y01024.png,51792_x02560_y01024.tif,0.0,0
51792,3072,1024,51792_x03072_y01024.png,51792_x03072_y01024.png,51792_x03072_y01024.tif,0.0,0
51792,3584,1024,51792_x03584_y01024.png,51792_x03584_y01024.png,51792_x03584_y01024.tif,0.0,0
51792,4096,1024,51792_x04096_y01024.png,51792_x04096_y01024.png,51792_x04096_y01024.tif,0.0,0
51792,0,1536,51792_x00000_y01536.png,51792_x00000_y01536.png,51792_x00000_y01536.tif,0.0,0
51792,512,1536,51792_x00512_y01536.png,51792_x00512_y01536.png,51792_x00512_y01536.tif,0.0,0
51792,1024,1536,51792_x01024_y01536.png,51792_x01024_y01536.png,51792_x01024_y01536.tif,0.0,0
51792,1536,1536,51792_x01536_y01536.png,51792_x01536_y01536.png,51792_x01536_y01536.tif,0.0,0
51792,2048,1536,51792_x02048_y01536.png,51792_x02048_y01536.png,51792_x02048_y01536.tif,0.0,0
51792,2560,1536,51792_x02560_y01536.png,51792_x02560_y01536.png,51792_x02560_y01536.tif,0.0,0
51792,3072,1536,51792_x03072_y01536.png,51792_x03072_y01536.png,51792_x03072_y01536.tif,0.0,0
51792,3584,1536,51792_x03584_y01536.png,51792_x03584_y01536.png,51792_x03584_y01536.tif,0.0,0
51792,4096,1536,51792_x04096_y01536.png,51792_x04096_y01536.png,51792_x04096_y01536.tif,0.0,0
51792,0,2048,51792_x00000_y02048.png,51792_x00000_y02048.png,51792_x00000_y02048.tif,0.0,0
51792,512,2048,51792_x00512_y02048.png,51792_x00512_y02048.png,51792_x00512_y02048.tif,0.0,0
51792,1024,2048,51792_x01024_y02048.png,51792_x01024_y02048.png,51792_x01024_y02048.tif,0.0,0
51792,1536,2048,51792_x01536_y02048.png,51792_x01536_y02048.png,51792_x01536_y02048.tif,0.0,0
51792,2048,2048,51792_x02048_y02048.png,51792_x02048_y02048.png,51792_x02048_y02048.tif,0.0,0
51792,2560,2048,51792_x02560_y02048.png,51792_x02560_y02048.png,51792_x02560_y02048.tif,0.0,0
51792,3072,2048,51792_x03072_y02048.png,51792_x03072_y02048.png,51792_x03072_y02048.tif,0.0,0
51792,3584,2048,51792_x03584_y02048.png,51792_x03584_y02048.png,51792_x03584_y02048.tif,0.0,0
51792,4096,2048,51792_x04096_y02048.png,51792_x04096_y02048.png,51792_x04096_y02048.tif,0.0,0
51792,0,2560,51792_x00000_y02560.png,51792_x00000_y02560.png,51792_x00000_y02560.tif,0.0,0
51792,512,2560,51792_x00512_y02560.png,51792_x00512_y02560.png,51792_x00512_y02560.tif,0.0,0
51792,1024,2560,51792_x01024_y02560.png,51792_x01024_y02560.png,51792_x01024_y02560.tif,0.0,0
51792,1536,2560,51792_x01536_y02560.png,51792_x01536_y02560.png,51792_x01536_y02560.tif,0.0,0
51792,2048,2560,51792_x02048_y02560.png,51792_x02048_y02560.png,51792_x02048_y02560.tif,0.0,0
51792,2560,2560,51792_x02560_y02560.png,51792_x02560_y02560.png,51792_x02560_y02560.tif,0.0,0
51792,3072,2560,51792_x03072_y02560.png,51792_x03072_y02560.png,51792_x03072_y02560.tif,0.0,0
51792,3584,2560,51792_x03584_y02560.png,51792_x03584_y02560.png,51792_x03584_y02560.tif,0.0,0
51792,4096,2560,51792_x04096_y02560.png,51792_x04096_y02560.png,51792_x04096_y02560.tif,0.0,0
51792,0,3072,51792_x00000_y03072.png,51792_x00000_y03072.png,51792_x00000_y03072.tif,0.0,0
51792,512,3072,51792_x00512_y03072.png,51792_x00512_y03072.png,51792_x00512_y03072.tif,0.0,0
51792,1024,3072,51792_x01024_y03072.png,51792_x01024_y03072.png,51792_x01024_y03072.tif,0.0,0
51792,1536,3072,51792_x01536_y03072.png,51792_x01536_y03072.png,51792_x01536_y03072.tif,0.0,0
51792,2048,3072,51792_x02048_y03072.png,51792_x02048_y03072.png,51792_x02048_y03072.tif,0.0,0
51792,2560,3072,51792_x02560_y03072.png,51792_x02560_y03072.png,51792_x02560_y03072.tif,0.0,0
51792,3072,3072,51792_x03072_y03072.png,51792_x03072_y03072.png,51792_x03072_y03072.tif,0.0,0
51792,3584,3072,51792_x03584_y03072.png,51792_x03584_y03072.png,51792_x03584_y03072.tif,0.0,0
51792,4096,3072,51792_x04096_y03072.png,51792_x04096_y03072.png,51792_x04096_y03072.tif,0.0,0
51792,0,3584,51792_x00000_y03584.png,51792_x00000_y03584.png,51792_x00000_y03584.tif,0.0,0
51792,512,3584,51792_x00512_y03584.png,51792_x00512_y03584.png,51792_x00512_y03584.tif,0.0,0
51792,1024,3584,51792_x01024_y03584.png,51792_x01024_y03584.png,51792_x01024_y03584.tif,0.0,0
51792,1536,3584,51792_x01536_y03584.png,51792_x01536_y03584.png,51792_x01536_y03584.tif,0.0,0
51792,2048,3584,51792_x02048_y03584.png,51792_x02048_y03584.png,51792_x02048_y03584.tif,0.0,0
51792,2560,3584,51792_x02560_y03584.png,51792_x02560_y03584.png,51792_x02560_y03584.tif,0.0,0
51792,3072,3584,51792_x03072_y03584.png,51792_x03072_y03584.png,51792_x03072_y03584.tif,0.0,0
51792,3584,3584,51792_x03584_y03584.png,51792_x03584_y03584.png,51792_x03584_y03584.tif,0.0,0
51792,4096,3584,51792_x04096_y03584.png,51792_x04096_y03584.png,51792_x04096_y03584.tif,0.0,0
51792,0,4096,51792_x00000_y04096.png,51792_x00000_y04096.png,51792_x00000_y04096.tif,0.0,0
51792,512,4096,51792_x00512_y04096.png,51792_x00512_y04096.png,51792_x00512_y04096.tif,0.0,0
51792,1024,4096,51792_x01024_y04096.png,51792_x01024_y04096.png,51792_x01024_y04096.tif,0.0,0
51792,1536,4096,51792_x01536_y04096.png,51792_x01536_y04096.png,51792_x01536_y04096.tif,0.0,0
51792,2048,4096,51792_x02048_y04096.png,51792_x02048_y04096.png,51792_x02048_y04096.tif,0.0,0
51792,2560,4096,51792_x02560_y04096.png,51792_x02560_y04096.png,51792_x02560_y04096.tif,0.0,0
51792,3072,4096,51792_x03072_y04096.png,51792_x03072_y04096.png,51792_x03072_y04096.tif,0.0,0
51792,3584,4096,51792_x03584_y04096.png,51792_x03584_y04096.png,51792_x03584_y04096.tif,0.0,0
51792,4096,4096,51792_x04096_y04096.png,51792_x04096_y04096.png,51792_x04096_y04096.tif,0.0,0
54442,0,0,54442_x00000_y00000.png,54442_x00000_y00000.png,54442_x00000_y00000.tif,0.0,0
54442,512,0,54442_x00512_y00000.png,54442_x00512_y00000.png,54442_x00512_y00000.tif,0.0,0
54442,1024,0,54442_x01024_y00000.png,54442_x01024_y00000.png,54442_x01024_y00000.tif,0.0,0
54442,1536,0,54442_x01536_y00000.png,54442_x01536_y00000.png,54442_x01536_y00000.tif,0.0,0
54442,2048,0,54442_x02048_y00000.png,54442_x02048_y00000.png,54442_x02048_y00000.tif,0.0,0
54442,2560,0,54442_x02560_y00000.png,54442_x02560_y00000.png,54442_x02560_y00000.tif,0.0,0
54442,3072,0,54442_x03072_y00000.png,54442_x03072_y00000.png,54442_x03072_y00000.tif,0.0,0
54442,3584,0,54442_x03584_y00000.png,54442_x03584_y00000.png,54442_x03584_y00000.tif,0.0,0
54442,4096,0,54442_x04096_y00000.png,54442_x04096_y00000.png,54442_x04096_y00000.tif,0.0,0
54442,0,512,54442_x00000_y00512.png,54442_x00000_y00512.png,54442_x00000_y00512.tif,0.0,0
54442,512,512,54442_x00512_y00512.png,54442_x00512_y00512.png,54442_x00512_y00512.tif,0.0,0
54442,1024,512,54442_x01024_y00512.png,54442_x01024_y00512.png,54442_x01024_y00512.tif,0.0,0
54442,1536,512,54442_x01536_y00512.png,54442_x01536_y00512.png,54442_x01536_y00512.tif,0.0,0
54442,2048,512,54442_x02048_y00512.png,54442_x02048_y00512.png,54442_x02048_y00512.tif,0.0,0
54442,2560,512,54442_x02560_y00512.png,54442_x02560_y00512.png,54442_x02560_y00512.tif,0.0,0
54442,3072,512,54442_x03072_y00512.png,54442_x03072_y00512.png,54442_x03072_y00512.tif,0.0,0
54442,3584,512,54442_x03584_y00512.png,54442_x03584_y00512.png,54442_x03584_y00512.tif,0.0,0
54442,4096,512,54442_x04096_y00512.png,54442_x04096_y00512.png,54442_x04096_y00512.tif,0.0,0
54442,0,1024,54442_x00000_y01024.png,54442_x00000_y01024.png,54442_x00000_y01024.tif,0.0,0
54442,512,1024,54442_x00512_y01024.png,54442_x00512_y01024.png,54442_x00512_y01024.tif,0.0,0
54442,1024,1024,54442_x01024_y01024.png,54442_x01024_y01024.png,54442_x01024_y01024.tif,0.0,0
54442,1536,1024,54442_x01536_y01024.png,54442_x01536_y01024.png,54442_x01536_y01024.tif,0.0,0
54442,2048,1024,54442_x02048_y01024.png,54442_x02048_y01024.png,54442_x02048_y01024.tif,0.0,0
54442,2560,1024,54442_x02560_y01024.png,54442_x02560_y01024.png,54442_x02560_y01024.tif,0.0,0
54442,3072,1024,54442_x03072_y01024.png,54442_x03072_y01024.png,54442_x03072_y01024.tif,0.0,0
54442,3584,1024,54442_x03584_y01024.png,54442_x03584_y01024.png,54442_x03584_y01024.tif,0.0,0
54442,4096,1024,54442_x04096_y01024.png,54442_x04096_y01024.png,54442_x04096_y01024.tif,0.0,0
54442,0,1536,54442_x00000_y01536.png,54442_x00000_y01536.png,54442_x00000_y01536.tif,0.0,0
54442,512,1536,54442_x00512_y01536.png,54442_x00512_y01536.png,54442_x00512_y01536.tif,0.0,0
54442,1024,1536,54442_x01024_y01536.png,54442_x01024_y01536.png,54442_x01024_y01536.tif,0.0,0
54442,1536,1536,54442_x01536_y01536.png,54442_x01536_y01536.png,54442_x01536_y01536.tif,0.0,0
54442,2048,1536,54442_x02048_y01536.png,54442_x02048_y01536.png,54442_x02048_y01536.tif,0.0,0
54442,2560,1536,54442_x02560_y01536.png,54442_x02560_y01536.png,54442_x02560_y01536.tif,0.01139068603515625,2986
54442,3072,1536,54442_x03072_y01536.png,54442_x03072_y01536.png,54442_x03072_y01536.tif,0.0,0
54442,3584,1536,54442_x03584_y01536.png,54442_x03584_y01536.png,54442_x03584_y01536.tif,0.0,0
54442,4096,1536,54442_x04096_y01536.png,54442_x04096_y01536.png,54442_x04096_y01536.tif,0.0,0
54442,0,2048,54442_x00000_y02048.png,54442_x00000_y02048.png,54442_x00000_y02048.tif,0.0,0
54442,512,2048,54442_x00512_y02048.png,54442_x00512_y02048.png,54442_x00512_y02048.tif,0.0,0
54442,1024,2048,54442_x01024_y02048.png,54442_x01024_y02048.png,54442_x01024_y02048.tif,0.0,0
54442,1536,2048,54442_x01536_y02048.png,54442_x01536_y02048.png,54442_x01536_y02048.tif,0.0,0
54442,2048,2048,54442_x02048_y02048.png,54442_x02048_y02048.png,54442_x02048_y02048.tif,0.0,0
54442,2560,2048,54442_x02560_y02048.png,54442_x02560_y02048.png,54442_x02560_y02048.tif,0.09836959838867188,25787
54442,3072,2048,54442_x03072_y02048.png,54442_x03072_y02048.png,54442_x03072_y02048.tif,0.0,0
54442,3584,2048,54442_x03584_y02048.png,54442_x03584_y02048.png,54442_x03584_y02048.tif,0.0,0
54442,4096,2048,54442_x04096_y02048.png,54442_x04096_y02048.png,54442_x04096_y02048.tif,0.0,0
54442,0,2560,54442_x00000_y02560.png,54442_x00000_y02560.png,54442_x00000_y02560.tif,0.0,0
54442,512,2560,54442_x00512_y02560.png,54442_x00512_y02560.png,54442_x00512_y02560.tif,0.0,0
54442,1024,2560,54442_x01024_y02560.png,54442_x01024_y02560.png,54442_x01024_y02560.tif,0.0,0
54442,1536,2560,54442_x01536_y02560.png,54442_x01536_y02560.png,54442_x01536_y02560.tif,0.0,0
54442,2048,2560,54442_x02048_y02560.png,54442_x02048_y02560.png,54442_x02048_y02560.tif,0.0,0
54442,2560,2560,54442_x02560_y02560.png,54442_x02560_y02560.png,54442_x02560_y02560.tif,0.0,0
54442,3072,2560,54442_x03072_y02560.png,54442_x03072_y02560.png,54442_x03072_y02560.tif,0.0,0
54442,3584,2560,54442_x03584_y02560.png,54442_x03584_y02560.png,54442_x03584_y02560.tif,0.0,0
54442,4096,2560,54442_x04096_y02560.png,54442_x04096_y02560.png,54442_x04096_y02560.tif,0.0,0
54442,0,3072,54442_x00000_y03072.png,54442_x00000_y03072.png,54442_x00000_y03072.tif,0.0,0
54442,512,3072,54442_x00512_y03072.png,54442_x00512_y03072.png,54442_x00512_y03072.tif,0.0,0
54442,1024,3072,54442_x01024_y03072.png,54442_x01024_y03072.png,54442_x01024_y03072.tif,0.0,0
54442,1536,3072,54442_x01536_y03072.png,54442_x01536_y03072.png,54442_x01536_y03072.tif,0.0,0
54442,2048,3072,54442_x02048_y03072.png,54442_x02048_y03072.png,54442_x02048_y03072.tif,0.0,0
54442,2560,3072,54442_x02560_y03072.png,54442_x02560_y03072.png,54442_x02560_y03072.tif,0.0,0
54442,3072,3072,54442_x03072_y03072.png,54442_x03072_y03072.png,54442_x03072_y03072.tif,0.0,0
54442,3584,3072,54442_x03584_y03072.png,54442_x03584_y03072.png,54442_x03584_y03072.tif,0.0,0
54442,4096,3072,54442_x04096_y03072.png,54442_x04096_y03072.png,54442_x04096_y03072.tif,0.0,0
54442,0,3584,54442_x00000_y03584.png,54442_x00000_y03584.png,54442_x00000_y03584.tif,0.0,0
54442,512,3584,54442_x00512_y03584.png,54442_x00512_y03584.png,54442_x00512_y03584.tif,0.0,0
54442,1024,3584,54442_x01024_y03584.png,54442_x01024_y03584.png,54442_x01024_y03584.tif,0.0,0
54442,1536,3584,54442_x01536_y03584.png,54442_x01536_y03584.png,54442_x01536_y03584.tif,0.0,0
54442,2048,3584,54442_x02048_y03584.png,54442_x02048_y03584.png,54442_x02048_y03584.tif,0.0,0
54442,2560,3584,54442_x02560_y03584.png,54442_x02560_y03584.png,54442_x02560_y03584.tif,0.0,0
54442,3072,3584,54442_x03072_y03584.png,54442_x03072_y03584.png,54442_x03072_y03584.tif,0.0,0
54442,3584,3584,54442_x03584_y03584.png,54442_x03584_y03584.png,54442_x03584_y03584.tif,0.0,0
54442,4096,3584,54442_x04096_y03584.png,54442_x04096_y03584.png,54442_x04096_y03584.tif,0.0,0
54442,0,4096,54442_x00000_y04096.png,54442_x00000_y04096.png,54442_x00000_y04096.tif,0.0,0
54442,512,4096,54442_x00512_y04096.png,54442_x00512_y04096.png,54442_x00512_y04096.tif,0.0,0
54442,1024,4096,54442_x01024_y04096.png,54442_x01024_y04096.png,54442_x01024_y04096.tif,0.0,0
54442,1536,4096,54442_x01536_y04096.png,54442_x01536_y04096.png,54442_x01536_y04096.tif,0.0,0
54442,2048,4096,54442_x02048_y04096.png,54442_x02048_y04096.png,54442_x02048_y04096.tif,0.0,0
54442,2560,4096,54442_x02560_y04096.png,54442_x02560_y04096.png,54442_x02560_y04096.tif,0.0,0
54442,3072,4096,54442_x03072_y04096.png,54442_x03072_y04096.png,54442_x03072_y04096.tif,0.0,0
54442,3584,4096,54442_x03584_y04096.png,54442_x03584_y04096.png,54442_x03584_y04096.tif,0.0,0
54442,4096,4096,54442_x04096_y04096.png,54442_x04096_y04096.png,54442_x04096_y04096.tif,0.0,0
54412,0,0,54412_x00000_y00000.png,54412_x00000_y00000.png,54412_x00000_y00000.tif,0.0,0
54412,512,0,54412_x00512_y00000.png,54412_x00512_y00000.png,54412_x00512_y00000.tif,0.0,0
54412,1024,0,54412_x01024_y00000.png,54412_x01024_y00000.png,54412_x01024_y00000.tif,0.0,0
54412,1536,0,54412_x01536_y00000.png,54412_x01536_y00000.png,54412_x01536_y00000.tif,0.0,0
54412,2048,0,54412_x02048_y00000.png,54412_x02048_y00000.png,54412_x02048_y00000.tif,0.0,0
54412,2560,0,54412_x02560_y00000.png,54412_x02560_y00000.png,54412_x02560_y00000.tif,0.0,0
54412,3072,0,54412_x03072_y00000.png,54412_x03072_y00000.png,54412_x03072_y00000.tif,0.0,0
54412,3584,0,54412_x03584_y00000.png,54412_x03584_y00000.png,54412_x03584_y00000.tif,0.0,0
54412,4096,0,54412_x04096_y00000.png,54412_x04096_y00000.png,54412_x04096_y00000.tif,0.0,0
54412,0,512,54412_x00000_y00512.png,54412_x00000_y00512.png,54412_x00000_y00512.tif,0.01324462890625,3472
54412,512,512,54412_x00512_y00512.png,54412_x00512_y00512.png,54412_x00512_y00512.tif,0.0253448486328125,6644
54412,1024,512,54412_x01024_y00512.png,54412_x01024_y00512.png,54412_x01024_y00512.tif,0.0,0
54412,1536,512,54412_x01536_y00512.png,54412_x01536_y00512.png,54412_x01536_y00512.tif,0.0,0
54412,2048,512,54412_x02048_y00512.png,54412_x02048_y00512.png,54412_x02048_y00512.tif,0.0,0
54412,2560,512,54412_x02560_y00512.png,54412_x02560_y00512.png,54412_x02560_y00512.tif,0.0,0
54412,3072,512,54412_x03072_y00512.png,54412_x03072_y00512.png,54412_x03072_y00512.tif,0.0,0
54412,3584,512,54412_x03584_y00512.png,54412_x03584_y00512.png,54412_x03584_y00512.tif,0.0,0
54412,4096,512,54412_x04096_y00512.png,54412_x04096_y00512.png,54412_x04096_y00512.tif,0.0,0
54412,0,1024,54412_x00000_y01024.png,54412_x00000_y01024.png,54412_x00000_y01024.tif,0.0,0
54412,512,1024,54412_x00512_y01024.png,54412_x00512_y01024.png,54412_x00512_y01024.tif,0.0,0
54412,1024,1024,54412_x01024_y01024.png,54412_x01024_y01024.png,54412_x01024_y01024.tif,0.0,0
54412,1536,1024,54412_x01536_y01024.png,54412_x01536_y01024.png,54412_x01536_y01024.tif,0.0,0
54412,2048,1024,54412_x02048_y01024.png,54412_x02048_y01024.png,54412_x02048_y01024.tif,0.0,0
54412,2560,1024,54412_x02560_y01024.png,54412_x02560_y01024.png,54412_x02560_y01024.tif,0.0,0
54412,3072,1024,54412_x03072_y01024.png,54412_x03072_y01024.png,54412_x03072_y01024.tif,0.0,0
54412,3584,1024,54412_x03584_y01024.png,54412_x03584_y01024.png,54412_x03584_y01024.tif,0.0,0
54412,4096,1024,54412_x04096_y01024.png,54412_x04096_y01024.png,54412_x04096_y01024.tif,0.0,0
54412,0,1536,54412_x00000_y01536.png,54412_x00000_y01536.png,54412_x00000_y01536.tif,0.0,0
54412,512,1536,54412_x00512_y01536.png,54412_x00512_y01536.png,54412_x00512_y01536.tif,0.0,0
54412,1024,1536,54412_x01024_y01536.png,54412_x01024_y01536.png,54412_x01024_y01536.tif,0.0,0
54412,1536,1536,54412_x01536_y01536.png,54412_x01536_y01536.png,54412_x01536_y01536.tif,0.0,0
54412,2048,1536,54412_x02048_y01536.png,54412_x02048_y01536.png,54412_x02048_y01536.tif,0.0,0
54412,2560,1536,54412_x02560_y01536.png,54412_x02560_y01536.png,54412_x02560_y01536.tif,0.0,0
54412,3072,1536,54412_x03072_y01536.png,54412_x03072_y01536.png,54412_x03072_y01536.tif,0.0,0
54412,3584,1536,54412_x03584_y01536.png,54412_x03584_y01536.png,54412_x03584_y01536.tif,0.0,0
54412,4096,1536,54412_x04096_y01536.png,54412_x04096_y01536.png,54412_x04096_y01536.tif,0.0,0
54412,0,2048,54412_x00000_y02048.png,54412_x00000_y02048.png,54412_x00000_y02048.tif,0.0,0
54412,512,2048,54412_x00512_y02048.png,54412_x00512_y02048.png,54412_x00512_y02048.tif,0.0,0
54412,1024,2048,54412_x01024_y02048.png,54412_x01024_y02048.png,54412_x01024_y02048.tif,0.0,0
54412,1536,2048,54412_x01536_y02048.png,54412_x01536_y02048.png,54412_x01536_y02048.tif,0.0,0
54412,2048,2048,54412_x02048_y02048.png,54412_x02048_y02048.png,54412_x02048_y02048.tif,0.0,0
54412,2560,2048,54412_x02560_y02048.png,54412_x02560_y02048.png,54412_x02560_y02048.tif,0.0,0
54412,3072,2048,54412_x03072_y02048.png,54412_x03072_y02048.png,54412_x03072_y02048.tif,0.0,0
54412,3584,2048,54412_x03584_y02048.png,54412_x03584_y02048.png,54412_x03584_y02048.tif,0.0,0
54412,4096,2048,54412_x04096_y02048.png,54412_x04096_y02048.png,54412_x04096_y02048.tif,0.0,0
54412,0,2560,54412_x00000_y02560.png,54412_x00000_y02560.png,54412_x00000_y02560.tif,0.0,0
54412,512,2560,54412_x00512_y02560.png,54412_x00512_y02560.png,54412_x00512_y02560.tif,0.0,0
54412,1024,2560,54412_x01024_y02560.png,54412_x01024_y02560.png,54412_x01024_y02560.tif,0.0,0
54412,1536,2560,54412_x01536_y02560.png,54412_x01536_y02560.png,54412_x01536_y02560.tif,0.0,0
54412,2048,2560,54412_x02048_y02560.png,54412_x02048_y02560.png,54412_x02048_y02560.tif,0.0,0
54412,2560,2560,54412_x02560_y02560.png,54412_x02560_y02560.png,54412_x02560_y02560.tif,0.0,0
54412,3072,2560,54412_x03072_y02560.png,54412_x03072_y02560.png,54412_x03072_y02560.tif,0.0,0
54412,3584,2560,54412_x03584_y02560.png,54412_x03584_y02560.png,54412_x03584_y02560.tif,0.0,0
54412,4096,2560,54412_x04096_y02560.png,54412_x04096_y02560.png,54412_x04096_y02560.tif,0.0,0
54412,0,3072,54412_x00000_y03072.png,54412_x00000_y03072.png,54412_x00000_y03072.tif,0.0,0
54412,512,3072,54412_x00512_y03072.png,54412_x00512_y03072.png,54412_x00512_y03072.tif,0.0,0
54412,1024,3072,54412_x01024_y03072.png,54412_x01024_y03072.png,54412_x01024_y03072.tif,0.0,0
54412,1536,3072,54412_x01536_y03072.png,54412_x01536_y03072.png,54412_x01536_y03072.tif,0.0,0
54412,2048,3072,54412_x02048_y03072.png,54412_x02048_y03072.png,54412_x02048_y03072.tif,0.0,0
54412,2560,3072,54412_x02560_y03072.png,54412_x02560_y03072.png,54412_x02560_y03072.tif,0.0,0
54412,3072,3072,54412_x03072_y03072.png,54412_x03072_y03072.png,54412_x03072_y03072.tif,0.0,0
54412,3584,3072,54412_x03584_y03072.png,54412_x03584_y03072.png,54412_x03584_y03072.tif,0.0,0
54412,4096,3072,54412_x04096_y03072.png,54412_x04096_y03072.png,54412_x04096_y03072.tif,0.0,0
54412,0,3584,54412_x00000_y03584.png,54412_x00000_y03584.png,54412_x00000_y03584.tif,0.0,0
54412,512,3584,54412_x00512_y03584.png,54412_x00512_y03584.png,54412_x00512_y03584.tif,0.0,0
54412,1024,3584,54412_x01024_y03584.png,54412_x01024_y03584.png,54412_x01024_y03584.tif,0.0,0
54412,1536,3584,54412_x01536_y03584.png,54412_x01536_y03584.png,54412_x01536_y03584.tif,0.0,0
54412,2048,3584,54412_x02048_y03584.png,54412_x02048_y03584.png,54412_x02048_y03584.tif,0.0,0
54412,2560,3584,54412_x02560_y03584.png,54412_x02560_y03584.png,54412_x02560_y03584.tif,0.0,0
54412,3072,3584,54412_x03072_y03584.png,54412_x03072_y03584.png,54412_x03072_y03584.tif,0.0,0
54412,3584,3584,54412_x03584_y03584.png,54412_x03584_y03584.png,54412_x03584_y03584.tif,0.0,0
54412,4096,3584,54412_x04096_y03584.png,54412_x04096_y03584.png,54412_x04096_y03584.tif,0.0,0
54412,0,4096,54412_x00000_y04096.png,54412_x00000_y04096.png,54412_x00000_y04096.tif,0.0,0
54412,512,4096,54412_x00512_y04096.png,54412_x00512_y04096.png,54412_x00512_y04096.tif,0.0,0
54412,1024,4096,54412_x01024_y04096.png,54412_x01024_y04096.png,54412_x01024_y04096.tif,0.0,0
54412,1536,4096,54412_x01536_y04096.png,54412_x01536_y04096.png,54412_x01536_y04096.tif,0.0,0
54412,2048,4096,54412_x02048_y04096.png,54412_x02048_y04096.png,54412_x02048_y04096.tif,0.0,0
54412,2560,4096,54412_x02560_y04096.png,54412_x02560_y04096.png,54412_x02560_y04096.tif,0.0,0
54412,3072,4096,54412_x03072_y04096.png,54412_x03072_y04096.png,54412_x03072_y04096.tif,0.0,0
54412,3584,4096,54412_x03584_y04096.png,54412_x03584_y04096.png,54412_x03584_y04096.tif,0.0,0
54412,4096,4096,54412_x04096_y04096.png,54412_x04096_y04096.png,54412_x04096_y04096.tif,0.0,0
63694,0,0,63694_x00000_y00000.png,63694_x00000_y00000.png,63694_x00000_y00000.tif,0.0,0
63694,512,0,63694_x00512_y00000.png,63694_x00512_y00000.png,63694_x00512_y00000.tif,0.0,0
63694,1024,0,63694_x01024_y00000.png,63694_x01024_y00000.png,63694_x01024_y00000.tif,0.0,0
63694,1536,0,63694_x01536_y00000.png,63694_x01536_y00000.png,63694_x01536_y00000.tif,0.0,0
63694,2048,0,63694_x02048_y00000.png,63694_x02048_y00000.png,63694_x02048_y00000.tif,0.0,0
63694,2560,0,63694_x02560_y00000.png,63694_x02560_y00000.png,63694_x02560_y00000.tif,0.0,0
63694,3072,0,63694_x03072_y00000.png,63694_x03072_y00000.png,63694_x03072_y00000.tif,0.0,0
63694,3584,0,63694_x03584_y00000.png,63694_x03584_y00000.png,63694_x03584_y00000.tif,0.0,0
63694,4096,0,63694_x04096_y00000.png,63694_x04096_y00000.png,63694_x04096_y00000.tif,0.0,0
63694,0,512,63694_x00000_y00512.png,63694_x00000_y00512.png,63694_x00000_y00512.tif,0.0,0
63694,512,512,63694_x00512_y00512.png,63694_x00512_y00512.png,63694_x00512_y00512.tif,0.0,0
63694,1024,512,63694_x01024_y00512.png,63694_x01024_y00512.png,63694_x01024_y00512.tif,0.0,0
63694,1536,512,63694_x01536_y00512.png,63694_x01536_y00512.png,63694_x01536_y00512.tif,0.0,0
63694,2048,512,63694_x02048_y00512.png,63694_x02048_y00512.png,63694_x02048_y00512.tif,0.0,0
63694,2560,512,63694_x02560_y00512.png,63694_x02560_y00512.png,63694_x02560_y00512.tif,0.0,0
63694,3072,512,63694_x03072_y00512.png,63694_x03072_y00512.png,63694_x03072_y00512.tif,0.0,0
63694,3584,512,63694_x03584_y00512.png,63694_x03584_y00512.png,63694_x03584_y00512.tif,0.0,0
63694,4096,512,63694_x04096_y00512.png,63694_x04096_y00512.png,63694_x04096_y00512.tif,0.0,0
63694,0,1024,63694_x00000_y01024.png,63694_x00000_y01024.png,63694_x00000_y01024.tif,0.0,0
63694,512,1024,63694_x00512_y01024.png,63694_x00512_y01024.png,63694_x00512_y01024.tif,0.0,0
63694,1024,1024,63694_x01024_y01024.png,63694_x01024_y01024.png,63694_x01024_y01024.tif,0.0,0
63694,1536,1024,63694_x01536_y01024.png,63694_x01536_y01024.png,63694_x01536_y01024.tif,0.0,0
63694,2048,1024,63694_x02048_y01024.png,63694_x02048_y01024.png,63694_x02048_y01024.tif,0.0,0
63694,2560,1024,63694_x02560_y01024.png,63694_x02560_y01024.png,63694_x02560_y01024.tif,0.0,0
63694,3072,1024,63694_x03072_y01024.png,63694_x03072_y01024.png,63694_x03072_y01024.tif,0.0,0
63694,3584,1024,63694_x03584_y01024.png,63694_x03584_y01024.png,63694_x03584_y01024.tif,0.0,0
63694,4096,1024,63694_x04096_y01024.png,63694_x04096_y01024.png,63694_x04096_y01024.tif,0.0,0
63694,0,1536,63694_x00000_y01536.png,63694_x00000_y01536.png,63694_x00000_y01536.tif,0.0,0
63694,512,1536,63694_x00512_y01536.png,63694_x00512_y01536.png,63694_x00512_y01536.tif,0.0,0
63694,1024,1536,63694_x01024_y01536.png,63694_x01024_y01536.png,63694_x01024_y01536.tif,0.03809356689453125,9986
63694,1536,1536,63694_x01536_y01536.png,63694_x01536_y01536.png,63694_x01536_y01536.tif,0.0,0
63694,2048,1536,63694_x02048_y01536.png,63694_x02048_y01536.png,63694_x02048_y01536.tif,0.0,0
63694,2560,1536,63694_x02560_y01536.png,63694_x02560_y01536.png,63694_x02560_y01536.tif,0.0,0
63694,3072,1536,63694_x03072_y01536.png,63694_x03072_y01536.png,63694_x03072_y01536.tif,0.0,0
63694,3584,1536,63694_x03584_y01536.png,63694_x03584_y01536.png,63694_x03584_y01536.tif,0.0,0
63694,4096,1536,63694_x04096_y01536.png,63694_x04096_y01536.png,63694_x04096_y01536.tif,0.0,0
63694,0,2048,63694_x00000_y02048.png,63694_x00000_y02048.png,63694_x00000_y02048.tif,0.0,0
63694,512,2048,63694_x00512_y02048.png,63694_x00512_y02048.png,63694_x00512_y02048.tif,0.0,0
63694,1024,2048,63694_x01024_y02048.png,63694_x01024_y02048.png,63694_x01024_y02048.tif,0.07576751708984375,19862
63694,1536,2048,63694_x01536_y02048.png,63694_x01536_y02048.png,63694_x01536_y02048.tif,0.0,0
63694,2048,2048,63694_x02048_y02048.png,63694_x02048_y02048.png,63694_x02048_y02048.tif,0.0,0
63694,2560,2048,63694_x02560_y02048.png,63694_x02560_y02048.png,63694_x02560_y02048.tif,0.0,0
63694,3072,2048,63694_x03072_y02048.png,63694_x03072_y02048.png,63694_x03072_y02048.tif,0.0,0
63694,3584,2048,63694_x03584_y02048.png,63694_x03584_y02048.png,63694_x03584_y02048.tif,0.0,0
63694,4096,2048,63694_x04096_y02048.png,63694_x04096_y02048.png,63694_x04096_y02048.tif,0.0,0
63694,0,2560,63694_x00000_y02560.png,63694_x00000_y02560.png,63694_x00000_y02560.tif,0.0,0
63694,512,2560,63694_x00512_y02560.png,63694_x00512_y02560.png,63694_x00512_y02560.tif,0.0,0
63694,1024,2560,63694_x01024_y02560.png,63694_x01024_y02560.png,63694_x01024_y02560.tif,0.0,0
63694,1536,2560,63694_x01536_y02560.png,63694_x01536_y02560.png,63694_x01536_y02560.tif,0.0,0
63694,2048,2560,63694_x02048_y02560.png,63694_x02048_y02560.png,63694_x02048_y02560.tif,0.0,0
63694,2560,2560,63694_x02560_y02560.png,63694_x02560_y02560.png,63694_x02560_y02560.tif,0.0,0
63694,3072,2560,63694_x03072_y02560.png,63694_x03072_y02560.png,63694_x03072_y02560.tif,0.0,0
63694,3584,2560,63694_x03584_y02560.png,63694_x03584_y02560.png,63694_x03584_y02560.tif,0.0,0
63694,4096,2560,63694_x04096_y02560.png,63694_x04096_y02560.png,63694_x04096_y02560.tif,0.0,0
63694,0,3072,63694_x00000_y03072.png,63694_x00000_y03072.png,63694_x00000_y03072.tif,0.0,0
63694,512,3072,63694_x00512_y03072.png,63694_x00512_y03072.png,63694_x00512_y03072.tif,0.0,0
63694,1024,3072,63694_x01024_y03072.png,63694_x01024_y03072.png,63694_x01024_y03072.tif,0.0,0
63694,1536,3072,63694_x01536_y03072.png,63694_x01536_y03072.png,63694_x01536_y03072.tif,0.0,0
63694,2048,3072,63694_x02048_y03072.png,63694_x02048_y03072.png,63694_x02048_y03072.tif,0.0,0
63694,2560,3072,63694_x02560_y03072.png,63694_x02560_y03072.png,63694_x02560_y03072.tif,0.0,0
63694,3072,3072,63694_x03072_y03072.png,63694_x03072_y03072.png,63694_x03072_y03072.tif,0.0,0
63694,3584,3072,63694_x03584_y03072.png,63694_x03584_y03072.png,63694_x03584_y03072.tif,0.0,0
63694,4096,3072,63694_x04096_y03072.png,63694_x04096_y03072.png,63694_x04096_y03072.tif,0.0,0
63694,0,3584,63694_x00000_y03584.png,63694_x00000_y03584.png,63694_x00000_y03584.tif,0.0,0
63694,512,3584,63694_x00512_y03584.png,63694_x00512_y03584.png,63694_x00512_y03584.tif,0.0,0
63694,1024,3584,63694_x01024_y03584.png,63694_x01024_y03584.png,63694_x01024_y03584.tif,0.0,0
63694,1536,3584,63694_x01536_y03584.png,63694_x01536_y03584.png,63694_x01536_y03584.tif,0.0,0
63694,2048,3584,63694_x02048_y03584.png,63694_x02048_y03584.png,63694_x02048_y03584.tif,0.0,0
63694,2560,3584,63694_x02560_y03584.png,63694_x02560_y03584.png,63694_x02560_y03584.tif,0.0,0
63694,3072,3584,63694_x03072_y03584.png,63694_x03072_y03584.png,63694_x03072_y03584.tif,0.0,0
63694,3584,3584,63694_x03584_y03584.png,63694_x03584_y03584.png,63694_x03584_y03584.tif,0.0,0
63694,4096,3584,63694_x04096_y03584.png,63694_x04096_y03584.png,63694_x04096_y03584.tif,0.0,0
63694,0,4096,63694_x00000_y04096.png,63694_x00000_y04096.png,63694_x00000_y04096.tif,0.0,0
63694,512,4096,63694_x00512_y04096.png,63694_x00512_y04096.png,63694_x00512_y04096.tif,0.0,0
63694,1024,4096,63694_x01024_y04096.png,63694_x01024_y04096.png,63694_x01024_y04096.tif,0.0,0
63694,1536,4096,63694_x01536_y04096.png,63694_x01536_y04096.png,63694_x01536_y04096.tif,0.0,0
63694,2048,4096,63694_x02048_y04096.png,63694_x02048_y04096.png,63694_x02048_y04096.tif,0.0,0
63694,2560,4096,63694_x02560_y04096.png,63694_x02560_y04096.png,63694_x02560_y04096.tif,0.0,0
63694,3072,4096,63694_x03072_y04096.png,63694_x03072_y04096.png,63694_x03072_y04096.tif,0.0,0
63694,3584,4096,63694_x03584_y04096.png,63694_x03584_y04096.png,63694_x03584_y04096.tif,0.0,0
63694,4096,4096,63694_x04096_y04096.png,63694_x04096_y04096.png,63694_x04096_y04096.tif,0.0,0
63223,0,0,63223_x00000_y00000.png,63223_x00000_y00000.png,63223_x00000_y00000.tif,0.0,0
63223,512,0,63223_x00512_y00000.png,63223_x00512_y00000.png,63223_x00512_y00000.tif,0.0,0
63223,1024,0,63223_x01024_y00000.png,63223_x01024_y00000.png,63223_x01024_y00000.tif,0.0,0
63223,1536,0,63223_x01536_y00000.png,63223_x01536_y00000.png,63223_x01536_y00000.tif,0.0,0
63223,2048,0,63223_x02048_y00000.png,63223_x02048_y00000.png,63223_x02048_y00000.tif,0.0,0
63223,2560,0,63223_x02560_y00000.png,63223_x02560_y00000.png,63223_x02560_y00000.tif,0.0,0
63223,3072,0,63223_x03072_y00000.png,63223_x03072_y00000.png,63223_x03072_y00000.tif,0.0,0
63223,3584,0,63223_x03584_y00000.png,63223_x03584_y00000.png,63223_x03584_y00000.tif,0.0,0
63223,4096,0,63223_x04096_y00000.png,63223_x04096_y00000.png,63223_x04096_y00000.tif,0.0,0
63223,0,512,63223_x00000_y00512.png,63223_x00000_y00512.png,63223_x00000_y00512.tif,0.0,0
63223,512,512,63223_x00512_y00512.png,63223_x00512_y00512.png,63223_x00512_y00512.tif,0.0,0
63223,1024,512,63223_x01024_y00512.png,63223_x01024_y00512.png,63223_x01024_y00512.tif,0.0,0
63223,1536,512,63223_x01536_y00512.png,63223_x01536_y00512.png,63223_x01536_y00512.tif,0.0,0
63223,2048,512,63223_x02048_y00512.png,63223_x02048_y00512.png,63223_x02048_y00512.tif,0.0251617431640625,6596
63223,2560,512,63223_x02560_y00512.png,63223_x02560_y00512.png,63223_x02560_y00512.tif,0.0,0
63223,3072,512,63223_x03072_y00512.png,63223_x03072_y00512.png,63223_x03072_y00512.tif,0.0,0
63223,3584,512,63223_x03584_y00512.png,63223_x03584_y00512.png,63223_x03584_y00512.tif,0.0,0
63223,4096,512,63223_x04096_y00512.png,63223_x04096_y00512.png,63223_x04096_y00512.tif,0.0,0
63223,0,1024,63223_x00000_y01024.png,63223_x00000_y01024.png,63223_x00000_y01024.tif,0.0,0
63223,512,1024,63223_x00512_y01024.png,63223_x00512_y01024.png,63223_x00512_y01024.tif,0.0,0
63223,1024,1024,63223_x01024_y01024.png,63223_x01024_y01024.png,63223_x01024_y01024.tif,0.0,0
63223,1536,1024,63223_x01536_y01024.png,63223_x01536_y01024.png,63223_x01536_y01024.tif,0.0,0
63223,2048,1024,63223_x02048_y01024.png,63223_x02048_y01024.png,63223_x02048_y01024.tif,0.0,0
63223,2560,1024,63223_x02560_y01024.png,63223_x02560_y01024.png,63223_x02560_y01024.tif,0.0,0
63223,3072,1024,63223_x03072_y01024.png,63223_x03072_y01024.png,63223_x03072_y01024.tif,0.0,0
63223,3584,1024,63223_x03584_y01024.png,63223_x03584_y01024.png,63223_x03584_y01024.tif,0.0,0
63223,4096,1024,63223_x04096_y01024.png,63223_x04096_y01024.png,63223_x04096_y01024.tif,0.0,0
63223,0,1536,63223_x00000_y01536.png,63223_x00000_y01536.png,63223_x00000_y01536.tif,0.0,0
63223,512,1536,63223_x00512_y01536.png,63223_x00512_y01536.png,63223_x00512_y01536.tif,0.0,0
63223,1024,1536,63223_x01024_y01536.png,63223_x01024_y01536.png,63223_x01024_y01536.tif,0.0,0
63223,1536,1536,63223_x01536_y01536.png,63223_x01536_y01536.png,63223_x01536_y01536.tif,0.0,0
63223,2048,1536,63223_x02048_y01536.png,63223_x02048_y01536.png,63223_x02048_y01536.tif,0.0,0
63223,2560,1536,63223_x02560_y01536.png,63223_x02560_y01536.png,63223_x02560_y01536.tif,0.0,0
63223,3072,1536,63223_x03072_y01536.png,63223_x03072_y01536.png,63223_x03072_y01536.tif,0.0,0
63223,3584,1536,63223_x03584_y01536.png,63223_x03584_y01536.png,63223_x03584_y01536.tif,0.0,0
63223,4096,1536,63223_x04096_y01536.png,63223_x04096_y01536.png,63223_x04096_y01536.tif,0.0,0
63223,0,2048,63223_x00000_y02048.png,63223_x00000_y02048.png,63223_x00000_y02048.tif,0.0,0
63223,512,2048,63223_x00512_y02048.png,63223_x00512_y02048.png,63223_x00512_y02048.tif,0.0,0
63223,1024,2048,63223_x01024_y02048.png,63223_x01024_y02048.png,63223_x01024_y02048.tif,0.0,0
63223,1536,2048,63223_x01536_y02048.png,63223_x01536_y02048.png,63223_x01536_y02048.tif,0.0,0
63223,2048,2048,63223_x02048_y02048.png,63223_x02048_y02048.png,63223_x02048_y02048.tif,0.0,0
63223,2560,2048,63223_x02560_y02048.png,63223_x02560_y02048.png,63223_x02560_y02048.tif,0.0,0
63223,3072,2048,63223_x03072_y02048.png,63223_x03072_y02048.png,63223_x03072_y02048.tif,0.0,0
63223,3584,2048,63223_x03584_y02048.png,63223_x03584_y02048.png,63223_x03584_y02048.tif,0.0,0
63223,4096,2048,63223_x04096_y02048.png,63223_x04096_y02048.png,63223_x04096_y02048.tif,0.0,0
63223,0,2560,63223_x00000_y02560.png,63223_x00000_y02560.png,63223_x00000_y02560.tif,0.0,0
63223,512,2560,63223_x00512_y02560.png,63223_x00512_y02560.png,63223_x00512_y02560.tif,0.0,0
63223,1024,2560,63223_x01024_y02560.png,63223_x01024_y02560.png,63223_x01024_y02560.tif,0.0,0
63223,1536,2560,63223_x01536_y02560.png,63223_x01536_y02560.png,63223_x01536_y02560.tif,0.0,0
63223,2048,2560,63223_x02048_y02560.png,63223_x02048_y02560.png,63223_x02048_y02560.tif,0.0,0
63223,2560,2560,63223_x02560_y02560.png,63223_x02560_y02560.png,63223_x02560_y02560.tif,0.0,0
63223,3072,2560,63223_x03072_y02560.png,63223_x03072_y02560.png,63223_x03072_y02560.tif,0.0,0
63223,3584,2560,63223_x03584_y02560.png,63223_x03584_y02560.png,63223_x03584_y02560.tif,0.0,0
63223,4096,2560,63223_x04096_y02560.png,63223_x04096_y02560.png,63223_x04096_y02560.tif,0.0,0
63223,0,3072,63223_x00000_y03072.png,63223_x00000_y03072.png,63223_x00000_y03072.tif,0.0,0
63223,512,3072,63223_x00512_y03072.png,63223_x00512_y03072.png,63223_x00512_y03072.tif,0.0,0
63223,1024,3072,63223_x01024_y03072.png,63223_x01024_y03072.png,63223_x01024_y03072.tif,0.0,0
63223,1536,3072,63223_x01536_y03072.png,63223_x01536_y03072.png,63223_x01536_y03072.tif,0.0,0
63223,2048,3072,63223_x02048_y03072.png,63223_x02048_y03072.png,63223_x02048_y03072.tif,0.0,0
63223,2560,3072,63223_x02560_y03072.png,63223_x02560_y03072.png,63223_x02560_y03072.tif,0.0,0
63223,3072,3072,63223_x03072_y03072.png,63223_x03072_y03072.png,63223_x03072_y03072.tif,0.0,0
63223,3584,3072,63223_x03584_y03072.png,63223_x03584_y03072.png,63223_x03584_y03072.tif,0.0,0
63223,4096,3072,63223_x04096_y03072.png,63223_x04096_y03072.png,63223_x04096_y03072.tif,0.0,0
63223,0,3584,63223_x00000_y03584.png,63223_x00000_y03584.png,63223_x00000_y03584.tif,0.0,0
63223,512,3584,63223_x00512_y03584.png,63223_x00512_y03584.png,63223_x00512_y03584.tif,0.0,0
63223,1024,3584,63223_x01024_y03584.png,63223_x01024_y03584.png,63223_x01024_y03584.tif,0.0,0
63223,1536,3584,63223_x01536_y03584.png,63223_x01536_y03584.png,63223_x01536_y03584.tif,0.0,0
63223,2048,3584,63223_x02048_y03584.png,63223_x02048_y03584.png,63223_x02048_y03584.tif,0.0,0
63223,2560,3584,63223_x02560_y03584.png,63223_x02560_y03584.png,63223_x02560_y03584.tif,0.0,0
63223,3072,3584,63223_x03072_y03584.png,63223_x03072_y03584.png,63223_x03072_y03584.tif,0.0,0
63223,3584,3584,63223_x03584_y03584.png,63223_x03584_y03584.png,63223_x03584_y03584.tif,0.0,0
63223,4096,3584,63223_x04096_y03584.png,63223_x04096_y03584.png,63223_x04096_y03584.tif,0.0,0
63223,0,4096,63223_x00000_y04096.png,63223_x00000_y04096.png,63223_x00000_y04096.tif,0.0,0
63223,512,4096,63223_x00512_y04096.png,63223_x00512_y04096.png,63223_x00512_y04096.tif,0.0,0
63223,1024,4096,63223_x01024_y04096.png,63223_x01024_y04096.png,63223_x01024_y04096.tif,0.0,0
63223,1536,4096,63223_x01536_y04096.png,63223_x01536_y04096.png,63223_x01536_y04096.tif,0.0,0
63223,2048,4096,63223_x02048_y04096.png,63223_x02048_y04096.png,63223_x02048_y04096.tif,0.0,0
63223,2560,4096,63223_x02560_y04096.png,63223_x02560_y04096.png,63223_x02560_y04096.tif,0.0,0
63223,3072,4096,63223_x03072_y04096.png,63223_x03072_y04096.png,63223_x03072_y04096.tif,0.0,0
63223,3584,4096,63223_x03584_y04096.png,63223_x03584_y04096.png,63223_x03584_y04096.tif,0.0,0
63223,4096,4096,63223_x04096_y04096.png,63223_x04096_y04096.png,63223_x04096_y04096.tif,0.0,0
63371,0,0,63371_x00000_y00000.png,63371_x00000_y00000.png,63371_x00000_y00000.tif,0.0,0
63371,512,0,63371_x00512_y00000.png,63371_x00512_y00000.png,63371_x00512_y00000.tif,0.0,0
63371,1024,0,63371_x01024_y00000.png,63371_x01024_y00000.png,63371_x01024_y00000.tif,0.0,0
63371,1536,0,63371_x01536_y00000.png,63371_x01536_y00000.png,63371_x01536_y00000.tif,0.0,0
63371,2048,0,63371_x02048_y00000.png,63371_x02048_y00000.png,63371_x02048_y00000.tif,0.0,0
63371,2560,0,63371_x02560_y00000.png,63371_x02560_y00000.png,63371_x02560_y00000.tif,0.041980743408203125,11005
63371,3072,0,63371_x03072_y00000.png,63371_x03072_y00000.png,63371_x03072_y00000.tif,0.0,0
63371,3584,0,63371_x03584_y00000.png,63371_x03584_y00000.png,63371_x03584_y00000.tif,0.0,0
63371,4096,0,63371_x04096_y00000.png,63371_x04096_y00000.png,63371_x04096_y00000.tif,0.0,0
63371,0,512,63371_x00000_y00512.png,63371_x00000_y00512.png,63371_x00000_y00512.tif,0.0,0
63371,512,512,63371_x00512_y00512.png,63371_x00512_y00512.png,63371_x00512_y00512.tif,0.0,0
63371,1024,512,63371_x01024_y00512.png,63371_x01024_y00512.png,63371_x01024_y00512.tif,0.0,0
63371,1536,512,63371_x01536_y00512.png,63371_x01536_y00512.png,63371_x01536_y00512.tif,0.0,0
63371,2048,512,63371_x02048_y00512.png,63371_x02048_y00512.png,63371_x02048_y00512.tif,0.0,0
63371,2560,512,63371_x02560_y00512.png,63371_x02560_y00512.png,63371_x02560_y00512.tif,0.0,0
63371,3072,512,63371_x03072_y00512.png,63371_x03072_y00512.png,63371_x03072_y00512.tif,0.0,0
63371,3584,512,63371_x03584_y00512.png,63371_x03584_y00512.png,63371_x03584_y00512.tif,0.0,0
63371,4096,512,63371_x04096_y00512.png,63371_x04096_y00512.png,63371_x04096_y00512.tif,0.0,0
63371,0,1024,63371_x00000_y01024.png,63371_x00000_y01024.png,63371_x00000_y01024.tif,0.0,0
63371,512,1024,63371_x00512_y01024.png,63371_x00512_y01024.png,63371_x00512_y01024.tif,0.0,0
63371,1024,1024,63371_x01024_y01024.png,63371_x01024_y01024.png,63371_x01024_y01024.tif,0.0,0
63371,1536,1024,63371_x01536_y01024.png,63371_x01536_y01024.png,63371_x01536_y01024.tif,0.0,0
63371,2048,1024,63371_x02048_y01024.png,63371_x02048_y01024.png,63371_x02048_y01024.tif,0.0,0
63371,2560,1024,63371_x02560_y01024.png,63371_x02560_y01024.png,63371_x02560_y01024.tif,0.0,0
63371,3072,1024,63371_x03072_y01024.png,63371_x03072_y01024.png,63371_x03072_y01024.tif,0.0,0
63371,3584,1024,63371_x03584_y01024.png,63371_x03584_y01024.png,63371_x03584_y01024.tif,0.0,0
63371,4096,1024,63371_x04096_y01024.png,63371_x04096_y01024.png,63371_x04096_y01024.tif,0.0,0
63371,0,1536,63371_x00000_y01536.png,63371_x00000_y01536.png,63371_x00000_y01536.tif,0.0,0
63371,512,1536,63371_x00512_y01536.png,63371_x00512_y01536.png,63371_x00512_y01536.tif,0.0,0
63371,1024,1536,63371_x01024_y01536.png,63371_x01024_y01536.png,63371_x01024_y01536.tif,0.0,0
63371,1536,1536,63371_x01536_y01536.png,63371_x01536_y01536.png,63371_x01536_y01536.tif,0.0,0
63371,2048,1536,63371_x02048_y01536.png,63371_x02048_y01536.png,63371_x02048_y01536.tif,0.0,0
63371,2560,1536,63371_x02560_y01536.png,63371_x02560_y01536.png,63371_x02560_y01536.tif,0.0,0
63371,3072,1536,63371_x03072_y01536.png,63371_x03072_y01536.png,63371_x03072_y01536.tif,0.0,0
63371,3584,1536,63371_x03584_y01536.png,63371_x03584_y01536.png,63371_x03584_y01536.tif,0.0,0
63371,4096,1536,63371_x04096_y01536.png,63371_x04096_y01536.png,63371_x04096_y01536.tif,0.0,0
63371,0,2048,63371_x00000_y02048.png,63371_x00000_y02048.png,63371_x00000_y02048.tif,0.0,0
63371,512,2048,63371_x00512_y02048.png,63371_x00512_y02048.png,63371_x00512_y02048.tif,0.0,0
63371,1024,2048,63371_x01024_y02048.png,63371_x01024_y02048.png,63371_x01024_y02048.tif,0.0,0
63371,1536,2048,63371_x01536_y02048.png,63371_x01536_y02048.png,63371_x01536_y02048.tif,0.0,0
63371,2048,2048,63371_x02048_y02048.png,63371_x02048_y02048.png,63371_x02048_y02048.tif,0.0,0
63371,2560,2048,63371_x02560_y02048.png,63371_x02560_y02048.png,63371_x02560_y02048.tif,0.0,0
63371,3072,2048,63371_x03072_y02048.png,63371_x03072_y02048.png,63371_x03072_y02048.tif,0.0,0
63371,3584,2048,63371_x03584_y02048.png,63371_x03584_y02048.png,63371_x03584_y02048.tif,0.0,0
63371,4096,2048,63371_x04096_y02048.png,63371_x04096_y02048.png,63371_x04096_y02048.tif,0.0,0
63371,0,2560,63371_x00000_y02560.png,63371_x00000_y02560.png,63371_x00000_y02560.tif,0.0,0
63371,512,2560,63371_x00512_y02560.png,63371_x00512_y02560.png,63371_x00512_y02560.tif,0.0,0
63371,1024,2560,63371_x01024_y02560.png,63371_x01024_y02560.png,63371_x01024_y02560.tif,0.0,0
63371,1536,2560,63371_x01536_y02560.png,63371_x01536_y02560.png,63371_x01536_y02560.tif,0.0,0
63371,2048,2560,63371_x02048_y02560.png,63371_x02048_y02560.png,63371_x02048_y02560.tif,0.0,0
63371,2560,2560,63371_x02560_y02560.png,63371_x02560_y02560.png,63371_x02560_y02560.tif,0.0,0
63371,3072,2560,63371_x03072_y02560.png,63371_x03072_y02560.png,63371_x03072_y02560.tif,0.0,0
63371,3584,2560,63371_x03584_y02560.png,63371_x03584_y02560.png,63371_x03584_y02560.tif,0.0,0
63371,4096,2560,63371_x04096_y02560.png,63371_x04096_y02560.png,63371_x04096_y02560.tif,0.0,0
63371,0,3072,63371_x00000_y03072.png,63371_x00000_y03072.png,63371_x00000_y03072.tif,0.0,0
63371,512,3072,63371_x00512_y03072.png,63371_x00512_y03072.png,63371_x00512_y03072.tif,0.0,0
63371,1024,3072,63371_x01024_y03072.png,63371_x01024_y03072.png,63371_x01024_y03072.tif,0.0,0
63371,1536,3072,63371_x01536_y03072.png,63371_x01536_y03072.png,63371_x01536_y03072.tif,0.0,0
63371,2048,3072,63371_x02048_y03072.png,63371_x02048_y03072.png,63371_x02048_y03072.tif,0.0,0
63371,2560,3072,63371_x02560_y03072.png,63371_x02560_y03072.png,63371_x02560_y03072.tif,0.0,0
63371,3072,3072,63371_x03072_y03072.png,63371_x03072_y03072.png,63371_x03072_y03072.tif,0.0,0
63371,3584,3072,63371_x03584_y03072.png,63371_x03584_y03072.png,63371_x03584_y03072.tif,0.0,0
63371,4096,3072,63371_x04096_y03072.png,63371_x04096_y03072.png,63371_x04096_y03072.tif,0.0,0
63371,0,3584,63371_x00000_y03584.png,63371_x00000_y03584.png,63371_x00000_y03584.tif,0.0,0
63371,512,3584,63371_x00512_y03584.png,63371_x00512_y03584.png,63371_x00512_y03584.tif,0.0,0
63371,1024,3584,63371_x01024_y03584.png,63371_x01024_y03584.png,63371_x01024_y03584.tif,0.0,0
63371,1536,3584,63371_x01536_y03584.png,63371_x01536_y03584.png,63371_x01536_y03584.tif,0.0,0
63371,2048,3584,63371_x02048_y03584.png,63371_x02048_y03584.png,63371_x02048_y03584.tif,0.0,0
63371,2560,3584,63371_x02560_y03584.png,63371_x02560_y03584.png,63371_x02560_y03584.tif,0.0,0
63371,3072,3584,63371_x03072_y03584.png,63371_x03072_y03584.png,63371_x03072_y03584.tif,0.0,0
63371,3584,3584,63371_x03584_y03584.png,63371_x03584_y03584.png,63371_x03584_y03584.tif,0.0,0
63371,4096,3584,63371_x04096_y03584.png,63371_x04096_y03584.png,63371_x04096_y03584.tif,0.0,0
63371,0,4096,63371_x00000_y04096.png,63371_x00000_y04096.png,63371_x00000_y04096.tif,0.0,0
63371,512,4096,63371_x00512_y04096.png,63371_x00512_y04096.png,63371_x00512_y04096.tif,0.0,0
63371,1024,4096,63371_x01024_y04096.png,63371_x01024_y04096.png,63371_x01024_y04096.tif,0.0,0
63371,1536,4096,63371_x01536_y04096.png,63371_x01536_y04096.png,63371_x01536_y04096.tif,0.0,0
63371,2048,4096,63371_x02048_y04096.png,63371_x02048_y04096.png,63371_x02048_y04096.tif,0.0,0
63371,2560,4096,63371_x02560_y04096.png,63371_x02560_y04096.png,63371_x02560_y04096.tif,0.0,0
63371,3072,4096,63371_x03072_y04096.png,63371_x03072_y04096.png,63371_x03072_y04096.tif,0.0,0
63371,3584,4096,63371_x03584_y04096.png,63371_x03584_y04096.png,63371_x03584_y04096.tif,0.0,0
63371,4096,4096,63371_x04096_y04096.png,63371_x04096_y04096.png,63371_x04096_y04096.tif,0.0,0
63062,0,0,63062_x00000_y00000.png,63062_x00000_y00000.png,63062_x00000_y00000.tif,0.0,0
63062,512,0,63062_x00512_y00000.png,63062_x00512_y00000.png,63062_x00512_y00000.tif,0.0,0
63062,1024,0,63062_x01024_y00000.png,63062_x01024_y00000.png,63062_x01024_y00000.tif,0.0,0
63062,1536,0,63062_x01536_y00000.png,63062_x01536_y00000.png,63062_x01536_y00000.tif,0.0,0
63062,2048,0,63062_x02048_y00000.png,63062_x02048_y00000.png,63062_x02048_y00000.tif,0.0,0
63062,2560,0,63062_x02560_y00000.png,63062_x02560_y00000.png,63062_x02560_y00000.tif,0.0,0
63062,3072,0,63062_x03072_y00000.png,63062_x03072_y00000.png,63062_x03072_y00000.tif,0.0,0
63062,3584,0,63062_x03584_y00000.png,63062_x03584_y00000.png,63062_x03584_y00000.tif,0.0,0
63062,4096,0,63062_x04096_y00000.png,63062_x04096_y00000.png,63062_x04096_y00000.tif,0.0,0
63062,0,512,63062_x00000_y00512.png,63062_x00000_y00512.png,63062_x00000_y00512.tif,0.0,0
63062,512,512,63062_x00512_y00512.png,63062_x00512_y00512.png,63062_x00512_y00512.tif,0.0,0
63062,1024,512,63062_x01024_y00512.png,63062_x01024_y00512.png,63062_x01024_y00512.tif,0.0,0
63062,1536,512,63062_x01536_y00512.png,63062_x01536_y00512.png,63062_x01536_y00512.tif,0.0,0
63062,2048,512,63062_x02048_y00512.png,63062_x02048_y00512.png,63062_x02048_y00512.tif,0.0,0
63062,2560,512,63062_x02560_y00512.png,63062_x02560_y00512.png,63062_x02560_y00512.tif,0.0,0
63062,3072,512,63062_x03072_y00512.png,63062_x03072_y00512.png,63062_x03072_y00512.tif,0.0,0
63062,3584,512,63062_x03584_y00512.png,63062_x03584_y00512.png,63062_x03584_y00512.tif,0.0,0
63062,4096,512,63062_x04096_y00512.png,63062_x04096_y00512.png,63062_x04096_y00512.tif,0.0,0
63062,0,1024,63062_x00000_y01024.png,63062_x00000_y01024.png,63062_x00000_y01024.tif,0.0,0
63062,512,1024,63062_x00512_y01024.png,63062_x00512_y01024.png,63062_x00512_y01024.tif,0.0,0
63062,1024,1024,63062_x01024_y01024.png,63062_x01024_y01024.png,63062_x01024_y01024.tif,0.0,0
63062,1536,1024,63062_x01536_y01024.png,63062_x01536_y01024.png,63062_x01536_y01024.tif,0.0,0
63062,2048,1024,63062_x02048_y01024.png,63062_x02048_y01024.png,63062_x02048_y01024.tif,0.0,0
63062,2560,1024,63062_x02560_y01024.png,63062_x02560_y01024.png,63062_x02560_y01024.tif,0.0,0
63062,3072,1024,63062_x03072_y01024.png,63062_x03072_y01024.png,63062_x03072_y01024.tif,0.0,0
63062,3584,1024,63062_x03584_y01024.png,63062_x03584_y01024.png,63062_x03584_y01024.tif,0.0,0
63062,4096,1024,63062_x04096_y01024.png,63062_x04096_y01024.png,63062_x04096_y01024.tif,0.0,0
63062,0,1536,63062_x00000_y01536.png,63062_x00000_y01536.png,63062_x00000_y01536.tif,0.0,0
63062,512,1536,63062_x00512_y01536.png,63062_x00512_y01536.png,63062_x00512_y01536.tif,0.0,0
63062,1024,1536,63062_x01024_y01536.png,63062_x01024_y01536.png,63062_x01024_y01536.tif,0.0,0
63062,1536,1536,63062_x01536_y01536.png,63062_x01536_y01536.png,63062_x01536_y01536.tif,0.0,0
63062,2048,1536,63062_x02048_y01536.png,63062_x02048_y01536.png,63062_x02048_y01536.tif,0.0,0
63062,2560,1536,63062_x02560_y01536.png,63062_x02560_y01536.png,63062_x02560_y01536.tif,0.0,0
63062,3072,1536,63062_x03072_y01536.png,63062_x03072_y01536.png,63062_x03072_y01536.tif,0.0,0
63062,3584,1536,63062_x03584_y01536.png,63062_x03584_y01536.png,63062_x03584_y01536.tif,0.0,0
63062,4096,1536,63062_x04096_y01536.png,63062_x04096_y01536.png,63062_x04096_y01536.tif,0.0,0
63062,0,2048,63062_x00000_y02048.png,63062_x00000_y02048.png,63062_x00000_y02048.tif,0.0,0
63062,512,2048,63062_x00512_y02048.png,63062_x00512_y02048.png,63062_x00512_y02048.tif,0.0,0
63062,1024,2048,63062_x01024_y02048.png,63062_x01024_y02048.png,63062_x01024_y02048.tif,0.0,0
63062,1536,2048,63062_x01536_y02048.png,63062_x01536_y02048.png,63062_x01536_y02048.tif,0.0,0
63062,2048,2048,63062_x02048_y02048.png,63062_x02048_y02048.png,63062_x02048_y02048.tif,0.0,0
63062,2560,2048,63062_x02560_y02048.png,63062_x02560_y02048.png,63062_x02560_y02048.tif,0.0,0
63062,3072,2048,63062_x03072_y02048.png,63062_x03072_y02048.png,63062_x03072_y02048.tif,0.0,0
63062,3584,2048,63062_x03584_y02048.png,63062_x03584_y02048.png,63062_x03584_y02048.tif,0.0,0
63062,4096,2048,63062_x04096_y02048.png,63062_x04096_y02048.png,63062_x04096_y02048.tif,0.0,0
63062,0,2560,63062_x00000_y02560.png,63062_x00000_y02560.png,63062_x00000_y02560.tif,0.0,0
63062,512,2560,63062_x00512_y02560.png,63062_x00512_y02560.png,63062_x00512_y02560.tif,0.0,0
63062,1024,2560,63062_x01024_y02560.png,63062_x01024_y02560.png,63062_x01024_y02560.tif,0.0,0
63062,1536,2560,63062_x01536_y02560.png,63062_x01536_y02560.png,63062_x01536_y02560.tif,0.0,0
63062,2048,2560,63062_x02048_y02560.png,63062_x02048_y02560.png,63062_x02048_y02560.tif,0.0,0
63062,2560,2560,63062_x02560_y02560.png,63062_x02560_y02560.png,63062_x02560_y02560.tif,0.0,0
63062,3072,2560,63062_x03072_y02560.png,63062_x03072_y02560.png,63062_x03072_y02560.tif,0.0,0
63062,3584,2560,63062_x03584_y02560.png,63062_x03584_y02560.png,63062_x03584_y02560.tif,0.0,0
63062,4096,2560,63062_x04096_y02560.png,63062_x04096_y02560.png,63062_x04096_y02560.tif,0.0,0
63062,0,3072,63062_x00000_y03072.png,63062_x00000_y03072.png,63062_x00000_y03072.tif,0.0,0
63062,512,3072,63062_x00512_y03072.png,63062_x00512_y03072.png,63062_x00512_y03072.tif,0.0,0
63062,1024,3072,63062_x01024_y03072.png,63062_x01024_y03072.png,63062_x01024_y03072.tif,0.0,0
63062,1536,3072,63062_x01536_y03072.png,63062_x01536_y03072.png,63062_x01536_y03072.tif,0.0,0
63062,2048,3072,63062_x02048_y03072.png,63062_x02048_y03072.png,63062_x02048_y03072.tif,0.0,0
63062,2560,3072,63062_x02560_y03072.png,63062_x02560_y03072.png,63062_x02560_y03072.tif,0.0,0
63062,3072,3072,63062_x03072_y03072.png,63062_x03072_y03072.png,63062_x03072_y03072.tif,0.0,0
63062,3584,3072,63062_x03584_y03072.png,63062_x03584_y03072.png,63062_x03584_y03072.tif,0.0,0
63062,4096,3072,63062_x04096_y03072.png,63062_x04096_y03072.png,63062_x04096_y03072.tif,0.0,0
63062,0,3584,63062_x00000_y03584.png,63062_x00000_y03584.png,63062_x00000_y03584.tif,0.0,0
63062,512,3584,63062_x00512_y03584.png,63062_x00512_y03584.png,63062_x00512_y03584.tif,0.0,0
63062,1024,3584,63062_x01024_y03584.png,63062_x01024_y03584.png,63062_x01024_y03584.tif,0.0,0
63062,1536,3584,63062_x01536_y03584.png,63062_x01536_y03584.png,63062_x01536_y03584.tif,0.0,0
63062,2048,3584,63062_x02048_y03584.png,63062_x02048_y03584.png,63062_x02048_y03584.tif,0.0,0
63062,2560,3584,63062_x02560_y03584.png,63062_x02560_y03584.png,63062_x02560_y03584.tif,0.0,0
63062,3072,3584,63062_x03072_y03584.png,63062_x03072_y03584.png,63062_x03072_y03584.tif,0.0,0
63062,3584,3584,63062_x03584_y03584.png,63062_x03584_y03584.png,63062_x03584_y03584.tif,0.0,0
63062,4096,3584,63062_x04096_y03584.png,63062_x04096_y03584.png,63062_x04096_y03584.tif,0.0,0
63062,0,4096,63062_x00000_y04096.png,63062_x00000_y04096.png,63062_x00000_y04096.tif,0.0,0
63062,512,4096,63062_x00512_y04096.png,63062_x00512_y04096.png,63062_x00512_y04096.tif,0.0,0
63062,1024,4096,63062_x01024_y04096.png,63062_x01024_y04096.png,63062_x01024_y04096.tif,0.0,0
63062,1536,4096,63062_x01536_y04096.png,63062_x01536_y04096.png,63062_x01536_y04096.tif,0.0,0
63062,2048,4096,63062_x02048_y04096.png,63062_x02048_y04096.png,63062_x02048_y04096.tif,0.0,0
63062,2560,4096,63062_x02560_y04096.png,63062_x02560_y04096.png,63062_x02560_y04096.tif,0.0,0
63062,3072,4096,63062_x03072_y04096.png,63062_x03072_y04096.png,63062_x03072_y04096.tif,0.0,0
63062,3584,4096,63062_x03584_y04096.png,63062_x03584_y04096.png,63062_x03584_y04096.tif,0.0,0
63062,4096,4096,63062_x04096_y04096.png,63062_x04096_y04096.png,63062_x04096_y04096.tif,0.0,0
64833,0,0,64833_x00000_y00000.png,64833_x00000_y00000.png,64833_x00000_y00000.tif,0.0,0
64833,512,0,64833_x00512_y00000.png,64833_x00512_y00000.png,64833_x00512_y00000.tif,0.0,0
64833,1024,0,64833_x01024_y00000.png,64833_x01024_y00000.png,64833_x01024_y00000.tif,0.0,0
64833,1536,0,64833_x01536_y00000.png,64833_x01536_y00000.png,64833_x01536_y00000.tif,0.0,0
64833,2048,0,64833_x02048_y00000.png,64833_x02048_y00000.png,64833_x02048_y00000.tif,0.0,0
64833,2560,0,64833_x02560_y00000.png,64833_x02560_y00000.png,64833_x02560_y00000.tif,0.0,0
64833,3072,0,64833_x03072_y00000.png,64833_x03072_y00000.png,64833_x03072_y00000.tif,0.0,0
64833,3584,0,64833_x03584_y00000.png,64833_x03584_y00000.png,64833_x03584_y00000.tif,0.0,0
64833,4096,0,64833_x04096_y00000.png,64833_x04096_y00000.png,64833_x04096_y00000.tif,0.0,0
64833,0,512,64833_x00000_y00512.png,64833_x00000_y00512.png,64833_x00000_y00512.tif,0.0,0
64833,512,512,64833_x00512_y00512.png,64833_x00512_y00512.png,64833_x00512_y00512.tif,0.0,0
64833,1024,512,64833_x01024_y00512.png,64833_x01024_y00512.png,64833_x01024_y00512.tif,0.0,0
64833,1536,512,64833_x01536_y00512.png,64833_x01536_y00512.png,64833_x01536_y00512.tif,0.0,0
64833,2048,512,64833_x02048_y00512.png,64833_x02048_y00512.png,64833_x02048_y00512.tif,0.0,0
64833,2560,512,64833_x02560_y00512.png,64833_x02560_y00512.png,64833_x02560_y00512.tif,0.0,0
64833,3072,512,64833_x03072_y00512.png,64833_x03072_y00512.png,64833_x03072_y00512.tif,0.0,0
64833,3584,512,64833_x03584_y00512.png,64833_x03584_y00512.png,64833_x03584_y00512.tif,0.0,0
64833,4096,512,64833_x04096_y00512.png,64833_x04096_y00512.png,64833_x04096_y00512.tif,0.0,0
64833,0,1024,64833_x00000_y01024.png,64833_x00000_y01024.png,64833_x00000_y01024.tif,0.0,0
64833,512,1024,64833_x00512_y01024.png,64833_x00512_y01024.png,64833_x00512_y01024.tif,0.0,0
64833,1024,1024,64833_x01024_y01024.png,64833_x01024_y01024.png,64833_x01024_y01024.tif,0.0,0
64833,1536,1024,64833_x01536_y01024.png,64833_x01536_y01024.png,64833_x01536_y01024.tif,0.0,0
64833,2048,1024,64833_x02048_y01024.png,64833_x02048_y01024.png,64833_x02048_y01024.tif,0.0,0
64833,2560,1024,64833_x02560_y01024.png,64833_x02560_y01024.png,64833_x02560_y01024.tif,0.0,0
64833,3072,1024,64833_x03072_y01024.png,64833_x03072_y01024.png,64833_x03072_y01024.tif,0.0,0
64833,3584,1024,64833_x03584_y01024.png,64833_x03584_y01024.png,64833_x03584_y01024.tif,0.0,0
64833,4096,1024,64833_x04096_y01024.png,64833_x04096_y01024.png,64833_x04096_y01024.tif,0.0,0
64833,0,1536,64833_x00000_y01536.png,64833_x00000_y01536.png,64833_x00000_y01536.tif,0.0,0
64833,512,1536,64833_x00512_y01536.png,64833_x00512_y01536.png,64833_x00512_y01536.tif,0.0,0
64833,1024,1536,64833_x01024_y01536.png,64833_x01024_y01536.png,64833_x01024_y01536.tif,0.0,0
64833,1536,1536,64833_x01536_y01536.png,64833_x01536_y01536.png,64833_x01536_y01536.tif,0.0,0
64833,2048,1536,64833_x02048_y01536.png,64833_x02048_y01536.png,64833_x02048_y01536.tif,0.0,0
64833,2560,1536,64833_x02560_y01536.png,64833_x02560_y01536.png,64833_x02560_y01536.tif,0.0,0
64833,3072,1536,64833_x03072_y01536.png,64833_x03072_y01536.png,64833_x03072_y01536.tif,0.0,0
64833,3584,1536,64833_x03584_y01536.png,64833_x03584_y01536.png,64833_x03584_y01536.tif,0.0,0
64833,4096,1536,64833_x04096_y01536.png,64833_x04096_y01536.png,64833_x04096_y01536.tif,0.0,0
64833,0,2048,64833_x00000_y02048.png,64833_x00000_y02048.png,64833_x00000_y02048.tif,0.0,0
64833,512,2048,64833_x00512_y02048.png,64833_x00512_y02048.png,64833_x00512_y02048.tif,0.0,0
64833,1024,2048,64833_x01024_y02048.png,64833_x01024_y02048.png,64833_x01024_y02048.tif,0.0,0
64833,1536,2048,64833_x01536_y02048.png,64833_x01536_y02048.png,64833_x01536_y02048.tif,0.0,0
64833,2048,2048,64833_x02048_y02048.png,64833_x02048_y02048.png,64833_x02048_y02048.tif,0.0,0
64833,2560,2048,64833_x02560_y02048.png,64833_x02560_y02048.png,64833_x02560_y02048.tif,0.0,0
64833,3072,2048,64833_x03072_y02048.png,64833_x03072_y02048.png,64833_x03072_y02048.tif,0.0,0
64833,3584,2048,64833_x03584_y02048.png,64833_x03584_y02048.png,64833_x03584_y02048.tif,0.0,0
64833,4096,2048,64833_x04096_y02048.png,64833_x04096_y02048.png,64833_x04096_y02048.tif,0.0,0
64833,0,2560,64833_x00000_y02560.png,64833_x00000_y02560.png,64833_x00000_y02560.tif,0.0,0
64833,512,2560,64833_x00512_y02560.png,64833_x00512_y02560.png,64833_x00512_y02560.tif,0.0,0
64833,1024,2560,64833_x01024_y02560.png,64833_x01024_y02560.png,64833_x01024_y02560.tif,0.0,0
64833,1536,2560,64833_x01536_y02560.png,64833_x01536_y02560.png,64833_x01536_y02560.tif,0.0,0
64833,2048,2560,64833_x02048_y02560.png,64833_x02048_y02560.png,64833_x02048_y02560.tif,0.0,0
64833,2560,2560,64833_x02560_y02560.png,64833_x02560_y02560.png,64833_x02560_y02560.tif,0.0,0
64833,3072,2560,64833_x03072_y02560.png,64833_x03072_y02560.png,64833_x03072_y02560.tif,0.0,0
64833,3584,2560,64833_x03584_y02560.png,64833_x03584_y02560.png,64833_x03584_y02560.tif,0.0,0
64833,4096,2560,64833_x04096_y02560.png,64833_x04096_y02560.png,64833_x04096_y02560.tif,0.0,0
64833,0,3072,64833_x00000_y03072.png,64833_x00000_y03072.png,64833_x00000_y03072.tif,0.0,0
64833,512,3072,64833_x00512_y03072.png,64833_x00512_y03072.png,64833_x00512_y03072.tif,0.11187362670898438,29327
64833,1024,3072,64833_x01024_y03072.png,64833_x01024_y03072.png,64833_x01024_y03072.tif,0.0,0
64833,1536,3072,64833_x01536_y03072.png,64833_x01536_y03072.png,64833_x01536_y03072.tif,0.0,0
64833,2048,3072,64833_x02048_y03072.png,64833_x02048_y03072.png,64833_x02048_y03072.tif,0.0,0
64833,2560,3072,64833_x02560_y03072.png,64833_x02560_y03072.png,64833_x02560_y03072.tif,0.0,0
64833,3072,3072,64833_x03072_y03072.png,64833_x03072_y03072.png,64833_x03072_y03072.tif,0.0,0
64833,3584,3072,64833_x03584_y03072.png,64833_x03584_y03072.png,64833_x03584_y03072.tif,0.0,0
64833,4096,3072,64833_x04096_y03072.png,64833_x04096_y03072.png,64833_x04096_y03072.tif,0.0,0
64833,0,3584,64833_x00000_y03584.png,64833_x00000_y03584.png,64833_x00000_y03584.tif,0.0,0
64833,512,3584,64833_x00512_y03584.png,64833_x00512_y03584.png,64833_x00512_y03584.tif,0.0,0
64833,1024,3584,64833_x01024_y03584.png,64833_x01024_y03584.png,64833_x01024_y03584.tif,0.0,0
64833,1536,3584,64833_x01536_y03584.png,64833_x01536_y03584.png,64833_x01536_y03584.tif,0.0,0
64833,2048,3584,64833_x02048_y03584.png,64833_x02048_y03584.png,64833_x02048_y03584.tif,0.0,0
64833,2560,3584,64833_x02560_y03584.png,64833_x02560_y03584.png,64833_x02560_y03584.tif,0.0,0
64833,3072,3584,64833_x03072_y03584.png,64833_x03072_y03584.png,64833_x03072_y03584.tif,0.0,0
64833,3584,3584,64833_x03584_y03584.png,64833_x03584_y03584.png,64833_x03584_y03584.tif,0.0,0
64833,4096,3584,64833_x04096_y03584.png,64833_x04096_y03584.png,64833_x04096_y03584.tif,0.0,0
64833,0,4096,64833_x00000_y04096.png,64833_x00000_y04096.png,64833_x00000_y04096.tif,0.0,0
64833,512,4096,64833_x00512_y04096.png,64833_x00512_y04096.png,64833_x00512_y04096.tif,0.0,0
64833,1024,4096,64833_x01024_y04096.png,64833_x01024_y04096.png,64833_x01024_y04096.tif,0.0,0
64833,1536,4096,64833_x01536_y04096.png,64833_x01536_y04096.png,64833_x01536_y04096.tif,0.0,0
64833,2048,4096,64833_x02048_y04096.png,64833_x02048_y04096.png,64833_x02048_y04096.tif,0.0,0
64833,2560,4096,64833_x02560_y04096.png,64833_x02560_y04096.png,64833_x02560_y04096.tif,0.0,0
64833,3072,4096,64833_x03072_y04096.png,64833_x03072_y04096.png,64833_x03072_y04096.tif,0.0,0
64833,3584,4096,64833_x03584_y04096.png,64833_x03584_y04096.png,64833_x03584_y04096.tif,0.0,0
64833,4096,4096,64833_x04096_y04096.png,64833_x04096_y04096.png,64833_x04096_y04096.tif,0.0,0
54074,0,0,54074_x00000_y00000.png,54074_x00000_y00000.png,54074_x00000_y00000.tif,0.0,0
54074,512,0,54074_x00512_y00000.png,54074_x00512_y00000.png,54074_x00512_y00000.tif,0.0,0
54074,1024,0,54074_x01024_y00000.png,54074_x01024_y00000.png,54074_x01024_y00000.tif,0.0,0
54074,1536,0,54074_x01536_y00000.png,54074_x01536_y00000.png,54074_x01536_y00000.tif,0.0,0
54074,2048,0,54074_x02048_y00000.png,54074_x02048_y00000.png,54074_x02048_y00000.tif,0.0,0
54074,2560,0,54074_x02560_y00000.png,54074_x02560_y00000.png,54074_x02560_y00000.tif,0.0,0
54074,3072,0,54074_x03072_y00000.png,54074_x03072_y00000.png,54074_x03072_y00000.tif,0.0,0
54074,3584,0,54074_x03584_y00000.png,54074_x03584_y00000.png,54074_x03584_y00000.tif,0.0,0
54074,4096,0,54074_x04096_y00000.png,54074_x04096_y00000.png,54074_x04096_y00000.tif,0.0,0
54074,0,512,54074_x00000_y00512.png,54074_x00000_y00512.png,54074_x00000_y00512.tif,0.0,0
54074,512,512,54074_x00512_y00512.png,54074_x00512_y00512.png,54074_x00512_y00512.tif,0.0,0
54074,1024,512,54074_x01024_y00512.png,54074_x01024_y00512.png,54074_x01024_y00512.tif,0.0,0
54074,1536,512,54074_x01536_y00512.png,54074_x01536_y00512.png,54074_x01536_y00512.tif,0.0,0
54074,2048,512,54074_x02048_y00512.png,54074_x02048_y00512.png,54074_x02048_y00512.tif,0.0,0
54074,2560,512,54074_x02560_y00512.png,54074_x02560_y00512.png,54074_x02560_y00512.tif,0.0,0
54074,3072,512,54074_x03072_y00512.png,54074_x03072_y00512.png,54074_x03072_y00512.tif,0.0,0
54074,3584,512,54074_x03584_y00512.png,54074_x03584_y00512.png,54074_x03584_y00512.tif,0.0,0
54074,4096,512,54074_x04096_y00512.png,54074_x04096_y00512.png,54074_x04096_y00512.tif,0.0,0
54074,0,1024,54074_x00000_y01024.png,54074_x00000_y01024.png,54074_x00000_y01024.tif,0.0,0
54074,512,1024,54074_x00512_y01024.png,54074_x00512_y01024.png,54074_x00512_y01024.tif,0.0,0
54074,1024,1024,54074_x01024_y01024.png,54074_x01024_y01024.png,54074_x01024_y01024.tif,0.0,0
54074,1536,1024,54074_x01536_y01024.png,54074_x01536_y01024.png,54074_x01536_y01024.tif,0.0,0
54074,2048,1024,54074_x02048_y01024.png,54074_x02048_y01024.png,54074_x02048_y01024.tif,0.0,0
54074,2560,1024,54074_x02560_y01024.png,54074_x02560_y01024.png,54074_x02560_y01024.tif,0.0,0
54074,3072,1024,54074_x03072_y01024.png,54074_x03072_y01024.png,54074_x03072_y01024.tif,0.0,0
54074,3584,1024,54074_x03584_y01024.png,54074_x03584_y01024.png,54074_x03584_y01024.tif,0.0,0
54074,4096,1024,54074_x04096_y01024.png,54074_x04096_y01024.png,54074_x04096_y01024.tif,0.0,0
54074,0,1536,54074_x00000_y01536.png,54074_x00000_y01536.png,54074_x00000_y01536.tif,0.0,0
54074,512,1536,54074_x00512_y01536.png,54074_x00512_y01536.png,54074_x00512_y01536.tif,0.0,0
54074,1024,1536,54074_x01024_y01536.png,54074_x01024_y01536.png,54074_x01024_y01536.tif,0.0,0
54074,1536,1536,54074_x01536_y01536.png,54074_x01536_y01536.png,54074_x01536_y01536.tif,0.0001678466796875,44
54074,2048,1536,54074_x02048_y01536.png,54074_x02048_y01536.png,54074_x02048_y01536.tif,0.0,0
54074,2560,1536,54074_x02560_y01536.png,54074_x02560_y01536.png,54074_x02560_y01536.tif,0.0,0
54074,3072,1536,54074_x03072_y01536.png,54074_x03072_y01536.png,54074_x03072_y01536.tif,0.0,0
54074,3584,1536,54074_x03584_y01536.png,54074_x03584_y01536.png,54074_x03584_y01536.tif,0.0,0
54074,4096,1536,54074_x04096_y01536.png,54074_x04096_y01536.png,54074_x04096_y01536.tif,0.0,0
54074,0,2048,54074_x00000_y02048.png,54074_x00000_y02048.png,54074_x00000_y02048.tif,0.0,0
54074,512,2048,54074_x00512_y02048.png,54074_x00512_y02048.png,54074_x00512_y02048.tif,0.0,0
54074,1024,2048,54074_x01024_y02048.png,54074_x01024_y02048.png,54074_x01024_y02048.tif,0.0,0
54074,1536,2048,54074_x01536_y02048.png,54074_x01536_y02048.png,54074_x01536_y02048.tif,0.020404815673828125,5349
54074,2048,2048,54074_x02048_y02048.png,54074_x02048_y02048.png,54074_x02048_y02048.tif,0.0,0
54074,2560,2048,54074_x02560_y02048.png,54074_x02560_y02048.png,54074_x02560_y02048.tif,0.0,0
54074,3072,2048,54074_x03072_y02048.png,54074_x03072_y02048.png,54074_x03072_y02048.tif,0.0,0
54074,3584,2048,54074_x03584_y02048.png,54074_x03584_y02048.png,54074_x03584_y02048.tif,0.0,0
54074,4096,2048,54074_x04096_y02048.png,54074_x04096_y02048.png,54074_x04096_y02048.tif,0.0,0
54074,0,2560,54074_x00000_y02560.png,54074_x00000_y02560.png,54074_x00000_y02560.tif,0.0,0
54074,512,2560,54074_x00512_y02560.png,54074_x00512_y02560.png,54074_x00512_y02560.tif,0.0,0
54074,1024,2560,54074_x01024_y02560.png,54074_x01024_y02560.png,54074_x01024_y02560.tif,0.0,0
54074,1536,2560,54074_x01536_y02560.png,54074_x01536_y02560.png,54074_x01536_y02560.tif,0.0,0
54074,2048,2560,54074_x02048_y02560.png,54074_x02048_y02560.png,54074_x02048_y02560.tif,0.0,0
54074,2560,2560,54074_x02560_y02560.png,54074_x02560_y02560.png,54074_x02560_y02560.tif,0.0,0
54074,3072,2560,54074_x03072_y02560.png,54074_x03072_y02560.png,54074_x03072_y02560.tif,0.0,0
54074,3584,2560,54074_x03584_y02560.png,54074_x03584_y02560.png,54074_x03584_y02560.tif,0.0,0
54074,4096,2560,54074_x04096_y02560.png,54074_x04096_y02560.png,54074_x04096_y02560.tif,0.0,0
54074,0,3072,54074_x00000_y03072.png,54074_x00000_y03072.png,54074_x00000_y03072.tif,0.0,0
54074,512,3072,54074_x00512_y03072.png,54074_x00512_y03072.png,54074_x00512_y03072.tif,0.0,0
54074,1024,3072,54074_x01024_y03072.png,54074_x01024_y03072.png,54074_x01024_y03072.tif,0.0,0
54074,1536,3072,54074_x01536_y03072.png,54074_x01536_y03072.png,54074_x01536_y03072.tif,0.0,0
54074,2048,3072,54074_x02048_y03072.png,54074_x02048_y03072.png,54074_x02048_y03072.tif,0.0,0
54074,2560,3072,54074_x02560_y03072.png,54074_x02560_y03072.png,54074_x02560_y03072.tif,0.0,0
54074,3072,3072,54074_x03072_y03072.png,54074_x03072_y03072.png,54074_x03072_y03072.tif,0.0,0
54074,3584,3072,54074_x03584_y03072.png,54074_x03584_y03072.png,54074_x03584_y03072.tif,0.0,0
54074,4096,3072,54074_x04096_y03072.png,54074_x04096_y03072.png,54074_x04096_y03072.tif,0.0,0
54074,0,3584,54074_x00000_y03584.png,54074_x00000_y03584.png,54074_x00000_y03584.tif,0.0,0
54074,512,3584,54074_x00512_y03584.png,54074_x00512_y03584.png,54074_x00512_y03584.tif,0.0,0
54074,1024,3584,54074_x01024_y03584.png,54074_x01024_y03584.png,54074_x01024_y03584.tif,0.0,0
54074,1536,3584,54074_x01536_y03584.png,54074_x01536_y03584.png,54074_x01536_y03584.tif,0.0,0
54074,2048,3584,54074_x02048_y03584.png,54074_x02048_y03584.png,54074_x02048_y03584.tif,0.0,0
54074,2560,3584,54074_x02560_y03584.png,54074_x02560_y03584.png,54074_x02560_y03584.tif,0.0,0
54074,3072,3584,54074_x03072_y03584.png,54074_x03072_y03584.png,54074_x03072_y03584.tif,0.0,0
54074,3584,3584,54074_x03584_y03584.png,54074_x03584_y03584.png,54074_x03584_y03584.tif,0.0,0
54074,4096,3584,54074_x04096_y03584.png,54074_x04096_y03584.png,54074_x04096_y03584.tif,0.0,0
54074,0,4096,54074_x00000_y04096.png,54074_x00000_y04096.png,54074_x00000_y04096.tif,0.0,0
54074,512,4096,54074_x00512_y04096.png,54074_x00512_y04096.png,54074_x00512_y04096.tif,0.0,0
54074,1024,4096,54074_x01024_y04096.png,54074_x01024_y04096.png,54074_x01024_y04096.tif,0.0,0
54074,1536,4096,54074_x01536_y04096.png,54074_x01536_y04096.png,54074_x01536_y04096.tif,0.0,0
54074,2048,4096,54074_x02048_y04096.png,54074_x02048_y04096.png,54074_x02048_y04096.tif,0.0,0
54074,2560,4096,54074_x02560_y04096.png,54074_x02560_y04096.png,54074_x02560_y04096.tif,0.0,0
54074,3072,4096,54074_x03072_y04096.png,54074_x03072_y04096.png,54074_x03072_y04096.tif,0.0,0
54074,3584,4096,54074_x03584_y04096.png,54074_x03584_y04096.png,54074_x03584_y04096.tif,0.0,0
54074,4096,4096,54074_x04096_y04096.png,54074_x04096_y04096.png,54074_x04096_y04096.tif,0.0,0
54251,0,0,54251_x00000_y00000.png,54251_x00000_y00000.png,54251_x00000_y00000.tif,0.0,0
54251,512,0,54251_x00512_y00000.png,54251_x00512_y00000.png,54251_x00512_y00000.tif,0.0,0
54251,1024,0,54251_x01024_y00000.png,54251_x01024_y00000.png,54251_x01024_y00000.tif,0.0,0
54251,1536,0,54251_x01536_y00000.png,54251_x01536_y00000.png,54251_x01536_y00000.tif,0.0,0
54251,2048,0,54251_x02048_y00000.png,54251_x02048_y00000.png,54251_x02048_y00000.tif,0.0,0
54251,2560,0,54251_x02560_y00000.png,54251_x02560_y00000.png,54251_x02560_y00000.tif,0.0,0
54251,3072,0,54251_x03072_y00000.png,54251_x03072_y00000.png,54251_x03072_y00000.tif,0.0,0
54251,3584,0,54251_x03584_y00000.png,54251_x03584_y00000.png,54251_x03584_y00000.tif,0.0,0
54251,4096,0,54251_x04096_y00000.png,54251_x04096_y00000.png,54251_x04096_y00000.tif,0.0,0
54251,0,512,54251_x00000_y00512.png,54251_x00000_y00512.png,54251_x00000_y00512.tif,0.0,0
54251,512,512,54251_x00512_y00512.png,54251_x00512_y00512.png,54251_x00512_y00512.tif,0.0,0
54251,1024,512,54251_x01024_y00512.png,54251_x01024_y00512.png,54251_x01024_y00512.tif,0.0,0
54251,1536,512,54251_x01536_y00512.png,54251_x01536_y00512.png,54251_x01536_y00512.tif,0.0,0
54251,2048,512,54251_x02048_y00512.png,54251_x02048_y00512.png,54251_x02048_y00512.tif,0.0,0
54251,2560,512,54251_x02560_y00512.png,54251_x02560_y00512.png,54251_x02560_y00512.tif,0.0,0
54251,3072,512,54251_x03072_y00512.png,54251_x03072_y00512.png,54251_x03072_y00512.tif,0.0,0
54251,3584,512,54251_x03584_y00512.png,54251_x03584_y00512.png,54251_x03584_y00512.tif,0.0,0
54251,4096,512,54251_x04096_y00512.png,54251_x04096_y00512.png,54251_x04096_y00512.tif,0.0,0
54251,0,1024,54251_x00000_y01024.png,54251_x00000_y01024.png,54251_x00000_y01024.tif,0.0,0
54251,512,1024,54251_x00512_y01024.png,54251_x00512_y01024.png,54251_x00512_y01024.tif,0.0,0
54251,1024,1024,54251_x01024_y01024.png,54251_x01024_y01024.png,54251_x01024_y01024.tif,0.0,0
54251,1536,1024,54251_x01536_y01024.png,54251_x01536_y01024.png,54251_x01536_y01024.tif,0.0,0
54251,2048,1024,54251_x02048_y01024.png,54251_x02048_y01024.png,54251_x02048_y01024.tif,0.0,0
54251,2560,1024,54251_x02560_y01024.png,54251_x02560_y01024.png,54251_x02560_y01024.tif,0.0,0
54251,3072,1024,54251_x03072_y01024.png,54251_x03072_y01024.png,54251_x03072_y01024.tif,0.0,0
54251,3584,1024,54251_x03584_y01024.png,54251_x03584_y01024.png,54251_x03584_y01024.tif,0.0,0
54251,4096,1024,54251_x04096_y01024.png,54251_x04096_y01024.png,54251_x04096_y01024.tif,0.0,0
54251,0,1536,54251_x00000_y01536.png,54251_x00000_y01536.png,54251_x00000_y01536.tif,0.0,0
54251,512,1536,54251_x00512_y01536.png,54251_x00512_y01536.png,54251_x00512_y01536.tif,0.0,0
54251,1024,1536,54251_x01024_y01536.png,54251_x01024_y01536.png,54251_x01024_y01536.tif,0.0,0
54251,1536,1536,54251_x01536_y01536.png,54251_x01536_y01536.png,54251_x01536_y01536.tif,0.0,0
54251,2048,1536,54251_x02048_y01536.png,54251_x02048_y01536.png,54251_x02048_y01536.tif,0.0,0
54251,2560,1536,54251_x02560_y01536.png,54251_x02560_y01536.png,54251_x02560_y01536.tif,0.0,0
54251,3072,1536,54251_x03072_y01536.png,54251_x03072_y01536.png,54251_x03072_y01536.tif,0.0,0
54251,3584,1536,54251_x03584_y01536.png,54251_x03584_y01536.png,54251_x03584_y01536.tif,0.0,0
54251,4096,1536,54251_x04096_y01536.png,54251_x04096_y01536.png,54251_x04096_y01536.tif,0.0,0
54251,0,2048,54251_x00000_y02048.png,54251_x00000_y02048.png,54251_x00000_y02048.tif,0.0,0
54251,512,2048,54251_x00512_y02048.png,54251_x00512_y02048.png,54251_x00512_y02048.tif,0.0,0
54251,1024,2048,54251_x01024_y02048.png,54251_x01024_y02048.png,54251_x01024_y02048.tif,0.0,0
54251,1536,2048,54251_x01536_y02048.png,54251_x01536_y02048.png,54251_x01536_y02048.tif,0.0,0
54251,2048,2048,54251_x02048_y02048.png,54251_x02048_y02048.png,54251_x02048_y02048.tif,0.0,0
54251,2560,2048,54251_x02560_y02048.png,54251_x02560_y02048.png,54251_x02560_y02048.tif,0.0,0
54251,3072,2048,54251_x03072_y02048.png,54251_x03072_y02048.png,54251_x03072_y02048.tif,0.0,0
54251,3584,2048,54251_x03584_y02048.png,54251_x03584_y02048.png,54251_x03584_y02048.tif,0.0,0
54251,4096,2048,54251_x04096_y02048.png,54251_x04096_y02048.png,54251_x04096_y02048.tif,0.0,0
54251,0,2560,54251_x00000_y02560.png,54251_x00000_y02560.png,54251_x00000_y02560.tif,0.0,0
54251,512,2560,54251_x00512_y02560.png,54251_x00512_y02560.png,54251_x00512_y02560.tif,0.0,0
54251,1024,2560,54251_x01024_y02560.png,54251_x01024_y02560.png,54251_x01024_y02560.tif,0.0,0
54251,1536,2560,54251_x01536_y02560.png,54251_x01536_y02560.png,54251_x01536_y02560.tif,0.0,0
54251,2048,2560,54251_x02048_y02560.png,54251_x02048_y02560.png,54251_x02048_y02560.tif,0.0,0
54251,2560,2560,54251_x02560_y02560.png,54251_x02560_y02560.png,54251_x02560_y02560.tif,0.0,0
54251,3072,2560,54251_x03072_y02560.png,54251_x03072_y02560.png,54251_x03072_y02560.tif,0.0,0
54251,3584,2560,54251_x03584_y02560.png,54251_x03584_y02560.png,54251_x03584_y02560.tif,0.0,0
54251,4096,2560,54251_x04096_y02560.png,54251_x04096_y02560.png,54251_x04096_y02560.tif,0.0,0
54251,0,3072,54251_x00000_y03072.png,54251_x00000_y03072.png,54251_x00000_y03072.tif,0.0,0
54251,512,3072,54251_x00512_y03072.png,54251_x00512_y03072.png,54251_x00512_y03072.tif,0.0,0
54251,1024,3072,54251_x01024_y03072.png,54251_x01024_y03072.png,54251_x01024_y03072.tif,0.0,0
54251,1536,3072,54251_x01536_y03072.png,54251_x01536_y03072.png,54251_x01536_y03072.tif,0.0,0
54251,2048,3072,54251_x02048_y03072.png,54251_x02048_y03072.png,54251_x02048_y03072.tif,0.0,0
54251,2560,3072,54251_x02560_y03072.png,54251_x02560_y03072.png,54251_x02560_y03072.tif,0.0,0
54251,3072,3072,54251_x03072_y03072.png,54251_x03072_y03072.png,54251_x03072_y03072.tif,0.0,0
54251,3584,3072,54251_x03584_y03072.png,54251_x03584_y03072.png,54251_x03584_y03072.tif,0.0,0
54251,4096,3072,54251_x04096_y03072.png,54251_x04096_y03072.png,54251_x04096_y03072.tif,0.0,0
54251,0,3584,54251_x00000_y03584.png,54251_x00000_y03584.png,54251_x00000_y03584.tif,0.0,0
54251,512,3584,54251_x00512_y03584.png,54251_x00512_y03584.png,54251_x00512_y03584.tif,0.0,0
54251,1024,3584,54251_x01024_y03584.png,54251_x01024_y03584.png,54251_x01024_y03584.tif,0.0,0
54251,1536,3584,54251_x01536_y03584.png,54251_x01536_y03584.png,54251_x01536_y03584.tif,0.0,0
54251,2048,3584,54251_x02048_y03584.png,54251_x02048_y03584.png,54251_x02048_y03584.tif,0.0,0
54251,2560,3584,54251_x02560_y03584.png,54251_x02560_y03584.png,54251_x02560_y03584.tif,0.0,0
54251,3072,3584,54251_x03072_y03584.png,54251_x03072_y03584.png,54251_x03072_y03584.tif,0.0,0
54251,3584,3584,54251_x03584_y03584.png,54251_x03584_y03584.png,54251_x03584_y03584.tif,0.0,0
54251,4096,3584,54251_x04096_y03584.png,54251_x04096_y03584.png,54251_x04096_y03584.tif,0.0,0
54251,0,4096,54251_x00000_y04096.png,54251_x00000_y04096.png,54251_x00000_y04096.tif,0.0,0
54251,512,4096,54251_x00512_y04096.png,54251_x00512_y04096.png,54251_x00512_y04096.tif,0.0,0
54251,1024,4096,54251_x01024_y04096.png,54251_x01024_y04096.png,54251_x01024_y04096.tif,0.0,0
54251,1536,4096,54251_x01536_y04096.png,54251_x01536_y04096.png,54251_x01536_y04096.tif,0.0,0
54251,2048,4096,54251_x02048_y04096.png,54251_x02048_y04096.png,54251_x02048_y04096.tif,0.051288604736328125,13445
54251,2560,4096,54251_x02560_y04096.png,54251_x02560_y04096.png,54251_x02560_y04096.tif,0.0,0
54251,3072,4096,54251_x03072_y04096.png,54251_x03072_y04096.png,54251_x03072_y04096.tif,0.0,0
54251,3584,4096,54251_x03584_y04096.png,54251_x03584_y04096.png,54251_x03584_y04096.tif,0.0,0
54251,4096,4096,54251_x04096_y04096.png,54251_x04096_y04096.png,54251_x04096_y04096.tif,0.0,0
63984,0,0,63984_x00000_y00000.png,63984_x00000_y00000.png,63984_x00000_y00000.tif,0.0,0
63984,512,0,63984_x00512_y00000.png,63984_x00512_y00000.png,63984_x00512_y00000.tif,0.0,0
63984,1024,0,63984_x01024_y00000.png,63984_x01024_y00000.png,63984_x01024_y00000.tif,0.0,0
63984,1536,0,63984_x01536_y00000.png,63984_x01536_y00000.png,63984_x01536_y00000.tif,0.0,0
63984,2048,0,63984_x02048_y00000.png,63984_x02048_y00000.png,63984_x02048_y00000.tif,0.0,0
63984,2560,0,63984_x02560_y00000.png,63984_x02560_y00000.png,63984_x02560_y00000.tif,0.0,0
63984,3072,0,63984_x03072_y00000.png,63984_x03072_y00000.png,63984_x03072_y00000.tif,0.0,0
63984,3584,0,63984_x03584_y00000.png,63984_x03584_y00000.png,63984_x03584_y00000.tif,0.0,0
63984,4096,0,63984_x04096_y00000.png,63984_x04096_y00000.png,63984_x04096_y00000.tif,0.0,0
63984,0,512,63984_x00000_y00512.png,63984_x00000_y00512.png,63984_x00000_y00512.tif,0.0,0
63984,512,512,63984_x00512_y00512.png,63984_x00512_y00512.png,63984_x00512_y00512.tif,0.0,0
63984,1024,512,63984_x01024_y00512.png,63984_x01024_y00512.png,63984_x01024_y00512.tif,0.0,0
63984,1536,512,63984_x01536_y00512.png,63984_x01536_y00512.png,63984_x01536_y00512.tif,0.0,0
63984,2048,512,63984_x02048_y00512.png,63984_x02048_y00512.png,63984_x02048_y00512.tif,0.0,0
63984,2560,512,63984_x02560_y00512.png,63984_x02560_y00512.png,63984_x02560_y00512.tif,0.0,0
63984,3072,512,63984_x03072_y00512.png,63984_x03072_y00512.png,63984_x03072_y00512.tif,0.0,0
63984,3584,512,63984_x03584_y00512.png,63984_x03584_y00512.png,63984_x03584_y00512.tif,0.0,0
63984,4096,512,63984_x04096_y00512.png,63984_x04096_y00512.png,63984_x04096_y00512.tif,0.0,0
63984,0,1024,63984_x00000_y01024.png,63984_x00000_y01024.png,63984_x00000_y01024.tif,0.0,0
63984,512,1024,63984_x00512_y01024.png,63984_x00512_y01024.png,63984_x00512_y01024.tif,0.0,0
63984,1024,1024,63984_x01024_y01024.png,63984_x01024_y01024.png,63984_x01024_y01024.tif,0.0,0
63984,1536,1024,63984_x01536_y01024.png,63984_x01536_y01024.png,63984_x01536_y01024.tif,0.0,0
63984,2048,1024,63984_x02048_y01024.png,63984_x02048_y01024.png,63984_x02048_y01024.tif,0.0,0
63984,2560,1024,63984_x02560_y01024.png,63984_x02560_y01024.png,63984_x02560_y01024.tif,0.0,0
63984,3072,1024,63984_x03072_y01024.png,63984_x03072_y01024.png,63984_x03072_y01024.tif,0.0,0
63984,3584,1024,63984_x03584_y01024.png,63984_x03584_y01024.png,63984_x03584_y01024.tif,0.0,0
63984,4096,1024,63984_x04096_y01024.png,63984_x04096_y01024.png,63984_x04096_y01024.tif,0.0,0
63984,0,1536,63984_x00000_y01536.png,63984_x00000_y01536.png,63984_x00000_y01536.tif,0.0,0
63984,512,1536,63984_x00512_y01536.png,63984_x00512_y01536.png,63984_x00512_y01536.tif,0.0,0
63984,1024,1536,63984_x01024_y01536.png,63984_x01024_y01536.png,63984_x01024_y01536.tif,0.040630340576171875,10651
63984,1536,1536,63984_x01536_y01536.png,63984_x01536_y01536.png,63984_x01536_y01536.tif,0.0,0
63984,2048,1536,63984_x02048_y01536.png,63984_x02048_y01536.png,63984_x02048_y01536.tif,0.0,0
63984,2560,1536,63984_x02560_y01536.png,63984_x02560_y01536.png,63984_x02560_y01536.tif,0.0,0
63984,3072,1536,63984_x03072_y01536.png,63984_x03072_y01536.png,63984_x03072_y01536.tif,0.0,0
63984,3584,1536,63984_x03584_y01536.png,63984_x03584_y01536.png,63984_x03584_y01536.tif,0.0,0
63984,4096,1536,63984_x04096_y01536.png,63984_x04096_y01536.png,63984_x04096_y01536.tif,0.0,0
63984,0,2048,63984_x00000_y02048.png,63984_x00000_y02048.png,63984_x00000_y02048.tif,0.0,0
63984,512,2048,63984_x00512_y02048.png,63984_x00512_y02048.png,63984_x00512_y02048.tif,0.0,0
63984,1024,2048,63984_x01024_y02048.png,63984_x01024_y02048.png,63984_x01024_y02048.tif,0.0,0
63984,1536,2048,63984_x01536_y02048.png,63984_x01536_y02048.png,63984_x01536_y02048.tif,0.0,0
63984,2048,2048,63984_x02048_y02048.png,63984_x02048_y02048.png,63984_x02048_y02048.tif,0.0,0
63984,2560,2048,63984_x02560_y02048.png,63984_x02560_y02048.png,63984_x02560_y02048.tif,0.0,0
63984,3072,2048,63984_x03072_y02048.png,63984_x03072_y02048.png,63984_x03072_y02048.tif,0.0,0
63984,3584,2048,63984_x03584_y02048.png,63984_x03584_y02048.png,63984_x03584_y02048.tif,0.0,0
63984,4096,2048,63984_x04096_y02048.png,63984_x04096_y02048.png,63984_x04096_y02048.tif,0.0,0
63984,0,2560,63984_x00000_y02560.png,63984_x00000_y02560.png,63984_x00000_y02560.tif,0.0,0
63984,512,2560,63984_x00512_y02560.png,63984_x00512_y02560.png,63984_x00512_y02560.tif,0.0,0
63984,1024,2560,63984_x01024_y02560.png,63984_x01024_y02560.png,63984_x01024_y02560.tif,0.0,0
63984,1536,2560,63984_x01536_y02560.png,63984_x01536_y02560.png,63984_x01536_y02560.tif,0.0,0
63984,2048,2560,63984_x02048_y02560.png,63984_x02048_y02560.png,63984_x02048_y02560.tif,0.0,0
63984,2560,2560,63984_x02560_y02560.png,63984_x02560_y02560.png,63984_x02560_y02560.tif,0.0,0
63984,3072,2560,63984_x03072_y02560.png,63984_x03072_y02560.png,63984_x03072_y02560.tif,0.0,0
63984,3584,2560,63984_x03584_y02560.png,63984_x03584_y02560.png,63984_x03584_y02560.tif,0.0,0
63984,4096,2560,63984_x04096_y02560.png,63984_x04096_y02560.png,63984_x04096_y02560.tif,0.0,0
63984,0,3072,63984_x00000_y03072.png,63984_x00000_y03072.png,63984_x00000_y03072.tif,0.0,0
63984,512,3072,63984_x00512_y03072.png,63984_x00512_y03072.png,63984_x00512_y03072.tif,0.0,0
63984,1024,3072,63984_x01024_y03072.png,63984_x01024_y03072.png,63984_x01024_y03072.tif,0.0,0
63984,1536,3072,63984_x01536_y03072.png,63984_x01536_y03072.png,63984_x01536_y03072.tif,0.0,0
63984,2048,3072,63984_x02048_y03072.png,63984_x02048_y03072.png,63984_x02048_y03072.tif,0.0,0
63984,2560,3072,63984_x02560_y03072.png,63984_x02560_y03072.png,63984_x02560_y03072.tif,0.0,0
63984,3072,3072,63984_x03072_y03072.png,63984_x03072_y03072.png,63984_x03072_y03072.tif,0.0,0
63984,3584,3072,63984_x03584_y03072.png,63984_x03584_y03072.png,63984_x03584_y03072.tif,0.0,0
63984,4096,3072,63984_x04096_y03072.png,63984_x04096_y03072.png,63984_x04096_y03072.tif,0.0,0
63984,0,3584,63984_x00000_y03584.png,63984_x00000_y03584.png,63984_x00000_y03584.tif,0.0,0
63984,512,3584,63984_x00512_y03584.png,63984_x00512_y03584.png,63984_x00512_y03584.tif,0.0,0
63984,1024,3584,63984_x01024_y03584.png,63984_x01024_y03584.png,63984_x01024_y03584.tif,0.0,0
63984,1536,3584,63984_x01536_y03584.png,63984_x01536_y03584.png,63984_x01536_y03584.tif,0.0,0
63984,2048,3584,63984_x02048_y03584.png,63984_x02048_y03584.png,63984_x02048_y03584.tif,0.0,0
63984,2560,3584,63984_x02560_y03584.png,63984_x02560_y03584.png,63984_x02560_y03584.tif,0.0,0
63984,3072,3584,63984_x03072_y03584.png,63984_x03072_y03584.png,63984_x03072_y03584.tif,0.0,0
63984,3584,3584,63984_x03584_y03584.png,63984_x03584_y03584.png,63984_x03584_y03584.tif,0.0,0
63984,4096,3584,63984_x04096_y03584.png,63984_x04096_y03584.png,63984_x04096_y03584.tif,0.0,0
63984,0,4096,63984_x00000_y04096.png,63984_x00000_y04096.png,63984_x00000_y04096.tif,0.0,0
63984,512,4096,63984_x00512_y04096.png,63984_x00512_y04096.png,63984_x00512_y04096.tif,0.0,0
63984,1024,4096,63984_x01024_y04096.png,63984_x01024_y04096.png,63984_x01024_y04096.tif,0.0,0
63984,1536,4096,63984_x01536_y04096.png,63984_x01536_y04096.png,63984_x01536_y04096.tif,0.0,0
63984,2048,4096,63984_x02048_y04096.png,63984_x02048_y04096.png,63984_x02048_y04096.tif,0.0,0
63984,2560,4096,63984_x02560_y04096.png,63984_x02560_y04096.png,63984_x02560_y04096.tif,0.0,0
63984,3072,4096,63984_x03072_y04096.png,63984_x03072_y04096.png,63984_x03072_y04096.tif,0.0,0
63984,3584,4096,63984_x03584_y04096.png,63984_x03584_y04096.png,63984_x03584_y04096.tif,0.0,0
63984,4096,4096,63984_x04096_y04096.png,63984_x04096_y04096.png,63984_x04096_y04096.tif,0.0,0
44984,0,0,44984_x00000_y00000.png,44984_x00000_y00000.png,44984_x00000_y00000.tif,0.0,0
44984,512,0,44984_x00512_y00000.png,44984_x00512_y00000.png,44984_x00512_y00000.tif,0.0,0
44984,1024,0,44984_x01024_y00000.png,44984_x01024_y00000.png,44984_x01024_y00000.tif,0.0,0
44984,1536,0,44984_x01536_y00000.png,44984_x01536_y00000.png,44984_x01536_y00000.tif,0.0,0
44984,2048,0,44984_x02048_y00000.png,44984_x02048_y00000.png,44984_x02048_y00000.tif,0.0,0
44984,2560,0,44984_x02560_y00000.png,44984_x02560_y00000.png,44984_x02560_y00000.tif,0.0,0
44984,3072,0,44984_x03072_y00000.png,44984_x03072_y00000.png,44984_x03072_y00000.tif,0.0,0
44984,3584,0,44984_x03584_y00000.png,44984_x03584_y00000.png,44984_x03584_y00000.tif,0.0,0
44984,4096,0,44984_x04096_y00000.png,44984_x04096_y00000.png,44984_x04096_y00000.tif,0.0,0
44984,0,512,44984_x00000_y00512.png,44984_x00000_y00512.png,44984_x00000_y00512.tif,0.0,0
44984,512,512,44984_x00512_y00512.png,44984_x00512_y00512.png,44984_x00512_y00512.tif,0.0,0
44984,1024,512,44984_x01024_y00512.png,44984_x01024_y00512.png,44984_x01024_y00512.tif,0.0,0
44984,1536,512,44984_x01536_y00512.png,44984_x01536_y00512.png,44984_x01536_y00512.tif,0.0,0
44984,2048,512,44984_x02048_y00512.png,44984_x02048_y00512.png,44984_x02048_y00512.tif,0.0,0
44984,2560,512,44984_x02560_y00512.png,44984_x02560_y00512.png,44984_x02560_y00512.tif,0.0,0
44984,3072,512,44984_x03072_y00512.png,44984_x03072_y00512.png,44984_x03072_y00512.tif,0.0,0
44984,3584,512,44984_x03584_y00512.png,44984_x03584_y00512.png,44984_x03584_y00512.tif,0.0,0
44984,4096,512,44984_x04096_y00512.png,44984_x04096_y00512.png,44984_x04096_y00512.tif,0.0,0
44984,0,1024,44984_x00000_y01024.png,44984_x00000_y01024.png,44984_x00000_y01024.tif,0.0,0
44984,512,1024,44984_x00512_y01024.png,44984_x00512_y01024.png,44984_x00512_y01024.tif,0.0,0
44984,1024,1024,44984_x01024_y01024.png,44984_x01024_y01024.png,44984_x01024_y01024.tif,0.0,0
44984,1536,1024,44984_x01536_y01024.png,44984_x01536_y01024.png,44984_x01536_y01024.tif,0.0,0
44984,2048,1024,44984_x02048_y01024.png,44984_x02048_y01024.png,44984_x02048_y01024.tif,0.0,0
44984,2560,1024,44984_x02560_y01024.png,44984_x02560_y01024.png,44984_x02560_y01024.tif,0.0,0
44984,3072,1024,44984_x03072_y01024.png,44984_x03072_y01024.png,44984_x03072_y01024.tif,0.0,0
44984,3584,1024,44984_x03584_y01024.png,44984_x03584_y01024.png,44984_x03584_y01024.tif,0.0,0
44984,4096,1024,44984_x04096_y01024.png,44984_x04096_y01024.png,44984_x04096_y01024.tif,0.0,0
44984,0,1536,44984_x00000_y01536.png,44984_x00000_y01536.png,44984_x00000_y01536.tif,0.0,0
44984,512,1536,44984_x00512_y01536.png,44984_x00512_y01536.png,44984_x00512_y01536.tif,0.0,0
44984,1024,1536,44984_x01024_y01536.png,44984_x01024_y01536.png,44984_x01024_y01536.tif,0.0,0
44984,1536,1536,44984_x01536_y01536.png,44984_x01536_y01536.png,44984_x01536_y01536.tif,0.0,0
44984,2048,1536,44984_x02048_y01536.png,44984_x02048_y01536.png,44984_x02048_y01536.tif,0.0,0
44984,2560,1536,44984_x02560_y01536.png,44984_x02560_y01536.png,44984_x02560_y01536.tif,0.0,0
44984,3072,1536,44984_x03072_y01536.png,44984_x03072_y01536.png,44984_x03072_y01536.tif,0.0,0
44984,3584,1536,44984_x03584_y01536.png,44984_x03584_y01536.png,44984_x03584_y01536.tif,0.0,0
44984,4096,1536,44984_x04096_y01536.png,44984_x04096_y01536.png,44984_x04096_y01536.tif,0.0,0
44984,0,2048,44984_x00000_y02048.png,44984_x00000_y02048.png,44984_x00000_y02048.tif,0.0,0
44984,512,2048,44984_x00512_y02048.png,44984_x00512_y02048.png,44984_x00512_y02048.tif,0.0,0
44984,1024,2048,44984_x01024_y02048.png,44984_x01024_y02048.png,44984_x01024_y02048.tif,0.0,0
44984,1536,2048,44984_x01536_y02048.png,44984_x01536_y02048.png,44984_x01536_y02048.tif,0.0,0
44984,2048,2048,44984_x02048_y02048.png,44984_x02048_y02048.png,44984_x02048_y02048.tif,0.0,0
44984,2560,2048,44984_x02560_y02048.png,44984_x02560_y02048.png,44984_x02560_y02048.tif,0.0,0
44984,3072,2048,44984_x03072_y02048.png,44984_x03072_y02048.png,44984_x03072_y02048.tif,0.0,0
44984,3584,2048,44984_x03584_y02048.png,44984_x03584_y02048.png,44984_x03584_y02048.tif,0.0,0
44984,4096,2048,44984_x04096_y02048.png,44984_x04096_y02048.png,44984_x04096_y02048.tif,0.046237945556640625,12121
44984,0,2560,44984_x00000_y02560.png,44984_x00000_y02560.png,44984_x00000_y02560.tif,0.0,0
44984,512,2560,44984_x00512_y02560.png,44984_x00512_y02560.png,44984_x00512_y02560.tif,0.0,0
44984,1024,2560,44984_x01024_y02560.png,44984_x01024_y02560.png,44984_x01024_y02560.tif,0.0,0
44984,1536,2560,44984_x01536_y02560.png,44984_x01536_y02560.png,44984_x01536_y02560.tif,0.0,0
44984,2048,2560,44984_x02048_y02560.png,44984_x02048_y02560.png,44984_x02048_y02560.tif,0.0,0
44984,2560,2560,44984_x02560_y02560.png,44984_x02560_y02560.png,44984_x02560_y02560.tif,0.0,0
44984,3072,2560,44984_x03072_y02560.png,44984_x03072_y02560.png,44984_x03072_y02560.tif,0.0,0
44984,3584,2560,44984_x03584_y02560.png,44984_x03584_y02560.png,44984_x03584_y02560.tif,7.62939453125e-06,2
44984,4096,2560,44984_x04096_y02560.png,44984_x04096_y02560.png,44984_x04096_y02560.tif,0.12656784057617188,33179
44984,0,3072,44984_x00000_y03072.png,44984_x00000_y03072.png,44984_x00000_y03072.tif,0.0,0
44984,512,3072,44984_x00512_y03072.png,44984_x00512_y03072.png,44984_x00512_y03072.tif,0.0,0
44984,1024,3072,44984_x01024_y03072.png,44984_x01024_y03072.png,44984_x01024_y03072.tif,0.0,0
44984,1536,3072,44984_x01536_y03072.png,44984_x01536_y03072.png,44984_x01536_y03072.tif,0.0,0
44984,2048,3072,44984_x02048_y03072.png,44984_x02048_y03072.png,44984_x02048_y03072.tif,0.0,0
44984,2560,3072,44984_x02560_y03072.png,44984_x02560_y03072.png,44984_x02560_y03072.tif,0.0,0
44984,3072,3072,44984_x03072_y03072.png,44984_x03072_y03072.png,44984_x03072_y03072.tif,0.0,0
44984,3584,3072,44984_x03584_y03072.png,44984_x03584_y03072.png,44984_x03584_y03072.tif,0.0,0
44984,4096,3072,44984_x04096_y03072.png,44984_x04096_y03072.png,44984_x04096_y03072.tif,0.0,0
44984,0,3584,44984_x00000_y03584.png,44984_x00000_y03584.png,44984_x00000_y03584.tif,0.0,0
44984,512,3584,44984_x00512_y03584.png,44984_x00512_y03584.png,44984_x00512_y03584.tif,0.0,0
44984,1024,3584,44984_x01024_y03584.png,44984_x01024_y03584.png,44984_x01024_y03584.tif,0.0,0
44984,1536,3584,44984_x01536_y03584.png,44984_x01536_y03584.png,44984_x01536_y03584.tif,0.0,0
44984,2048,3584,44984_x02048_y03584.png,44984_x02048_y03584.png,44984_x02048_y03584.tif,0.0,0
44984,2560,3584,44984_x02560_y03584.png,44984_x02560_y03584.png,44984_x02560_y03584.tif,0.0,0
44984,3072,3584,44984_x03072_y03584.png,44984_x03072_y03584.png,44984_x03072_y03584.tif,0.0,0
44984,3584,3584,44984_x03584_y03584.png,44984_x03584_y03584.png,44984_x03584_y03584.tif,0.0,0
44984,4096,3584,44984_x04096_y03584.png,44984_x04096_y03584.png,44984_x04096_y03584.tif,0.0,0
44984,0,4096,44984_x00000_y04096.png,44984_x00000_y04096.png,44984_x00000_y04096.tif,0.0,0
44984,512,4096,44984_x00512_y04096.png,44984_x00512_y04096.png,44984_x00512_y04096.tif,0.0,0
44984,1024,4096,44984_x01024_y04096.png,44984_x01024_y04096.png,44984_x01024_y04096.tif,0.0,0
44984,1536,4096,44984_x01536_y04096.png,44984_x01536_y04096.png,44984_x01536_y04096.tif,0.0,0
44984,2048,4096,44984_x02048_y04096.png,44984_x02048_y04096.png,44984_x02048_y04096.tif,0.0,0
44984,2560,4096,44984_x02560_y04096.png,44984_x02560_y04096.png,44984_x02560_y04096.tif,0.0,0
44984,3072,4096,44984_x03072_y04096.png,44984_x03072_y04096.png,44984_x03072_y04096.tif,0.0,0
44984,3584,4096,44984_x03584_y04096.png,44984_x03584_y04096.png,44984_x03584_y04096.tif,0.0,0
44984,4096,4096,44984_x04096_y04096.png,44984_x04096_y04096.png,44984_x04096_y04096.tif,0.0,0
64962,0,0,64962_x00000_y00000.png,64962_x00000_y00000.png,64962_x00000_y00000.tif,0.0,0
64962,512,0,64962_x00512_y00000.png,64962_x00512_y00000.png,64962_x00512_y00000.tif,0.0,0
64962,1024,0,64962_x01024_y00000.png,64962_x01024_y00000.png,64962_x01024_y00000.tif,0.0,0
64962,1536,0,64962_x01536_y00000.png,64962_x01536_y00000.png,64962_x01536_y00000.tif,0.0,0
64962,2048,0,64962_x02048_y00000.png,64962_x02048_y00000.png,64962_x02048_y00000.tif,0.0,0
64962,2560,0,64962_x02560_y00000.png,64962_x02560_y00000.png,64962_x02560_y00000.tif,0.0,0
64962,3072,0,64962_x03072_y00000.png,64962_x03072_y00000.png,64962_x03072_y00000.tif,0.0,0
64962,3584,0,64962_x03584_y00000.png,64962_x03584_y00000.png,64962_x03584_y00000.tif,0.0,0
64962,4096,0,64962_x04096_y00000.png,64962_x04096_y00000.png,64962_x04096_y00000.tif,0.0,0
64962,0,512,64962_x00000_y00512.png,64962_x00000_y00512.png,64962_x00000_y00512.tif,0.0,0
64962,512,512,64962_x00512_y00512.png,64962_x00512_y00512.png,64962_x00512_y00512.tif,0.0,0
64962,1024,512,64962_x01024_y00512.png,64962_x01024_y00512.png,64962_x01024_y00512.tif,0.0,0
64962,1536,512,64962_x01536_y00512.png,64962_x01536_y00512.png,64962_x01536_y00512.tif,0.0,0
64962,2048,512,64962_x02048_y00512.png,64962_x02048_y00512.png,64962_x02048_y00512.tif,0.0,0
64962,2560,512,64962_x02560_y00512.png,64962_x02560_y00512.png,64962_x02560_y00512.tif,0.0,0
64962,3072,512,64962_x03072_y00512.png,64962_x03072_y00512.png,64962_x03072_y00512.tif,0.0,0
64962,3584,512,64962_x03584_y00512.png,64962_x03584_y00512.png,64962_x03584_y00512.tif,0.0,0
64962,4096,512,64962_x04096_y00512.png,64962_x04096_y00512.png,64962_x04096_y00512.tif,0.0,0
64962,0,1024,64962_x00000_y01024.png,64962_x00000_y01024.png,64962_x00000_y01024.tif,0.0,0
64962,512,1024,64962_x00512_y01024.png,64962_x00512_y01024.png,64962_x00512_y01024.tif,0.0,0
64962,1024,1024,64962_x01024_y01024.png,64962_x01024_y01024.png,64962_x01024_y01024.tif,0.0,0
64962,1536,1024,64962_x01536_y01024.png,64962_x01536_y01024.png,64962_x01536_y01024.tif,0.0,0
64962,2048,1024,64962_x02048_y01024.png,64962_x02048_y01024.png,64962_x02048_y01024.tif,0.0,0
64962,2560,1024,64962_x02560_y01024.png,64962_x02560_y01024.png,64962_x02560_y01024.tif,0.0,0
64962,3072,1024,64962_x03072_y01024.png,64962_x03072_y01024.png,64962_x03072_y01024.tif,0.0,0
64962,3584,1024,64962_x03584_y01024.png,64962_x03584_y01024.png,64962_x03584_y01024.tif,0.0,0
64962,4096,1024,64962_x04096_y01024.png,64962_x04096_y01024.png,64962_x04096_y01024.tif,0.0,0
64962,0,1536,64962_x00000_y01536.png,64962_x00000_y01536.png,64962_x00000_y01536.tif,0.0,0
64962,512,1536,64962_x00512_y01536.png,64962_x00512_y01536.png,64962_x00512_y01536.tif,0.0,0
64962,1024,1536,64962_x01024_y01536.png,64962_x01024_y01536.png,64962_x01024_y01536.tif,0.0,0
64962,1536,1536,64962_x01536_y01536.png,64962_x01536_y01536.png,64962_x01536_y01536.tif,0.0,0
64962,2048,1536,64962_x02048_y01536.png,64962_x02048_y01536.png,64962_x02048_y01536.tif,0.0,0
64962,2560,1536,64962_x02560_y01536.png,64962_x02560_y01536.png,64962_x02560_y01536.tif,0.0,0
64962,3072,1536,64962_x03072_y01536.png,64962_x03072_y01536.png,64962_x03072_y01536.tif,0.0,0
64962,3584,1536,64962_x03584_y01536.png,64962_x03584_y01536.png,64962_x03584_y01536.tif,0.0,0
64962,4096,1536,64962_x04096_y01536.png,64962_x04096_y01536.png,64962_x04096_y01536.tif,0.0,0
64962,0,2048,64962_x00000_y02048.png,64962_x00000_y02048.png,64962_x00000_y02048.tif,0.0,0
64962,512,2048,64962_x00512_y02048.png,64962_x00512_y02048.png,64962_x00512_y02048.tif,0.0,0
64962,1024,2048,64962_x01024_y02048.png,64962_x01024_y02048.png,64962_x01024_y02048.tif,0.0,0
64962,1536,2048,64962_x01536_y02048.png,64962_x01536_y02048.png,64962_x01536_y02048.tif,0.0,0
64962,2048,2048,64962_x02048_y02048.png,64962_x02048_y02048.png,64962_x02048_y02048.tif,0.0,0
64962,2560,2048,64962_x02560_y02048.png,64962_x02560_y02048.png,64962_x02560_y02048.tif,0.0,0
64962,3072,2048,64962_x03072_y02048.png,64962_x03072_y02048.png,64962_x03072_y02048.tif,0.0,0
64962,3584,2048,64962_x03584_y02048.png,64962_x03584_y02048.png,64962_x03584_y02048.tif,0.0,0
64962,4096,2048,64962_x04096_y02048.png,64962_x04096_y02048.png,64962_x04096_y02048.tif,0.0,0
64962,0,2560,64962_x00000_y02560.png,64962_x00000_y02560.png,64962_x00000_y02560.tif,0.0,0
64962,512,2560,64962_x00512_y02560.png,64962_x00512_y02560.png,64962_x00512_y02560.tif,0.0,0
64962,1024,2560,64962_x01024_y02560.png,64962_x01024_y02560.png,64962_x01024_y02560.tif,0.0,0
64962,1536,2560,64962_x01536_y02560.png,64962_x01536_y02560.png,64962_x01536_y02560.tif,0.0,0
64962,2048,2560,64962_x02048_y02560.png,64962_x02048_y02560.png,64962_x02048_y02560.tif,0.0,0
64962,2560,2560,64962_x02560_y02560.png,64962_x02560_y02560.png,64962_x02560_y02560.tif,0.0,0
64962,3072,2560,64962_x03072_y02560.png,64962_x03072_y02560.png,64962_x03072_y02560.tif,0.0,0
64962,3584,2560,64962_x03584_y02560.png,64962_x03584_y02560.png,64962_x03584_y02560.tif,0.0,0
64962,4096,2560,64962_x04096_y02560.png,64962_x04096_y02560.png,64962_x04096_y02560.tif,0.0,0
64962,0,3072,64962_x00000_y03072.png,64962_x00000_y03072.png,64962_x00000_y03072.tif,0.0,0
64962,512,3072,64962_x00512_y03072.png,64962_x00512_y03072.png,64962_x00512_y03072.tif,0.0,0
64962,1024,3072,64962_x01024_y03072.png,64962_x01024_y03072.png,64962_x01024_y03072.tif,0.0,0
64962,1536,3072,64962_x01536_y03072.png,64962_x01536_y03072.png,64962_x01536_y03072.tif,0.0,0
64962,2048,3072,64962_x02048_y03072.png,64962_x02048_y03072.png,64962_x02048_y03072.tif,0.0,0
64962,2560,3072,64962_x02560_y03072.png,64962_x02560_y03072.png,64962_x02560_y03072.tif,0.0,0
64962,3072,3072,64962_x03072_y03072.png,64962_x03072_y03072.png,64962_x03072_y03072.tif,0.0,0
64962,3584,3072,64962_x03584_y03072.png,64962_x03584_y03072.png,64962_x03584_y03072.tif,0.0,0
64962,4096,3072,64962_x04096_y03072.png,64962_x04096_y03072.png,64962_x04096_y03072.tif,0.0,0
64962,0,3584,64962_x00000_y03584.png,64962_x00000_y03584.png,64962_x00000_y03584.tif,0.0,0
64962,512,3584,64962_x00512_y03584.png,64962_x00512_y03584.png,64962_x00512_y03584.tif,0.0,0
64962,1024,3584,64962_x01024_y03584.png,64962_x01024_y03584.png,64962_x01024_y03584.tif,0.0,0
64962,1536,3584,64962_x01536_y03584.png,64962_x01536_y03584.png,64962_x01536_y03584.tif,0.0,0
64962,2048,3584,64962_x02048_y03584.png,64962_x02048_y03584.png,64962_x02048_y03584.tif,0.0,0
64962,2560,3584,64962_x02560_y03584.png,64962_x02560_y03584.png,64962_x02560_y03584.tif,0.0,0
64962,3072,3584,64962_x03072_y03584.png,64962_x03072_y03584.png,64962_x03072_y03584.tif,0.0,0
64962,3584,3584,64962_x03584_y03584.png,64962_x03584_y03584.png,64962_x03584_y03584.tif,0.0,0
64962,4096,3584,64962_x04096_y03584.png,64962_x04096_y03584.png,64962_x04096_y03584.tif,0.0,0
64962,0,4096,64962_x00000_y04096.png,64962_x00000_y04096.png,64962_x00000_y04096.tif,0.0,0
64962,512,4096,64962_x00512_y04096.png,64962_x00512_y04096.png,64962_x00512_y04096.tif,0.0,0
64962,1024,4096,64962_x01024_y04096.png,64962_x01024_y04096.png,64962_x01024_y04096.tif,0.0,0
64962,1536,4096,64962_x01536_y04096.png,64962_x01536_y04096.png,64962_x01536_y04096.tif,0.0,0
64962,2048,4096,64962_x02048_y04096.png,64962_x02048_y04096.png,64962_x02048_y04096.tif,0.0,0
64962,2560,4096,64962_x02560_y04096.png,64962_x02560_y04096.png,64962_x02560_y04096.tif,0.0,0
64962,3072,4096,64962_x03072_y04096.png,64962_x03072_y04096.png,64962_x03072_y04096.tif,0.0,0
64962,3584,4096,64962_x03584_y04096.png,64962_x03584_y04096.png,64962_x03584_y04096.tif,0.0,0
64962,4096,4096,64962_x04096_y04096.png,64962_x04096_y04096.png,64962_x04096_y04096.tif,0.0,0
64112,0,0,64112_x00000_y00000.png,64112_x00000_y00000.png,64112_x00000_y00000.tif,0.0,0
64112,512,0,64112_x00512_y00000.png,64112_x00512_y00000.png,64112_x00512_y00000.tif,0.0,0
64112,1024,0,64112_x01024_y00000.png,64112_x01024_y00000.png,64112_x01024_y00000.tif,0.0,0
64112,1536,0,64112_x01536_y00000.png,64112_x01536_y00000.png,64112_x01536_y00000.tif,0.0,0
64112,2048,0,64112_x02048_y00000.png,64112_x02048_y00000.png,64112_x02048_y00000.tif,0.0,0
64112,2560,0,64112_x02560_y00000.png,64112_x02560_y00000.png,64112_x02560_y00000.tif,0.0,0
64112,3072,0,64112_x03072_y00000.png,64112_x03072_y00000.png,64112_x03072_y00000.tif,0.0,0
64112,3584,0,64112_x03584_y00000.png,64112_x03584_y00000.png,64112_x03584_y00000.tif,0.0,0
64112,4096,0,64112_x04096_y00000.png,64112_x04096_y00000.png,64112_x04096_y00000.tif,0.0,0
64112,0,512,64112_x00000_y00512.png,64112_x00000_y00512.png,64112_x00000_y00512.tif,0.0,0
64112,512,512,64112_x00512_y00512.png,64112_x00512_y00512.png,64112_x00512_y00512.tif,0.0,0
64112,1024,512,64112_x01024_y00512.png,64112_x01024_y00512.png,64112_x01024_y00512.tif,0.0,0
64112,1536,512,64112_x01536_y00512.png,64112_x01536_y00512.png,64112_x01536_y00512.tif,0.0,0
64112,2048,512,64112_x02048_y00512.png,64112_x02048_y00512.png,64112_x02048_y00512.tif,0.0,0
64112,2560,512,64112_x02560_y00512.png,64112_x02560_y00512.png,64112_x02560_y00512.tif,0.0,0
64112,3072,512,64112_x03072_y00512.png,64112_x03072_y00512.png,64112_x03072_y00512.tif,0.0,0
64112,3584,512,64112_x03584_y00512.png,64112_x03584_y00512.png,64112_x03584_y00512.tif,0.0,0
64112,4096,512,64112_x04096_y00512.png,64112_x04096_y00512.png,64112_x04096_y00512.tif,0.0,0
64112,0,1024,64112_x00000_y01024.png,64112_x00000_y01024.png,64112_x00000_y01024.tif,0.0,0
64112,512,1024,64112_x00512_y01024.png,64112_x00512_y01024.png,64112_x00512_y01024.tif,0.0,0
64112,1024,1024,64112_x01024_y01024.png,64112_x01024_y01024.png,64112_x01024_y01024.tif,0.0,0
64112,1536,1024,64112_x01536_y01024.png,64112_x01536_y01024.png,64112_x01536_y01024.tif,0.0,0
64112,2048,1024,64112_x02048_y01024.png,64112_x02048_y01024.png,64112_x02048_y01024.tif,0.0,0
64112,2560,1024,64112_x02560_y01024.png,64112_x02560_y01024.png,64112_x02560_y01024.tif,0.0,0
64112,3072,1024,64112_x03072_y01024.png,64112_x03072_y01024.png,64112_x03072_y01024.tif,0.0,0
64112,3584,1024,64112_x03584_y01024.png,64112_x03584_y01024.png,64112_x03584_y01024.tif,0.0,0
64112,4096,1024,64112_x04096_y01024.png,64112_x04096_y01024.png,64112_x04096_y01024.tif,0.0,0
64112,0,1536,64112_x00000_y01536.png,64112_x00000_y01536.png,64112_x00000_y01536.tif,0.0,0
64112,512,1536,64112_x00512_y01536.png,64112_x00512_y01536.png,64112_x00512_y01536.tif,0.0,0
64112,1024,1536,64112_x01024_y01536.png,64112_x01024_y01536.png,64112_x01024_y01536.tif,0.0,0
64112,1536,1536,64112_x01536_y01536.png,64112_x01536_y01536.png,64112_x01536_y01536.tif,0.0,0
64112,2048,1536,64112_x02048_y01536.png,64112_x02048_y01536.png,64112_x02048_y01536.tif,0.0,0
64112,2560,1536,64112_x02560_y01536.png,64112_x02560_y01536.png,64112_x02560_y01536.tif,0.0,0
64112,3072,1536,64112_x03072_y01536.png,64112_x03072_y01536.png,64112_x03072_y01536.tif,0.0,0
64112,3584,1536,64112_x03584_y01536.png,64112_x03584_y01536.png,64112_x03584_y01536.tif,0.0,0
64112,4096,1536,64112_x04096_y01536.png,64112_x04096_y01536.png,64112_x04096_y01536.tif,0.0,0
64112,0,2048,64112_x00000_y02048.png,64112_x00000_y02048.png,64112_x00000_y02048.tif,0.0,0
64112,512,2048,64112_x00512_y02048.png,64112_x00512_y02048.png,64112_x00512_y02048.tif,0.0,0
64112,1024,2048,64112_x01024_y02048.png,64112_x01024_y02048.png,64112_x01024_y02048.tif,0.0,0
64112,1536,2048,64112_x01536_y02048.png,64112_x01536_y02048.png,64112_x01536_y02048.tif,0.0,0
64112,2048,2048,64112_x02048_y02048.png,64112_x02048_y02048.png,64112_x02048_y02048.tif,0.0,0
64112,2560,2048,64112_x02560_y02048.png,64112_x02560_y02048.png,64112_x02560_y02048.tif,0.0,0
64112,3072,2048,64112_x03072_y02048.png,64112_x03072_y02048.png,64112_x03072_y02048.tif,0.0,0
64112,3584,2048,64112_x03584_y02048.png,64112_x03584_y02048.png,64112_x03584_y02048.tif,0.0,0
64112,4096,2048,64112_x04096_y02048.png,64112_x04096_y02048.png,64112_x04096_y02048.tif,0.0,0
64112,0,2560,64112_x00000_y02560.png,64112_x00000_y02560.png,64112_x00000_y02560.tif,0.0,0
64112,512,2560,64112_x00512_y02560.png,64112_x00512_y02560.png,64112_x00512_y02560.tif,0.0,0
64112,1024,2560,64112_x01024_y02560.png,64112_x01024_y02560.png,64112_x01024_y02560.tif,0.0,0
64112,1536,2560,64112_x01536_y02560.png,64112_x01536_y02560.png,64112_x01536_y02560.tif,0.0,0
64112,2048,2560,64112_x02048_y02560.png,64112_x02048_y02560.png,64112_x02048_y02560.tif,0.0,0
64112,2560,2560,64112_x02560_y02560.png,64112_x02560_y02560.png,64112_x02560_y02560.tif,0.0,0
64112,3072,2560,64112_x03072_y02560.png,64112_x03072_y02560.png,64112_x03072_y02560.tif,0.0,0
64112,3584,2560,64112_x03584_y02560.png,64112_x03584_y02560.png,64112_x03584_y02560.tif,0.0,0
64112,4096,2560,64112_x04096_y02560.png,64112_x04096_y02560.png,64112_x04096_y02560.tif,0.0,0
64112,0,3072,64112_x00000_y03072.png,64112_x00000_y03072.png,64112_x00000_y03072.tif,0.0,0
64112,512,3072,64112_x00512_y03072.png,64112_x00512_y03072.png,64112_x00512_y03072.tif,0.0,0
64112,1024,3072,64112_x01024_y03072.png,64112_x01024_y03072.png,64112_x01024_y03072.tif,0.0,0
64112,1536,3072,64112_x01536_y03072.png,64112_x01536_y03072.png,64112_x01536_y03072.tif,0.0,0
64112,2048,3072,64112_x02048_y03072.png,64112_x02048_y03072.png,64112_x02048_y03072.tif,0.0,0
64112,2560,3072,64112_x02560_y03072.png,64112_x02560_y03072.png,64112_x02560_y03072.tif,0.000354766845703125,93
64112,3072,3072,64112_x03072_y03072.png,64112_x03072_y03072.png,64112_x03072_y03072.tif,0.0,0
64112,3584,3072,64112_x03584_y03072.png,64112_x03584_y03072.png,64112_x03584_y03072.tif,0.0,0
64112,4096,3072,64112_x04096_y03072.png,64112_x04096_y03072.png,64112_x04096_y03072.tif,0.0,0
64112,0,3584,64112_x00000_y03584.png,64112_x00000_y03584.png,64112_x00000_y03584.tif,0.0,0
64112,512,3584,64112_x00512_y03584.png,64112_x00512_y03584.png,64112_x00512_y03584.tif,0.0,0
64112,1024,3584,64112_x01024_y03584.png,64112_x01024_y03584.png,64112_x01024_y03584.tif,0.0,0
64112,1536,3584,64112_x01536_y03584.png,64112_x01536_y03584.png,64112_x01536_y03584.tif,0.0,0
64112,2048,3584,64112_x02048_y03584.png,64112_x02048_y03584.png,64112_x02048_y03584.tif,0.0,0
64112,2560,3584,64112_x02560_y03584.png,64112_x02560_y03584.png,64112_x02560_y03584.tif,0.04116058349609375,10790
64112,3072,3584,64112_x03072_y03584.png,64112_x03072_y03584.png,64112_x03072_y03584.tif,0.0,0
64112,3584,3584,64112_x03584_y03584.png,64112_x03584_y03584.png,64112_x03584_y03584.tif,0.0,0
64112,4096,3584,64112_x04096_y03584.png,64112_x04096_y03584.png,64112_x04096_y03584.tif,0.0,0
64112,0,4096,64112_x00000_y04096.png,64112_x00000_y04096.png,64112_x00000_y04096.tif,0.0,0
64112,512,4096,64112_x00512_y04096.png,64112_x00512_y04096.png,64112_x00512_y04096.tif,0.0,0
64112,1024,4096,64112_x01024_y04096.png,64112_x01024_y04096.png,64112_x01024_y04096.tif,0.0,0
64112,1536,4096,64112_x01536_y04096.png,64112_x01536_y04096.png,64112_x01536_y04096.tif,0.0,0
64112,2048,4096,64112_x02048_y04096.png,64112_x02048_y04096.png,64112_x02048_y04096.tif,0.0,0
64112,2560,4096,64112_x02560_y04096.png,64112_x02560_y04096.png,64112_x02560_y04096.tif,0.0,0
64112,3072,4096,64112_x03072_y04096.png,64112_x03072_y04096.png,64112_x03072_y04096.tif,0.0,0
64112,3584,4096,64112_x03584_y04096.png,64112_x03584_y04096.png,64112_x03584_y04096.tif,0.0,0
64112,4096,4096,64112_x04096_y04096.png,64112_x04096_y04096.png,64112_x04096_y04096.tif,0.0,0
63431,0,0,63431_x00000_y00000.png,63431_x00000_y00000.png,63431_x00000_y00000.tif,0.0,0
63431,512,0,63431_x00512_y00000.png,63431_x00512_y00000.png,63431_x00512_y00000.tif,0.0,0
63431,1024,0,63431_x01024_y00000.png,63431_x01024_y00000.png,63431_x01024_y00000.tif,0.0,0
63431,1536,0,63431_x01536_y00000.png,63431_x01536_y00000.png,63431_x01536_y00000.tif,0.0,0
63431,2048,0,63431_x02048_y00000.png,63431_x02048_y00000.png,63431_x02048_y00000.tif,0.0,0
63431,2560,0,63431_x02560_y00000.png,63431_x02560_y00000.png,63431_x02560_y00000.tif,0.0,0
63431,3072,0,63431_x03072_y00000.png,63431_x03072_y00000.png,63431_x03072_y00000.tif,0.0,0
63431,3584,0,63431_x03584_y00000.png,63431_x03584_y00000.png,63431_x03584_y00000.tif,0.0,0
63431,4096,0,63431_x04096_y00000.png,63431_x04096_y00000.png,63431_x04096_y00000.tif,0.0,0
63431,0,512,63431_x00000_y00512.png,63431_x00000_y00512.png,63431_x00000_y00512.tif,0.0,0
63431,512,512,63431_x00512_y00512.png,63431_x00512_y00512.png,63431_x00512_y00512.tif,0.0,0
63431,1024,512,63431_x01024_y00512.png,63431_x01024_y00512.png,63431_x01024_y00512.tif,0.0,0
63431,1536,512,63431_x01536_y00512.png,63431_x01536_y00512.png,63431_x01536_y00512.tif,0.0,0
63431,2048,512,63431_x02048_y00512.png,63431_x02048_y00512.png,63431_x02048_y00512.tif,0.0,0
63431,2560,512,63431_x02560_y00512.png,63431_x02560_y00512.png,63431_x02560_y00512.tif,0.0,0
63431,3072,512,63431_x03072_y00512.png,63431_x03072_y00512.png,63431_x03072_y00512.tif,0.0,0
63431,3584,512,63431_x03584_y00512.png,63431_x03584_y00512.png,63431_x03584_y00512.tif,0.0,0
63431,4096,512,63431_x04096_y00512.png,63431_x04096_y00512.png,63431_x04096_y00512.tif,0.0,0
63431,0,1024,63431_x00000_y01024.png,63431_x00000_y01024.png,63431_x00000_y01024.tif,0.0,0
63431,512,1024,63431_x00512_y01024.png,63431_x00512_y01024.png,63431_x00512_y01024.tif,0.0,0
63431,1024,1024,63431_x01024_y01024.png,63431_x01024_y01024.png,63431_x01024_y01024.tif,0.0,0
63431,1536,1024,63431_x01536_y01024.png,63431_x01536_y01024.png,63431_x01536_y01024.tif,0.0,0
63431,2048,1024,63431_x02048_y01024.png,63431_x02048_y01024.png,63431_x02048_y01024.tif,0.0,0
63431,2560,1024,63431_x02560_y01024.png,63431_x02560_y01024.png,63431_x02560_y01024.tif,0.0,0
63431,3072,1024,63431_x03072_y01024.png,63431_x03072_y01024.png,63431_x03072_y01024.tif,0.0,0
63431,3584,1024,63431_x03584_y01024.png,63431_x03584_y01024.png,63431_x03584_y01024.tif,0.0,0
63431,4096,1024,63431_x04096_y01024.png,63431_x04096_y01024.png,63431_x04096_y01024.tif,0.0,0
63431,0,1536,63431_x00000_y01536.png,63431_x00000_y01536.png,63431_x00000_y01536.tif,0.0,0
63431,512,1536,63431_x00512_y01536.png,63431_x00512_y01536.png,63431_x00512_y01536.tif,0.0,0
63431,1024,1536,63431_x01024_y01536.png,63431_x01024_y01536.png,63431_x01024_y01536.tif,0.0,0
63431,1536,1536,63431_x01536_y01536.png,63431_x01536_y01536.png,63431_x01536_y01536.tif,0.0,0
63431,2048,1536,63431_x02048_y01536.png,63431_x02048_y01536.png,63431_x02048_y01536.tif,0.0,0
63431,2560,1536,63431_x02560_y01536.png,63431_x02560_y01536.png,63431_x02560_y01536.tif,0.0,0
63431,3072,1536,63431_x03072_y01536.png,63431_x03072_y01536.png,63431_x03072_y01536.tif,0.0,0
63431,3584,1536,63431_x03584_y01536.png,63431_x03584_y01536.png,63431_x03584_y01536.tif,0.0,0
63431,4096,1536,63431_x04096_y01536.png,63431_x04096_y01536.png,63431_x04096_y01536.tif,0.0,0
63431,0,2048,63431_x00000_y02048.png,63431_x00000_y02048.png,63431_x00000_y02048.tif,0.0,0
63431,512,2048,63431_x00512_y02048.png,63431_x00512_y02048.png,63431_x00512_y02048.tif,0.0,0
63431,1024,2048,63431_x01024_y02048.png,63431_x01024_y02048.png,63431_x01024_y02048.tif,0.0,0
63431,1536,2048,63431_x01536_y02048.png,63431_x01536_y02048.png,63431_x01536_y02048.tif,0.0,0
63431,2048,2048,63431_x02048_y02048.png,63431_x02048_y02048.png,63431_x02048_y02048.tif,0.0,0
63431,2560,2048,63431_x02560_y02048.png,63431_x02560_y02048.png,63431_x02560_y02048.tif,0.0,0
63431,3072,2048,63431_x03072_y02048.png,63431_x03072_y02048.png,63431_x03072_y02048.tif,0.0,0
63431,3584,2048,63431_x03584_y02048.png,63431_x03584_y02048.png,63431_x03584_y02048.tif,0.0,0
63431,4096,2048,63431_x04096_y02048.png,63431_x04096_y02048.png,63431_x04096_y02048.tif,0.0,0
63431,0,2560,63431_x00000_y02560.png,63431_x00000_y02560.png,63431_x00000_y02560.tif,0.0,0
63431,512,2560,63431_x00512_y02560.png,63431_x00512_y02560.png,63431_x00512_y02560.tif,0.0,0
63431,1024,2560,63431_x01024_y02560.png,63431_x01024_y02560.png,63431_x01024_y02560.tif,0.0,0
63431,1536,2560,63431_x01536_y02560.png,63431_x01536_y02560.png,63431_x01536_y02560.tif,0.0,0
63431,2048,2560,63431_x02048_y02560.png,63431_x02048_y02560.png,63431_x02048_y02560.tif,0.0,0
63431,2560,2560,63431_x02560_y02560.png,63431_x02560_y02560.png,63431_x02560_y02560.tif,0.0,0
63431,3072,2560,63431_x03072_y02560.png,63431_x03072_y02560.png,63431_x03072_y02560.tif,0.0,0
63431,3584,2560,63431_x03584_y02560.png,63431_x03584_y02560.png,63431_x03584_y02560.tif,0.0,0
63431,4096,2560,63431_x04096_y02560.png,63431_x04096_y02560.png,63431_x04096_y02560.tif,0.0,0
63431,0,3072,63431_x00000_y03072.png,63431_x00000_y03072.png,63431_x00000_y03072.tif,0.10126876831054688,26547
63431,512,3072,63431_x00512_y03072.png,63431_x00512_y03072.png,63431_x00512_y03072.tif,0.0,0
63431,1024,3072,63431_x01024_y03072.png,63431_x01024_y03072.png,63431_x01024_y03072.tif,0.0,0
63431,1536,3072,63431_x01536_y03072.png,63431_x01536_y03072.png,63431_x01536_y03072.tif,0.0,0
63431,2048,3072,63431_x02048_y03072.png,63431_x02048_y03072.png,63431_x02048_y03072.tif,0.0,0
63431,2560,3072,63431_x02560_y03072.png,63431_x02560_y03072.png,63431_x02560_y03072.tif,0.0,0
63431,3072,3072,63431_x03072_y03072.png,63431_x03072_y03072.png,63431_x03072_y03072.tif,0.0,0
63431,3584,3072,63431_x03584_y03072.png,63431_x03584_y03072.png,63431_x03584_y03072.tif,0.0,0
63431,4096,3072,63431_x04096_y03072.png,63431_x04096_y03072.png,63431_x04096_y03072.tif,0.0,0
63431,0,3584,63431_x00000_y03584.png,63431_x00000_y03584.png,63431_x00000_y03584.tif,0.046703338623046875,12243
63431,512,3584,63431_x00512_y03584.png,63431_x00512_y03584.png,63431_x00512_y03584.tif,0.0,0
63431,1024,3584,63431_x01024_y03584.png,63431_x01024_y03584.png,63431_x01024_y03584.tif,0.0,0
63431,1536,3584,63431_x01536_y03584.png,63431_x01536_y03584.png,63431_x01536_y03584.tif,0.0,0
63431,2048,3584,63431_x02048_y03584.png,63431_x02048_y03584.png,63431_x02048_y03584.tif,0.0,0
63431,2560,3584,63431_x02560_y03584.png,63431_x02560_y03584.png,63431_x02560_y03584.tif,0.0,0
63431,3072,3584,63431_x03072_y03584.png,63431_x03072_y03584.png,63431_x03072_y03584.tif,0.0,0
63431,3584,3584,63431_x03584_y03584.png,63431_x03584_y03584.png,63431_x03584_y03584.tif,0.0,0
63431,4096,3584,63431_x04096_y03584.png,63431_x04096_y03584.png,63431_x04096_y03584.tif,0.0,0
63431,0,4096,63431_x00000_y04096.png,63431_x00000_y04096.png,63431_x00000_y04096.tif,0.0,0
63431,512,4096,63431_x00512_y04096.png,63431_x00512_y04096.png,63431_x00512_y04096.tif,0.0,0
63431,1024,4096,63431_x01024_y04096.png,63431_x01024_y04096.png,63431_x01024_y04096.tif,0.0,0
63431,1536,4096,63431_x01536_y04096.png,63431_x01536_y04096.png,63431_x01536_y04096.tif,0.0,0
63431,2048,4096,63431_x02048_y04096.png,63431_x02048_y04096.png,63431_x02048_y04096.tif,0.0,0
63431,2560,4096,63431_x02560_y04096.png,63431_x02560_y04096.png,63431_x02560_y04096.tif,0.0,0
63431,3072,4096,63431_x03072_y04096.png,63431_x03072_y04096.png,63431_x03072_y04096.tif,0.0,0
63431,3584,4096,63431_x03584_y04096.png,63431_x03584_y04096.png,63431_x03584_y04096.tif,0.0,0
63431,4096,4096,63431_x04096_y04096.png,63431_x04096_y04096.png,63431_x04096_y04096.tif,0.0,0
52722,0,0,52722_x00000_y00000.png,52722_x00000_y00000.png,52722_x00000_y00000.tif,0.0,0
52722,512,0,52722_x00512_y00000.png,52722_x00512_y00000.png,52722_x00512_y00000.tif,0.0,0
52722,1024,0,52722_x01024_y00000.png,52722_x01024_y00000.png,52722_x01024_y00000.tif,0.0,0
52722,1536,0,52722_x01536_y00000.png,52722_x01536_y00000.png,52722_x01536_y00000.tif,0.0,0
52722,2048,0,52722_x02048_y00000.png,52722_x02048_y00000.png,52722_x02048_y00000.tif,0.0,0
52722,2560,0,52722_x02560_y00000.png,52722_x02560_y00000.png,52722_x02560_y00000.tif,0.0,0
52722,3072,0,52722_x03072_y00000.png,52722_x03072_y00000.png,52722_x03072_y00000.tif,0.0,0
52722,3584,0,52722_x03584_y00000.png,52722_x03584_y00000.png,52722_x03584_y00000.tif,0.0,0
52722,4096,0,52722_x04096_y00000.png,52722_x04096_y00000.png,52722_x04096_y00000.tif,0.0,0
52722,0,512,52722_x00000_y00512.png,52722_x00000_y00512.png,52722_x00000_y00512.tif,0.0,0
52722,512,512,52722_x00512_y00512.png,52722_x00512_y00512.png,52722_x00512_y00512.tif,0.0,0
52722,1024,512,52722_x01024_y00512.png,52722_x01024_y00512.png,52722_x01024_y00512.tif,0.0,0
52722,1536,512,52722_x01536_y00512.png,52722_x01536_y00512.png,52722_x01536_y00512.tif,0.0,0
52722,2048,512,52722_x02048_y00512.png,52722_x02048_y00512.png,52722_x02048_y00512.tif,0.0,0
52722,2560,512,52722_x02560_y00512.png,52722_x02560_y00512.png,52722_x02560_y00512.tif,0.0,0
52722,3072,512,52722_x03072_y00512.png,52722_x03072_y00512.png,52722_x03072_y00512.tif,0.0,0
52722,3584,512,52722_x03584_y00512.png,52722_x03584_y00512.png,52722_x03584_y00512.tif,0.0,0
52722,4096,512,52722_x04096_y00512.png,52722_x04096_y00512.png,52722_x04096_y00512.tif,0.0,0
52722,0,1024,52722_x00000_y01024.png,52722_x00000_y01024.png,52722_x00000_y01024.tif,0.0,0
52722,512,1024,52722_x00512_y01024.png,52722_x00512_y01024.png,52722_x00512_y01024.tif,0.0,0
52722,1024,1024,52722_x01024_y01024.png,52722_x01024_y01024.png,52722_x01024_y01024.tif,0.0,0
52722,1536,1024,52722_x01536_y01024.png,52722_x01536_y01024.png,52722_x01536_y01024.tif,0.0,0
52722,2048,1024,52722_x02048_y01024.png,52722_x02048_y01024.png,52722_x02048_y01024.tif,0.0,0
52722,2560,1024,52722_x02560_y01024.png,52722_x02560_y01024.png,52722_x02560_y01024.tif,0.0,0
52722,3072,1024,52722_x03072_y01024.png,52722_x03072_y01024.png,52722_x03072_y01024.tif,0.0,0
52722,3584,1024,52722_x03584_y01024.png,52722_x03584_y01024.png,52722_x03584_y01024.tif,0.0,0
52722,4096,1024,52722_x04096_y01024.png,52722_x04096_y01024.png,52722_x04096_y01024.tif,0.0492095947265625,12900
52722,0,1536,52722_x00000_y01536.png,52722_x00000_y01536.png,52722_x00000_y01536.tif,0.0,0
52722,512,1536,52722_x00512_y01536.png,52722_x00512_y01536.png,52722_x00512_y01536.tif,0.0,0
52722,1024,1536,52722_x01024_y01536.png,52722_x01024_y01536.png,52722_x01024_y01536.tif,0.0,0
52722,1536,1536,52722_x01536_y01536.png,52722_x01536_y01536.png,52722_x01536_y01536.tif,0.0,0
52722,2048,1536,52722_x02048_y01536.png,52722_x02048_y01536.png,52722_x02048_y01536.tif,0.0,0
52722,2560,1536,52722_x02560_y01536.png,52722_x02560_y01536.png,52722_x02560_y01536.tif,0.0,0
52722,3072,1536,52722_x03072_y01536.png,52722_x03072_y01536.png,52722_x03072_y01536.tif,0.0,0
52722,3584,1536,52722_x03584_y01536.png,52722_x03584_y01536.png,52722_x03584_y01536.tif,0.0,0
52722,4096,1536,52722_x04096_y01536.png,52722_x04096_y01536.png,52722_x04096_y01536.tif,0.0,0
52722,0,2048,52722_x00000_y02048.png,52722_x00000_y02048.png,52722_x00000_y02048.tif,0.0,0
52722,512,2048,52722_x00512_y02048.png,52722_x00512_y02048.png,52722_x00512_y02048.tif,0.0,0
52722,1024,2048,52722_x01024_y02048.png,52722_x01024_y02048.png,52722_x01024_y02048.tif,0.0,0
52722,1536,2048,52722_x01536_y02048.png,52722_x01536_y02048.png,52722_x01536_y02048.tif,0.0,0
52722,2048,2048,52722_x02048_y02048.png,52722_x02048_y02048.png,52722_x02048_y02048.tif,0.0,0
52722,2560,2048,52722_x02560_y02048.png,52722_x02560_y02048.png,52722_x02560_y02048.tif,0.0,0
52722,3072,2048,52722_x03072_y02048.png,52722_x03072_y02048.png,52722_x03072_y02048.tif,0.0,0
52722,3584,2048,52722_x03584_y02048.png,52722_x03584_y02048.png,52722_x03584_y02048.tif,0.0,0
52722,4096,2048,52722_x04096_y02048.png,52722_x04096_y02048.png,52722_x04096_y02048.tif,0.0,0
52722,0,2560,52722_x00000_y02560.png,52722_x00000_y02560.png,52722_x00000_y02560.tif,0.0,0
52722,512,2560,52722_x00512_y02560.png,52722_x00512_y02560.png,52722_x00512_y02560.tif,0.0,0
52722,1024,2560,52722_x01024_y02560.png,52722_x01024_y02560.png,52722_x01024_y02560.tif,0.0,0
52722,1536,2560,52722_x01536_y02560.png,52722_x01536_y02560.png,52722_x01536_y02560.tif,0.0,0
52722,2048,2560,52722_x02048_y02560.png,52722_x02048_y02560.png,52722_x02048_y02560.tif,0.0,0
52722,2560,2560,52722_x02560_y02560.png,52722_x02560_y02560.png,52722_x02560_y02560.tif,0.0,0
52722,3072,2560,52722_x03072_y02560.png,52722_x03072_y02560.png,52722_x03072_y02560.tif,0.0,0
52722,3584,2560,52722_x03584_y02560.png,52722_x03584_y02560.png,52722_x03584_y02560.tif,0.0,0
52722,4096,2560,52722_x04096_y02560.png,52722_x04096_y02560.png,52722_x04096_y02560.tif,0.0,0
52722,0,3072,52722_x00000_y03072.png,52722_x00000_y03072.png,52722_x00000_y03072.tif,0.0,0
52722,512,3072,52722_x00512_y03072.png,52722_x00512_y03072.png,52722_x00512_y03072.tif,0.0,0
52722,1024,3072,52722_x01024_y03072.png,52722_x01024_y03072.png,52722_x01024_y03072.tif,0.0,0
52722,1536,3072,52722_x01536_y03072.png,52722_x01536_y03072.png,52722_x01536_y03072.tif,0.0,0
52722,2048,3072,52722_x02048_y03072.png,52722_x02048_y03072.png,52722_x02048_y03072.tif,0.0,0
52722,2560,3072,52722_x02560_y03072.png,52722_x02560_y03072.png,52722_x02560_y03072.tif,0.0,0
52722,3072,3072,52722_x03072_y03072.png,52722_x03072_y03072.png,52722_x03072_y03072.tif,0.0,0
52722,3584,3072,52722_x03584_y03072.png,52722_x03584_y03072.png,52722_x03584_y03072.tif,0.0,0
52722,4096,3072,52722_x04096_y03072.png,52722_x04096_y03072.png,52722_x04096_y03072.tif,0.0,0
52722,0,3584,52722_x00000_y03584.png,52722_x00000_y03584.png,52722_x00000_y03584.tif,0.0,0
52722,512,3584,52722_x00512_y03584.png,52722_x00512_y03584.png,52722_x00512_y03584.tif,0.0,0
52722,1024,3584,52722_x01024_y03584.png,52722_x01024_y03584.png,52722_x01024_y03584.tif,0.0,0
52722,1536,3584,52722_x01536_y03584.png,52722_x01536_y03584.png,52722_x01536_y03584.tif,0.0,0
52722,2048,3584,52722_x02048_y03584.png,52722_x02048_y03584.png,52722_x02048_y03584.tif,0.0,0
52722,2560,3584,52722_x02560_y03584.png,52722_x02560_y03584.png,52722_x02560_y03584.tif,0.0,0
52722,3072,3584,52722_x03072_y03584.png,52722_x03072_y03584.png,52722_x03072_y03584.tif,0.0,0
52722,3584,3584,52722_x03584_y03584.png,52722_x03584_y03584.png,52722_x03584_y03584.tif,0.0,0
52722,4096,3584,52722_x04096_y03584.png,52722_x04096_y03584.png,52722_x04096_y03584.tif,0.0,0
52722,0,4096,52722_x00000_y04096.png,52722_x00000_y04096.png,52722_x00000_y04096.tif,0.0,0
52722,512,4096,52722_x00512_y04096.png,52722_x00512_y04096.png,52722_x00512_y04096.tif,0.0,0
52722,1024,4096,52722_x01024_y04096.png,52722_x01024_y04096.png,52722_x01024_y04096.tif,0.0,0
52722,1536,4096,52722_x01536_y04096.png,52722_x01536_y04096.png,52722_x01536_y04096.tif,0.0,0
52722,2048,4096,52722_x02048_y04096.png,52722_x02048_y04096.png,52722_x02048_y04096.tif,0.0,0
52722,2560,4096,52722_x02560_y04096.png,52722_x02560_y04096.png,52722_x02560_y04096.tif,0.0,0
52722,3072,4096,52722_x03072_y04096.png,52722_x03072_y04096.png,52722_x03072_y04096.tif,0.0,0
52722,3584,4096,52722_x03584_y04096.png,52722_x03584_y04096.png,52722_x03584_y04096.tif,0.0,0
52722,4096,4096,52722_x04096_y04096.png,52722_x04096_y04096.png,52722_x04096_y04096.tif,0.0,0
